year,flow,cmd_code,cmd_desc,partner_iso3,partner,value_usd
2000,M,10,Cereales (trigo),ARG,Argentina,23724428.0
2000,M,10,Cereales (trigo),BRA,Brasil,5212888.0
2000,M,10,Cereales (trigo),ROW,Resto del mundo,14475920.0
2000,M,10,Cereales (trigo),USA,Estados Unidos,11486764.0
2000,M,27,"Combustibles (diesel, gasolinas)",ARG,Argentina,43192168.0
2000,M,27,"Combustibles (diesel, gasolinas)",CHL,Chile,53300906.0
2000,M,27,"Combustibles (diesel, gasolinas)",PER,Peru,22184508.0
2000,M,27,"Combustibles (diesel, gasolinas)",ROW,Resto del mundo,71569127.0
2000,M,27,"Combustibles (diesel, gasolinas)",USA,Estados Unidos,47653291.0
2000,M,30,Productos farmaceuticos,ARG,Argentina,9279095.0
2000,M,30,Productos farmaceuticos,CHN,China,10600934.0
2000,M,30,Productos farmaceuticos,DEU,Alemania,10424616.0
2000,M,30,Productos farmaceuticos,ROW,Resto del mundo,44745242.0
2000,M,30,Productos farmaceuticos,USA,Estados Unidos,16450112.0
2000,M,31,Abonos (fertilizantes),CHN,China,15318694.0
2000,M,31,Abonos (fertilizantes),ROW,Resto del mundo,39283826.0
2000,M,31,Abonos (fertilizantes),RUS,Rusia,10352619.0
2000,M,31,Abonos (fertilizantes),USA,Estados Unidos,8244861.0
2000,M,39,Plasticos y sus manufacturas,BRA,Brasil,28448012.0
2000,M,39,Plasticos y sus manufacturas,CHN,China,33932841.0
2000,M,39,Plasticos y sus manufacturas,ROW,Resto del mundo,52705226.0
2000,M,39,Plasticos y sus manufacturas,USA,Estados Unidos,13013921.0
2000,M,72,"Fundicion, hierro y acero",BRA,Brasil,31618794.0
2000,M,72,"Fundicion, hierro y acero",CHN,China,40972944.0
2000,M,72,"Fundicion, hierro y acero",PER,Peru,11873827.0
2000,M,72,"Fundicion, hierro y acero",ROW,Resto del mundo,43634434.0
2000,M,84,Maquinas y aparatos mecanicos,BRA,Brasil,62806417.0
2000,M,84,Maquinas y aparatos mecanicos,CHN,China,95950778.0
2000,M,84,Maquinas y aparatos mecanicos,DEU,Alemania,28970917.0
2000,M,84,Maquinas y aparatos mecanicos,ROW,Resto del mundo,91095940.0
2000,M,84,Maquinas y aparatos mecanicos,USA,Estados Unidos,50575949.0
2000,M,85,Maquinas y material electrico,BRA,Brasil,24807954.0
2000,M,85,Maquinas y material electrico,CHN,China,87429322.0
2000,M,85,Maquinas y material electrico,ROW,Resto del mundo,84492590.0
2000,M,85,Maquinas y material electrico,USA,Estados Unidos,22870134.0
2000,M,87,Vehiculos automoviles y partes,BRA,Brasil,37511595.0
2000,M,87,Vehiculos automoviles y partes,CHN,China,68974734.0
2000,M,87,Vehiculos automoviles y partes,JPN,Japon,48269657.0
2000,M,87,Vehiculos automoviles y partes,ROW,Resto del mundo,78278897.0
2000,M,87,Vehiculos automoviles y partes,USA,Estados Unidos,23165117.0
2000,M,99,Otros productos no especificados,BRA,Brasil,52653788.0
2000,M,99,Otros productos no especificados,CHN,China,61659771.0
2000,M,99,Otros productos no especificados,PER,Peru,31564631.0
2000,M,99,Otros productos no especificados,ROW,Resto del mundo,133841497.0
2000,M,99,Otros productos no especificados,USA,Estados Unidos,31380312.0
2000,X,02,Carnes (bovina),CHN,China,3383882.0
2000,X,02,Carnes (bovina),ECU,Ecuador,242484.0
2000,X,02,Carnes (bovina),PER,Peru,433287.0
2000,X,02,Carnes (bovina),ROW,Resto del mundo,695494.0
2000,X,08,Frutas y frutos (castania / nuez del Brasil),ARG,Argentina,173732.0
2000,X,08,Frutas y frutos (castania / nuez del Brasil),CAN,Canada,202934.0
2000,X,08,Frutas y frutos (castania / nuez del Brasil),ESP,Espania,2332350.0
2000,X,08,Frutas y frutos (castania / nuez del Brasil),GBR,Reino Unido,4914121.0
2000,X,08,Frutas y frutos (castania / nuez del Brasil),KOR,Corea del Sur,148631.0
2000,X,08,Frutas y frutos (castania / nuez del Brasil),NLD,Paises Bajos,4426017.0
2000,X,08,Frutas y frutos (castania / nuez del Brasil),ROW,Resto del mundo,8878915.0
2000,X,08,Frutas y frutos (castania / nuez del Brasil),USA,Estados Unidos,3138252.0
2000,X,12,Semillas oleaginosas (grano de soya),ARG,Argentina,6682325.0
2000,X,12,Semillas oleaginosas (grano de soya),BRA,Brasil,448742.0
2000,X,12,Semillas oleaginosas (grano de soya),CAN,Canada,101349.0
2000,X,12,Semillas oleaginosas (grano de soya),CHE,Suiza,169487.0
2000,X,12,Semillas oleaginosas (grano de soya),COL,Colombia,7676739.0
2000,X,12,Semillas oleaginosas (grano de soya),PER,Peru,7131698.0
2000,X,12,Semillas oleaginosas (grano de soya),ROW,Resto del mundo,14112011.0
2000,X,15,Grasas y aceites (aceite de soya),ARG,Argentina,147859.0
2000,X,15,Grasas y aceites (aceite de soya),BEL,Belgica,377189.0
2000,X,15,Grasas y aceites (aceite de soya),CHL,Chile,6857117.0
2000,X,15,Grasas y aceites (aceite de soya),CHN,China,169332.0
2000,X,15,Grasas y aceites (aceite de soya),COL,Colombia,15200315.0
2000,X,15,Grasas y aceites (aceite de soya),ECU,Ecuador,8914131.0
2000,X,15,Grasas y aceites (aceite de soya),GBR,Reino Unido,134805.0
2000,X,15,Grasas y aceites (aceite de soya),KOR,Corea del Sur,123587.0
2000,X,15,Grasas y aceites (aceite de soya),NLD,Paises Bajos,114485.0
2000,X,15,Grasas y aceites (aceite de soya),PER,Peru,14632361.0
2000,X,15,Grasas y aceites (aceite de soya),ROW,Resto del mundo,14421799.0
2000,X,23,Residuos de la industria alimentaria (torta de soya),ARG,Argentina,393980.0
2000,X,23,Residuos de la industria alimentaria (torta de soya),BEL,Belgica,311872.0
2000,X,23,Residuos de la industria alimentaria (torta de soya),BRA,Brasil,175758.0
2000,X,23,Residuos de la industria alimentaria (torta de soya),CHE,Suiza,420188.0
2000,X,23,Residuos de la industria alimentaria (torta de soya),CHL,Chile,10199005.0
2000,X,23,Residuos de la industria alimentaria (torta de soya),COL,Colombia,39608598.0
2000,X,23,Residuos de la industria alimentaria (torta de soya),ECU,Ecuador,21767330.0
2000,X,23,Residuos de la industria alimentaria (torta de soya),ESP,Espania,440491.0
2000,X,23,Residuos de la industria alimentaria (torta de soya),GBR,Reino Unido,528715.0
2000,X,23,Residuos de la industria alimentaria (torta de soya),IND,India,119955.0
2000,X,23,Residuos de la industria alimentaria (torta de soya),JPN,Japon,131872.0
2000,X,23,Residuos de la industria alimentaria (torta de soya),KOR,Corea del Sur,200759.0
2000,X,23,Residuos de la industria alimentaria (torta de soya),NLD,Paises Bajos,240171.0
2000,X,23,Residuos de la industria alimentaria (torta de soya),PER,Peru,32346820.0
2000,X,23,Residuos de la industria alimentaria (torta de soya),ROW,Resto del mundo,14957269.0
2000,X,23,Residuos de la industria alimentaria (torta de soya),RUS,Rusia,194159.0
2000,X,23,Residuos de la industria alimentaria (torta de soya),USA,Estados Unidos,1026125.0
2000,X,25,"Sal, azufre, boratos (ulexita)",BRA,Brasil,2740601.0
2000,X,25,"Sal, azufre, boratos (ulexita)",CHN,China,1502897.0
2000,X,25,"Sal, azufre, boratos (ulexita)",JPN,Japon,127697.0
2000,X,25,"Sal, azufre, boratos (ulexita)",ROW,Resto del mundo,6835818.0
2000,X,25,"Sal, azufre, boratos (ulexita)",USA,Estados Unidos,3181084.0
2000,X,26,"Minerales metaliferos (zinc, plomo, plata en concentrado)",ARE,Emiratos Arabes Unidos,390767.0
2000,X,26,"Minerales metaliferos (zinc, plomo, plata en concentrado)",ARG,Argentina,429309.0
2000,X,26,"Minerales metaliferos (zinc, plomo, plata en concentrado)",BEL,Belgica,15435536.0
2000,X,26,"Minerales metaliferos (zinc, plomo, plata en concentrado)",CAN,Canada,224299.0
2000,X,26,"Minerales metaliferos (zinc, plomo, plata en concentrado)",CHE,Suiza,404589.0
2000,X,26,"Minerales metaliferos (zinc, plomo, plata en concentrado)",CHL,Chile,147893.0
2000,X,26,"Minerales metaliferos (zinc, plomo, plata en concentrado)",CHN,China,40421929.0
2000,X,26,"Minerales metaliferos (zinc, plomo, plata en concentrado)",COL,Colombia,221691.0
2000,X,26,"Minerales metaliferos (zinc, plomo, plata en concentrado)",ECU,Ecuador,998885.0
2000,X,26,"Minerales metaliferos (zinc, plomo, plata en concentrado)",ESP,Espania,12259177.0
2000,X,26,"Minerales metaliferos (zinc, plomo, plata en concentrado)",IND,India,17767612.0
2000,X,26,"Minerales metaliferos (zinc, plomo, plata en concentrado)",JPN,Japon,31300802.0
2000,X,26,"Minerales metaliferos (zinc, plomo, plata en concentrado)",KOR,Corea del Sur,19399547.0
2000,X,26,"Minerales metaliferos (zinc, plomo, plata en concentrado)",NLD,Paises Bajos,9695929.0
2000,X,26,"Minerales metaliferos (zinc, plomo, plata en concentrado)",PER,Peru,186590.0
2000,X,26,"Minerales metaliferos (zinc, plomo, plata en concentrado)",ROW,Resto del mundo,21726696.0
2000,X,26,"Minerales metaliferos (zinc, plomo, plata en concentrado)",RUS,Rusia,1326952.0
2000,X,26,"Minerales metaliferos (zinc, plomo, plata en concentrado)",USA,Estados Unidos,151984.0
2000,X,27,Combustibles minerales (gas natural),ARG,Argentina,36212168.0
2000,X,27,Combustibles minerales (gas natural),BEL,Belgica,111388.0
2000,X,27,Combustibles minerales (gas natural),BRA,Brasil,81476005.0
2000,X,27,Combustibles minerales (gas natural),CAN,Canada,146001.0
2000,X,27,Combustibles minerales (gas natural),CHL,Chile,802841.0
2000,X,27,Combustibles minerales (gas natural),CHN,China,144318.0
2000,X,27,Combustibles minerales (gas natural),COL,Colombia,458605.0
2000,X,27,Combustibles minerales (gas natural),ECU,Ecuador,119829.0
2000,X,27,Combustibles minerales (gas natural),ESP,Espania,129226.0
2000,X,27,Combustibles minerales (gas natural),KOR,Corea del Sur,285441.0
2000,X,27,Combustibles minerales (gas natural),PER,Peru,555231.0
2000,X,27,Combustibles minerales (gas natural),ROW,Resto del mundo,1992349.0
2000,X,27,Combustibles minerales (gas natural),RUS,Rusia,233876.0
2000,X,27,Combustibles minerales (gas natural),USA,Estados Unidos,114176.0
2000,X,44,Madera y manufacturas de madera,ARG,Argentina,6467473.0
2000,X,44,Madera y manufacturas de madera,BEL,Belgica,380821.0
2000,X,44,Madera y manufacturas de madera,CHL,Chile,178036.0
2000,X,44,Madera y manufacturas de madera,CHN,China,207237.0
2000,X,44,Madera y manufacturas de madera,ESP,Espania,257246.0
2000,X,44,Madera y manufacturas de madera,KOR,Corea del Sur,107784.0
2000,X,44,Madera y manufacturas de madera,PER,Peru,4962806.0
2000,X,44,Madera y manufacturas de madera,ROW,Resto del mundo,27158258.0
2000,X,44,Madera y manufacturas de madera,USA,Estados Unidos,9083428.0
2000,X,71,"Metales y piedras preciosas (oro, plata metalica, joyeria)",ARE,Emiratos Arabes Unidos,24694890.0
2000,X,71,"Metales y piedras preciosas (oro, plata metalica, joyeria)",ARG,Argentina,285611.0
2000,X,71,"Metales y piedras preciosas (oro, plata metalica, joyeria)",BEL,Belgica,221326.0
2000,X,71,"Metales y piedras preciosas (oro, plata metalica, joyeria)",CAN,Canada,6188754.0
2000,X,71,"Metales y piedras preciosas (oro, plata metalica, joyeria)",CHE,Suiza,19305532.0
2000,X,71,"Metales y piedras preciosas (oro, plata metalica, joyeria)",CHN,China,236460.0
2000,X,71,"Metales y piedras preciosas (oro, plata metalica, joyeria)",COL,Colombia,112963.0
2000,X,71,"Metales y piedras preciosas (oro, plata metalica, joyeria)",DEU,Alemania,209599.0
2000,X,71,"Metales y piedras preciosas (oro, plata metalica, joyeria)",ECU,Ecuador,461188.0
2000,X,71,"Metales y piedras preciosas (oro, plata metalica, joyeria)",ESP,Espania,124543.0
2000,X,71,"Metales y piedras preciosas (oro, plata metalica, joyeria)",GBR,Reino Unido,942113.0
2000,X,71,"Metales y piedras preciosas (oro, plata metalica, joyeria)",IND,India,54522254.0
2000,X,71,"Metales y piedras preciosas (oro, plata metalica, joyeria)",JPN,Japon,197133.0
2000,X,71,"Metales y piedras preciosas (oro, plata metalica, joyeria)",NLD,Paises Bajos,117035.0
2000,X,71,"Metales y piedras preciosas (oro, plata metalica, joyeria)",PER,Peru,1619350.0
2000,X,71,"Metales y piedras preciosas (oro, plata metalica, joyeria)",ROW,Resto del mundo,21862769.0
2000,X,71,"Metales y piedras preciosas (oro, plata metalica, joyeria)",RUS,Rusia,511528.0
2000,X,71,"Metales y piedras preciosas (oro, plata metalica, joyeria)",USA,Estados Unidos,16143325.0
2000,X,80,Estanio y sus manufacturas,BEL,Belgica,11559626.0
2000,X,80,Estanio y sus manufacturas,BRA,Brasil,17893044.0
2000,X,80,Estanio y sus manufacturas,CAN,Canada,340943.0
2000,X,80,Estanio y sus manufacturas,COL,Colombia,494592.0
2000,X,80,Estanio y sus manufacturas,ECU,Ecuador,180254.0
2000,X,80,Estanio y sus manufacturas,ESP,Espania,164624.0
2000,X,80,Estanio y sus manufacturas,GBR,Reino Unido,100371.0
2000,X,80,Estanio y sus manufacturas,IND,India,332900.0
2000,X,80,Estanio y sus manufacturas,KOR,Corea del Sur,225338.0
2000,X,80,Estanio y sus manufacturas,NLD,Paises Bajos,11313313.0
2000,X,80,Estanio y sus manufacturas,PER,Peru,2205848.0
2000,X,80,Estanio y sus manufacturas,ROW,Resto del mundo,41319192.0
2000,X,80,Estanio y sus manufacturas,RUS,Rusia,204555.0
2000,X,80,Estanio y sus manufacturas,USA,Estados Unidos,36679244.0
2000,X,99,Otros productos no especificados,ARE,Emiratos Arabes Unidos,199712.0
2000,X,99,Otros productos no especificados,ARG,Argentina,26764065.0
2000,X,99,Otros productos no especificados,BEL,Belgica,2651268.0
2000,X,99,Otros productos no especificados,BRA,Brasil,39312683.0
2000,X,99,Otros productos no especificados,CAN,Canada,390068.0
2000,X,99,Otros productos no especificados,CHE,Suiza,210558.0
2000,X,99,Otros productos no especificados,CHL,Chile,22297917.0
2000,X,99,Otros productos no especificados,CHN,China,29595339.0
2000,X,99,Otros productos no especificados,COL,Colombia,196075.0
2000,X,99,Otros productos no especificados,DEU,Alemania,736696.0
2000,X,99,Otros productos no especificados,ECU,Ecuador,423206.0
2000,X,99,Otros productos no especificados,ESP,Espania,524342.0
2000,X,99,Otros productos no especificados,GBR,Reino Unido,165135.0
2000,X,99,Otros productos no especificados,IND,India,213412.0
2000,X,99,Otros productos no especificados,JPN,Japon,553964.0
2000,X,99,Otros productos no especificados,KOR,Corea del Sur,1179716.0
2000,X,99,Otros productos no especificados,NLD,Paises Bajos,150693.0
2000,X,99,Otros productos no especificados,PER,Peru,39963337.0
2000,X,99,Otros productos no especificados,ROW,Resto del mundo,120011004.0
2000,X,99,Otros productos no especificados,RUS,Rusia,1428683.0
2000,X,99,Otros productos no especificados,USA,Estados Unidos,60587235.0
2001,M,10,Cereales (trigo),ARG,Argentina,20639762.0
2001,M,10,Cereales (trigo),BRA,Brasil,5390670.0
2001,M,10,Cereales (trigo),ROW,Resto del mundo,14713116.0
2001,M,10,Cereales (trigo),USA,Estados Unidos,10496452.0
2001,M,27,"Combustibles (diesel, gasolinas)",ARG,Argentina,39947820.0
2001,M,27,"Combustibles (diesel, gasolinas)",CHL,Chile,53047232.0
2001,M,27,"Combustibles (diesel, gasolinas)",PER,Peru,22879743.0
2001,M,27,"Combustibles (diesel, gasolinas)",ROW,Resto del mundo,65694830.0
2001,M,27,"Combustibles (diesel, gasolinas)",USA,Estados Unidos,40470375.0
2001,M,30,Productos farmaceuticos,ARG,Argentina,7334975.0
2001,M,30,Productos farmaceuticos,CHN,China,10153438.0
2001,M,30,Productos farmaceuticos,DEU,Alemania,10578101.0
2001,M,30,Productos farmaceuticos,ROW,Resto del mundo,42158216.0
2001,M,30,Productos farmaceuticos,USA,Estados Unidos,15175269.0
2001,M,31,Abonos (fertilizantes),CHN,China,14700998.0
2001,M,31,Abonos (fertilizantes),ROW,Resto del mundo,32573692.0
2001,M,31,Abonos (fertilizantes),RUS,Rusia,12451017.0
2001,M,31,Abonos (fertilizantes),USA,Estados Unidos,8594293.0
2001,M,39,Plasticos y sus manufacturas,BRA,Brasil,25446614.0
2001,M,39,Plasticos y sus manufacturas,CHN,China,32966854.0
2001,M,39,Plasticos y sus manufacturas,ROW,Resto del mundo,46559732.0
2001,M,39,Plasticos y sus manufacturas,USA,Estados Unidos,14586800.0
2001,M,72,"Fundicion, hierro y acero",BRA,Brasil,29934089.0
2001,M,72,"Fundicion, hierro y acero",CHN,China,33439674.0
2001,M,72,"Fundicion, hierro y acero",PER,Peru,11675865.0
2001,M,72,"Fundicion, hierro y acero",ROW,Resto del mundo,44510373.0
2001,M,84,Maquinas y aparatos mecanicos,BRA,Brasil,54344786.0
2001,M,84,Maquinas y aparatos mecanicos,CHN,China,91662090.0
2001,M,84,Maquinas y aparatos mecanicos,DEU,Alemania,23510005.0
2001,M,84,Maquinas y aparatos mecanicos,ROW,Resto del mundo,92902508.0
2001,M,84,Maquinas y aparatos mecanicos,USA,Estados Unidos,45020611.0
2001,M,85,Maquinas y material electrico,BRA,Brasil,24594014.0
2001,M,85,Maquinas y material electrico,CHN,China,75963773.0
2001,M,85,Maquinas y material electrico,ROW,Resto del mundo,84058527.0
2001,M,85,Maquinas y material electrico,USA,Estados Unidos,20343686.0
2001,M,87,Vehiculos automoviles y partes,BRA,Brasil,38620113.0
2001,M,87,Vehiculos automoviles y partes,CHN,China,63184928.0
2001,M,87,Vehiculos automoviles y partes,JPN,Japon,44987914.0
2001,M,87,Vehiculos automoviles y partes,ROW,Resto del mundo,68105107.0
2001,M,87,Vehiculos automoviles y partes,USA,Estados Unidos,24221937.0
2001,M,99,Otros productos no especificados,BRA,Brasil,45330524.0
2001,M,99,Otros productos no especificados,CHN,China,55683859.0
2001,M,99,Otros productos no especificados,PER,Peru,25537686.0
2001,M,99,Otros productos no especificados,ROW,Resto del mundo,133505424.0
2001,M,99,Otros productos no especificados,USA,Estados Unidos,30302508.0
2001,X,02,Carnes (bovina),CHN,China,3304044.0
2001,X,02,Carnes (bovina),ECU,Ecuador,258035.0
2001,X,02,Carnes (bovina),PER,Peru,564600.0
2001,X,02,Carnes (bovina),ROW,Resto del mundo,816820.0
2001,X,08,Frutas y frutos (castania / nuez del Brasil),COL,Colombia,358323.0
2001,X,08,Frutas y frutos (castania / nuez del Brasil),ESP,Espania,2475951.0
2001,X,08,Frutas y frutos (castania / nuez del Brasil),GBR,Reino Unido,5054613.0
2001,X,08,Frutas y frutos (castania / nuez del Brasil),NLD,Paises Bajos,4286388.0
2001,X,08,Frutas y frutos (castania / nuez del Brasil),ROW,Resto del mundo,9081794.0
2001,X,08,Frutas y frutos (castania / nuez del Brasil),USA,Estados Unidos,3743355.0
2001,X,12,Semillas oleaginosas (grano de soya),ARE,Emiratos Arabes Unidos,124273.0
2001,X,12,Semillas oleaginosas (grano de soya),ARG,Argentina,7453229.0
2001,X,12,Semillas oleaginosas (grano de soya),CHE,Suiza,176426.0
2001,X,12,Semillas oleaginosas (grano de soya),COL,Colombia,7006081.0
2001,X,12,Semillas oleaginosas (grano de soya),ESP,Espania,237977.0
2001,X,12,Semillas oleaginosas (grano de soya),PER,Peru,7457611.0
2001,X,12,Semillas oleaginosas (grano de soya),ROW,Resto del mundo,14780140.0
2001,X,15,Grasas y aceites (aceite de soya),ARE,Emiratos Arabes Unidos,160554.0
2001,X,15,Grasas y aceites (aceite de soya),BEL,Belgica,162050.0
2001,X,15,Grasas y aceites (aceite de soya),CAN,Canada,181991.0
2001,X,15,Grasas y aceites (aceite de soya),CHL,Chile,5833114.0
2001,X,15,Grasas y aceites (aceite de soya),CHN,China,114728.0
2001,X,15,Grasas y aceites (aceite de soya),COL,Colombia,16261224.0
2001,X,15,Grasas y aceites (aceite de soya),ECU,Ecuador,9119232.0
2001,X,15,Grasas y aceites (aceite de soya),ESP,Espania,142800.0
2001,X,15,Grasas y aceites (aceite de soya),GBR,Reino Unido,232619.0
2001,X,15,Grasas y aceites (aceite de soya),JPN,Japon,179748.0
2001,X,15,Grasas y aceites (aceite de soya),NLD,Paises Bajos,111234.0
2001,X,15,Grasas y aceites (aceite de soya),PER,Peru,14913962.0
2001,X,15,Grasas y aceites (aceite de soya),ROW,Resto del mundo,14674039.0
2001,X,15,Grasas y aceites (aceite de soya),RUS,Rusia,170350.0
2001,X,23,Residuos de la industria alimentaria (torta de soya),ARG,Argentina,1379307.0
2001,X,23,Residuos de la industria alimentaria (torta de soya),BEL,Belgica,271637.0
2001,X,23,Residuos de la industria alimentaria (torta de soya),BRA,Brasil,398680.0
2001,X,23,Residuos de la industria alimentaria (torta de soya),CHL,Chile,9624979.0
2001,X,23,Residuos de la industria alimentaria (torta de soya),COL,Colombia,36762906.0
2001,X,23,Residuos de la industria alimentaria (torta de soya),DEU,Alemania,847552.0
2001,X,23,Residuos de la industria alimentaria (torta de soya),ECU,Ecuador,24537382.0
2001,X,23,Residuos de la industria alimentaria (torta de soya),GBR,Reino Unido,105259.0
2001,X,23,Residuos de la industria alimentaria (torta de soya),IND,India,177686.0
2001,X,23,Residuos de la industria alimentaria (torta de soya),KOR,Corea del Sur,487016.0
2001,X,23,Residuos de la industria alimentaria (torta de soya),PER,Peru,36065661.0
2001,X,23,Residuos de la industria alimentaria (torta de soya),ROW,Resto del mundo,13728205.0
2001,X,23,Residuos de la industria alimentaria (torta de soya),RUS,Rusia,358834.0
2001,X,23,Residuos de la industria alimentaria (torta de soya),USA,Estados Unidos,190903.0
2001,X,25,"Sal, azufre, boratos (ulexita)",BRA,Brasil,3040478.0
2001,X,25,"Sal, azufre, boratos (ulexita)",CHN,China,1623497.0
2001,X,25,"Sal, azufre, boratos (ulexita)",ROW,Resto del mundo,6018008.0
2001,X,25,"Sal, azufre, boratos (ulexita)",USA,Estados Unidos,3836233.0
2001,X,26,"Minerales metaliferos (zinc, plomo, plata en concentrado)",ARE,Emiratos Arabes Unidos,136016.0
2001,X,26,"Minerales metaliferos (zinc, plomo, plata en concentrado)",ARG,Argentina,349151.0
2001,X,26,"Minerales metaliferos (zinc, plomo, plata en concentrado)",BEL,Belgica,18194483.0
2001,X,26,"Minerales metaliferos (zinc, plomo, plata en concentrado)",BRA,Brasil,543597.0
2001,X,26,"Minerales metaliferos (zinc, plomo, plata en concentrado)",CHE,Suiza,259603.0
2001,X,26,"Minerales metaliferos (zinc, plomo, plata en concentrado)",CHL,Chile,385005.0
2001,X,26,"Minerales metaliferos (zinc, plomo, plata en concentrado)",CHN,China,35806655.0
2001,X,26,"Minerales metaliferos (zinc, plomo, plata en concentrado)",COL,Colombia,251287.0
2001,X,26,"Minerales metaliferos (zinc, plomo, plata en concentrado)",DEU,Alemania,262657.0
2001,X,26,"Minerales metaliferos (zinc, plomo, plata en concentrado)",ECU,Ecuador,183507.0
2001,X,26,"Minerales metaliferos (zinc, plomo, plata en concentrado)",ESP,Espania,13849083.0
2001,X,26,"Minerales metaliferos (zinc, plomo, plata en concentrado)",GBR,Reino Unido,727060.0
2001,X,26,"Minerales metaliferos (zinc, plomo, plata en concentrado)",IND,India,19086404.0
2001,X,26,"Minerales metaliferos (zinc, plomo, plata en concentrado)",JPN,Japon,26767146.0
2001,X,26,"Minerales metaliferos (zinc, plomo, plata en concentrado)",KOR,Corea del Sur,21524046.0
2001,X,26,"Minerales metaliferos (zinc, plomo, plata en concentrado)",NLD,Paises Bajos,11134631.0
2001,X,26,"Minerales metaliferos (zinc, plomo, plata en concentrado)",PER,Peru,520311.0
2001,X,26,"Minerales metaliferos (zinc, plomo, plata en concentrado)",ROW,Resto del mundo,23264681.0
2001,X,26,"Minerales metaliferos (zinc, plomo, plata en concentrado)",RUS,Rusia,499986.0
2001,X,26,"Minerales metaliferos (zinc, plomo, plata en concentrado)",USA,Estados Unidos,193582.0
2001,X,27,Combustibles minerales (gas natural),ARE,Emiratos Arabes Unidos,386219.0
2001,X,27,Combustibles minerales (gas natural),ARG,Argentina,52007458.0
2001,X,27,Combustibles minerales (gas natural),BEL,Belgica,160403.0
2001,X,27,Combustibles minerales (gas natural),BRA,Brasil,124120975.0
2001,X,27,Combustibles minerales (gas natural),CAN,Canada,305895.0
2001,X,27,Combustibles minerales (gas natural),CHE,Suiza,240928.0
2001,X,27,Combustibles minerales (gas natural),CHN,China,487240.0
2001,X,27,Combustibles minerales (gas natural),COL,Colombia,121428.0
2001,X,27,Combustibles minerales (gas natural),DEU,Alemania,770790.0
2001,X,27,Combustibles minerales (gas natural),ECU,Ecuador,450025.0
2001,X,27,Combustibles minerales (gas natural),ESP,Espania,452563.0
2001,X,27,Combustibles minerales (gas natural),GBR,Reino Unido,109686.0
2001,X,27,Combustibles minerales (gas natural),IND,India,454485.0
2001,X,27,Combustibles minerales (gas natural),JPN,Japon,160595.0
2001,X,27,Combustibles minerales (gas natural),KOR,Corea del Sur,824786.0
2001,X,27,Combustibles minerales (gas natural),NLD,Paises Bajos,273182.0
2001,X,27,Combustibles minerales (gas natural),PER,Peru,1089673.0
2001,X,27,Combustibles minerales (gas natural),ROW,Resto del mundo,3363045.0
2001,X,27,Combustibles minerales (gas natural),RUS,Rusia,513051.0
2001,X,27,Combustibles minerales (gas natural),USA,Estados Unidos,409133.0
2001,X,44,Madera y manufacturas de madera,ARG,Argentina,6092017.0
2001,X,44,Madera y manufacturas de madera,BEL,Belgica,140641.0
2001,X,44,Madera y manufacturas de madera,BRA,Brasil,294091.0
2001,X,44,Madera y manufacturas de madera,CHE,Suiza,162858.0
2001,X,44,Madera y manufacturas de madera,CHL,Chile,204950.0
2001,X,44,Madera y manufacturas de madera,DEU,Alemania,136153.0
2001,X,44,Madera y manufacturas de madera,ESP,Espania,175399.0
2001,X,44,Madera y manufacturas de madera,JPN,Japon,291874.0
2001,X,44,Madera y manufacturas de madera,PER,Peru,4857530.0
2001,X,44,Madera y manufacturas de madera,ROW,Resto del mundo,25707946.0
2001,X,44,Madera y manufacturas de madera,USA,Estados Unidos,10193684.0
2001,X,71,"Metales y piedras preciosas (oro, plata metalica, joyeria)",ARE,Emiratos Arabes Unidos,26677049.0
2001,X,71,"Metales y piedras preciosas (oro, plata metalica, joyeria)",ARG,Argentina,128359.0
2001,X,71,"Metales y piedras preciosas (oro, plata metalica, joyeria)",BEL,Belgica,135125.0
2001,X,71,"Metales y piedras preciosas (oro, plata metalica, joyeria)",CAN,Canada,7603699.0
2001,X,71,"Metales y piedras preciosas (oro, plata metalica, joyeria)",CHE,Suiza,23599795.0
2001,X,71,"Metales y piedras preciosas (oro, plata metalica, joyeria)",CHL,Chile,997360.0
2001,X,71,"Metales y piedras preciosas (oro, plata metalica, joyeria)",CHN,China,659713.0
2001,X,71,"Metales y piedras preciosas (oro, plata metalica, joyeria)",COL,Colombia,718825.0
2001,X,71,"Metales y piedras preciosas (oro, plata metalica, joyeria)",DEU,Alemania,437893.0
2001,X,71,"Metales y piedras preciosas (oro, plata metalica, joyeria)",IND,India,47908059.0
2001,X,71,"Metales y piedras preciosas (oro, plata metalica, joyeria)",JPN,Japon,153910.0
2001,X,71,"Metales y piedras preciosas (oro, plata metalica, joyeria)",NLD,Paises Bajos,647972.0
2001,X,71,"Metales y piedras preciosas (oro, plata metalica, joyeria)",ROW,Resto del mundo,20513156.0
2001,X,71,"Metales y piedras preciosas (oro, plata metalica, joyeria)",RUS,Rusia,229755.0
2001,X,71,"Metales y piedras preciosas (oro, plata metalica, joyeria)",USA,Estados Unidos,17603775.0
2001,X,80,Estanio y sus manufacturas,ARE,Emiratos Arabes Unidos,162903.0
2001,X,80,Estanio y sus manufacturas,ARG,Argentina,181044.0
2001,X,80,Estanio y sus manufacturas,BEL,Belgica,11274101.0
2001,X,80,Estanio y sus manufacturas,BRA,Brasil,17456759.0
2001,X,80,Estanio y sus manufacturas,CAN,Canada,251203.0
2001,X,80,Estanio y sus manufacturas,CHE,Suiza,505433.0
2001,X,80,Estanio y sus manufacturas,CHL,Chile,126629.0
2001,X,80,Estanio y sus manufacturas,CHN,China,242339.0
2001,X,80,Estanio y sus manufacturas,COL,Colombia,553869.0
2001,X,80,Estanio y sus manufacturas,DEU,Alemania,149815.0
2001,X,80,Estanio y sus manufacturas,ESP,Espania,356960.0
2001,X,80,Estanio y sus manufacturas,JPN,Japon,189435.0
2001,X,80,Estanio y sus manufacturas,KOR,Corea del Sur,859410.0
2001,X,80,Estanio y sus manufacturas,NLD,Paises Bajos,12062056.0
2001,X,80,Estanio y sus manufacturas,PER,Peru,355076.0
2001,X,80,Estanio y sus manufacturas,ROW,Resto del mundo,42844390.0
2001,X,80,Estanio y sus manufacturas,USA,Estados Unidos,29897374.0
2001,X,99,Otros productos no especificados,ARE,Emiratos Arabes Unidos,159296.0
2001,X,99,Otros productos no especificados,ARG,Argentina,27530423.0
2001,X,99,Otros productos no especificados,BEL,Belgica,901952.0
2001,X,99,Otros productos no especificados,BRA,Brasil,36966885.0
2001,X,99,Otros productos no especificados,CAN,Canada,190636.0
2001,X,99,Otros productos no especificados,CHE,Suiza,234275.0
2001,X,99,Otros productos no especificados,CHL,Chile,21774265.0
2001,X,99,Otros productos no especificados,CHN,China,32464149.0
2001,X,99,Otros productos no especificados,COL,Colombia,386152.0
2001,X,99,Otros productos no especificados,DEU,Alemania,915501.0
2001,X,99,Otros productos no especificados,ESP,Espania,408478.0
2001,X,99,Otros productos no especificados,IND,India,791466.0
2001,X,99,Otros productos no especificados,JPN,Japon,2087607.0
2001,X,99,Otros productos no especificados,KOR,Corea del Sur,335837.0
2001,X,99,Otros productos no especificados,NLD,Paises Bajos,611976.0
2001,X,99,Otros productos no especificados,PER,Peru,35324366.0
2001,X,99,Otros productos no especificados,ROW,Resto del mundo,108214590.0
2001,X,99,Otros productos no especificados,RUS,Rusia,2235578.0
2001,X,99,Otros productos no especificados,USA,Estados Unidos,66406055.0
2002,M,10,Cereales (trigo),ARG,Argentina,24698872.0
2002,M,10,Cereales (trigo),BRA,Brasil,5689327.0
2002,M,10,Cereales (trigo),ROW,Resto del mundo,14107097.0
2002,M,10,Cereales (trigo),USA,Estados Unidos,10464705.0
2002,M,27,"Combustibles (diesel, gasolinas)",ARG,Argentina,42692156.0
2002,M,27,"Combustibles (diesel, gasolinas)",CHL,Chile,55443779.0
2002,M,27,"Combustibles (diesel, gasolinas)",PER,Peru,25428094.0
2002,M,27,"Combustibles (diesel, gasolinas)",ROW,Resto del mundo,64836102.0
2002,M,27,"Combustibles (diesel, gasolinas)",USA,Estados Unidos,49759869.0
2002,M,30,Productos farmaceuticos,ARG,Argentina,8674323.0
2002,M,30,Productos farmaceuticos,CHN,China,11766801.0
2002,M,30,Productos farmaceuticos,DEU,Alemania,10975309.0
2002,M,30,Productos farmaceuticos,ROW,Resto del mundo,43197581.0
2002,M,30,Productos farmaceuticos,USA,Estados Unidos,16985986.0
2002,M,31,Abonos (fertilizantes),CHN,China,14458367.0
2002,M,31,Abonos (fertilizantes),ROW,Resto del mundo,39958761.0
2002,M,31,Abonos (fertilizantes),RUS,Rusia,10557666.0
2002,M,31,Abonos (fertilizantes),USA,Estados Unidos,8305206.0
2002,M,39,Plasticos y sus manufacturas,BRA,Brasil,25405254.0
2002,M,39,Plasticos y sus manufacturas,CHN,China,33604373.0
2002,M,39,Plasticos y sus manufacturas,ROW,Resto del mundo,53870595.0
2002,M,39,Plasticos y sus manufacturas,USA,Estados Unidos,15359778.0
2002,M,72,"Fundicion, hierro y acero",BRA,Brasil,34482503.0
2002,M,72,"Fundicion, hierro y acero",CHN,China,36733416.0
2002,M,72,"Fundicion, hierro y acero",PER,Peru,12570007.0
2002,M,72,"Fundicion, hierro y acero",ROW,Resto del mundo,44454075.0
2002,M,84,Maquinas y aparatos mecanicos,BRA,Brasil,58413071.0
2002,M,84,Maquinas y aparatos mecanicos,CHN,China,107911019.0
2002,M,84,Maquinas y aparatos mecanicos,DEU,Alemania,27933711.0
2002,M,84,Maquinas y aparatos mecanicos,ROW,Resto del mundo,92174714.0
2002,M,84,Maquinas y aparatos mecanicos,USA,Estados Unidos,43327484.0
2002,M,85,Maquinas y material electrico,BRA,Brasil,25861922.0
2002,M,85,Maquinas y material electrico,CHN,China,88427775.0
2002,M,85,Maquinas y material electrico,ROW,Resto del mundo,80687872.0
2002,M,85,Maquinas y material electrico,USA,Estados Unidos,24862431.0
2002,M,87,Vehiculos automoviles y partes,BRA,Brasil,38665683.0
2002,M,87,Vehiculos automoviles y partes,CHN,China,71411307.0
2002,M,87,Vehiculos automoviles y partes,JPN,Japon,45971168.0
2002,M,87,Vehiculos automoviles y partes,ROW,Resto del mundo,73898047.0
2002,M,87,Vehiculos automoviles y partes,USA,Estados Unidos,26533795.0
2002,M,99,Otros productos no especificados,BRA,Brasil,54117163.0
2002,M,99,Otros productos no especificados,CHN,China,63535665.0
2002,M,99,Otros productos no especificados,PER,Peru,32587021.0
2002,M,99,Otros productos no especificados,ROW,Resto del mundo,130842479.0
2002,M,99,Otros productos no especificados,USA,Estados Unidos,30357673.0
2002,X,02,Carnes (bovina),CHN,China,3405848.0
2002,X,02,Carnes (bovina),ECU,Ecuador,274263.0
2002,X,02,Carnes (bovina),NLD,Paises Bajos,116646.0
2002,X,02,Carnes (bovina),PER,Peru,482561.0
2002,X,02,Carnes (bovina),ROW,Resto del mundo,861838.0
2002,X,08,Frutas y frutos (castania / nuez del Brasil),BRA,Brasil,173575.0
2002,X,08,Frutas y frutos (castania / nuez del Brasil),CAN,Canada,138141.0
2002,X,08,Frutas y frutos (castania / nuez del Brasil),CHN,China,120146.0
2002,X,08,Frutas y frutos (castania / nuez del Brasil),ESP,Espania,2750506.0
2002,X,08,Frutas y frutos (castania / nuez del Brasil),GBR,Reino Unido,4602363.0
2002,X,08,Frutas y frutos (castania / nuez del Brasil),IND,India,136703.0
2002,X,08,Frutas y frutos (castania / nuez del Brasil),NLD,Paises Bajos,4250448.0
2002,X,08,Frutas y frutos (castania / nuez del Brasil),PER,Peru,105796.0
2002,X,08,Frutas y frutos (castania / nuez del Brasil),ROW,Resto del mundo,10096251.0
2002,X,08,Frutas y frutos (castania / nuez del Brasil),USA,Estados Unidos,3451102.0
2002,X,12,Semillas oleaginosas (grano de soya),ARG,Argentina,7913141.0
2002,X,12,Semillas oleaginosas (grano de soya),BEL,Belgica,121836.0
2002,X,12,Semillas oleaginosas (grano de soya),CAN,Canada,191797.0
2002,X,12,Semillas oleaginosas (grano de soya),CHL,Chile,109089.0
2002,X,12,Semillas oleaginosas (grano de soya),COL,Colombia,7550920.0
2002,X,12,Semillas oleaginosas (grano de soya),GBR,Reino Unido,150108.0
2002,X,12,Semillas oleaginosas (grano de soya),KOR,Corea del Sur,330220.0
2002,X,12,Semillas oleaginosas (grano de soya),PER,Peru,6564528.0
2002,X,12,Semillas oleaginosas (grano de soya),ROW,Resto del mundo,14716348.0
2002,X,15,Grasas y aceites (aceite de soya),BRA,Brasil,296690.0
2002,X,15,Grasas y aceites (aceite de soya),CAN,Canada,124794.0
2002,X,15,Grasas y aceites (aceite de soya),CHL,Chile,6124321.0
2002,X,15,Grasas y aceites (aceite de soya),COL,Colombia,14994949.0
2002,X,15,Grasas y aceites (aceite de soya),ECU,Ecuador,9555512.0
2002,X,15,Grasas y aceites (aceite de soya),IND,India,479267.0
2002,X,15,Grasas y aceites (aceite de soya),JPN,Japon,443744.0
2002,X,15,Grasas y aceites (aceite de soya),KOR,Corea del Sur,184223.0
2002,X,15,Grasas y aceites (aceite de soya),PER,Peru,15080487.0
2002,X,15,Grasas y aceites (aceite de soya),ROW,Resto del mundo,14680958.0
2002,X,15,Grasas y aceites (aceite de soya),USA,Estados Unidos,105523.0
2002,X,23,Residuos de la industria alimentaria (torta de soya),ARE,Emiratos Arabes Unidos,115231.0
2002,X,23,Residuos de la industria alimentaria (torta de soya),BEL,Belgica,486788.0
2002,X,23,Residuos de la industria alimentaria (torta de soya),CAN,Canada,149002.0
2002,X,23,Residuos de la industria alimentaria (torta de soya),CHE,Suiza,317159.0
2002,X,23,Residuos de la industria alimentaria (torta de soya),CHL,Chile,9981844.0
2002,X,23,Residuos de la industria alimentaria (torta de soya),CHN,China,150164.0
2002,X,23,Residuos de la industria alimentaria (torta de soya),COL,Colombia,34881295.0
2002,X,23,Residuos de la industria alimentaria (torta de soya),ECU,Ecuador,24173805.0
2002,X,23,Residuos de la industria alimentaria (torta de soya),ESP,Espania,142911.0
2002,X,23,Residuos de la industria alimentaria (torta de soya),GBR,Reino Unido,1305282.0
2002,X,23,Residuos de la industria alimentaria (torta de soya),IND,India,420493.0
2002,X,23,Residuos de la industria alimentaria (torta de soya),JPN,Japon,131224.0
2002,X,23,Residuos de la industria alimentaria (torta de soya),KOR,Corea del Sur,251802.0
2002,X,23,Residuos de la industria alimentaria (torta de soya),NLD,Paises Bajos,326361.0
2002,X,23,Residuos de la industria alimentaria (torta de soya),PER,Peru,36734110.0
2002,X,23,Residuos de la industria alimentaria (torta de soya),ROW,Resto del mundo,15151801.0
2002,X,23,Residuos de la industria alimentaria (torta de soya),USA,Estados Unidos,402829.0
2002,X,25,"Sal, azufre, boratos (ulexita)",BRA,Brasil,2884324.0
2002,X,25,"Sal, azufre, boratos (ulexita)",CHN,China,1398544.0
2002,X,25,"Sal, azufre, boratos (ulexita)",ROW,Resto del mundo,6466001.0
2002,X,25,"Sal, azufre, boratos (ulexita)",USA,Estados Unidos,3480912.0
2002,X,26,"Minerales metaliferos (zinc, plomo, plata en concentrado)",ARE,Emiratos Arabes Unidos,386861.0
2002,X,26,"Minerales metaliferos (zinc, plomo, plata en concentrado)",ARG,Argentina,302339.0
2002,X,26,"Minerales metaliferos (zinc, plomo, plata en concentrado)",BEL,Belgica,17059097.0
2002,X,26,"Minerales metaliferos (zinc, plomo, plata en concentrado)",BRA,Brasil,270873.0
2002,X,26,"Minerales metaliferos (zinc, plomo, plata en concentrado)",CHE,Suiza,443581.0
2002,X,26,"Minerales metaliferos (zinc, plomo, plata en concentrado)",CHL,Chile,148096.0
2002,X,26,"Minerales metaliferos (zinc, plomo, plata en concentrado)",CHN,China,33292800.0
2002,X,26,"Minerales metaliferos (zinc, plomo, plata en concentrado)",DEU,Alemania,129917.0
2002,X,26,"Minerales metaliferos (zinc, plomo, plata en concentrado)",ECU,Ecuador,1256849.0
2002,X,26,"Minerales metaliferos (zinc, plomo, plata en concentrado)",ESP,Espania,12901234.0
2002,X,26,"Minerales metaliferos (zinc, plomo, plata en concentrado)",GBR,Reino Unido,435472.0
2002,X,26,"Minerales metaliferos (zinc, plomo, plata en concentrado)",IND,India,16471768.0
2002,X,26,"Minerales metaliferos (zinc, plomo, plata en concentrado)",JPN,Japon,31757698.0
2002,X,26,"Minerales metaliferos (zinc, plomo, plata en concentrado)",KOR,Corea del Sur,22097032.0
2002,X,26,"Minerales metaliferos (zinc, plomo, plata en concentrado)",NLD,Paises Bajos,10831573.0
2002,X,26,"Minerales metaliferos (zinc, plomo, plata en concentrado)",PER,Peru,438272.0
2002,X,26,"Minerales metaliferos (zinc, plomo, plata en concentrado)",ROW,Resto del mundo,23380644.0
2002,X,26,"Minerales metaliferos (zinc, plomo, plata en concentrado)",RUS,Rusia,454759.0
2002,X,26,"Minerales metaliferos (zinc, plomo, plata en concentrado)",USA,Estados Unidos,197001.0
2002,X,27,Combustibles minerales (gas natural),ARE,Emiratos Arabes Unidos,125847.0
2002,X,27,Combustibles minerales (gas natural),ARG,Argentina,80428000.0
2002,X,27,Combustibles minerales (gas natural),BEL,Belgica,163588.0
2002,X,27,Combustibles minerales (gas natural),BRA,Brasil,156197748.0
2002,X,27,Combustibles minerales (gas natural),CAN,Canada,1002099.0
2002,X,27,Combustibles minerales (gas natural),CHE,Suiza,269579.0
2002,X,27,Combustibles minerales (gas natural),CHL,Chile,468628.0
2002,X,27,Combustibles minerales (gas natural),CHN,China,668365.0
2002,X,27,Combustibles minerales (gas natural),COL,Colombia,983110.0
2002,X,27,Combustibles minerales (gas natural),DEU,Alemania,162548.0
2002,X,27,Combustibles minerales (gas natural),ESP,Espania,133947.0
2002,X,27,Combustibles minerales (gas natural),GBR,Reino Unido,219297.0
2002,X,27,Combustibles minerales (gas natural),IND,India,786063.0
2002,X,27,Combustibles minerales (gas natural),JPN,Japon,645066.0
2002,X,27,Combustibles minerales (gas natural),NLD,Paises Bajos,459760.0
2002,X,27,Combustibles minerales (gas natural),PER,Peru,2389188.0
2002,X,27,Combustibles minerales (gas natural),ROW,Resto del mundo,5181443.0
2002,X,27,Combustibles minerales (gas natural),USA,Estados Unidos,207973.0
2002,X,44,Madera y manufacturas de madera,ARG,Argentina,6802899.0
2002,X,44,Madera y manufacturas de madera,BEL,Belgica,114199.0
2002,X,44,Madera y manufacturas de madera,BRA,Brasil,103718.0
2002,X,44,Madera y manufacturas de madera,CHN,China,112293.0
2002,X,44,Madera y manufacturas de madera,ECU,Ecuador,186711.0
2002,X,44,Madera y manufacturas de madera,JPN,Japon,150644.0
2002,X,44,Madera y manufacturas de madera,KOR,Corea del Sur,238145.0
2002,X,44,Madera y manufacturas de madera,PER,Peru,4102120.0
2002,X,44,Madera y manufacturas de madera,ROW,Resto del mundo,25681681.0
2002,X,44,Madera y manufacturas de madera,RUS,Rusia,104375.0
2002,X,44,Madera y manufacturas de madera,USA,Estados Unidos,8805654.0
2002,X,71,"Metales y piedras preciosas (oro, plata metalica, joyeria)",ARE,Emiratos Arabes Unidos,25805443.0
2002,X,71,"Metales y piedras preciosas (oro, plata metalica, joyeria)",BEL,Belgica,268482.0
2002,X,71,"Metales y piedras preciosas (oro, plata metalica, joyeria)",BRA,Brasil,1393529.0
2002,X,71,"Metales y piedras preciosas (oro, plata metalica, joyeria)",CAN,Canada,7075540.0
2002,X,71,"Metales y piedras preciosas (oro, plata metalica, joyeria)",CHE,Suiza,21819940.0
2002,X,71,"Metales y piedras preciosas (oro, plata metalica, joyeria)",CHL,Chile,217812.0
2002,X,71,"Metales y piedras preciosas (oro, plata metalica, joyeria)",CHN,China,112821.0
2002,X,71,"Metales y piedras preciosas (oro, plata metalica, joyeria)",COL,Colombia,300695.0
2002,X,71,"Metales y piedras preciosas (oro, plata metalica, joyeria)",ESP,Espania,109978.0
2002,X,71,"Metales y piedras preciosas (oro, plata metalica, joyeria)",IND,India,50068070.0
2002,X,71,"Metales y piedras preciosas (oro, plata metalica, joyeria)",JPN,Japon,742596.0
2002,X,71,"Metales y piedras preciosas (oro, plata metalica, joyeria)",KOR,Corea del Sur,306990.0
2002,X,71,"Metales y piedras preciosas (oro, plata metalica, joyeria)",NLD,Paises Bajos,116066.0
2002,X,71,"Metales y piedras preciosas (oro, plata metalica, joyeria)",PER,Peru,125112.0
2002,X,71,"Metales y piedras preciosas (oro, plata metalica, joyeria)",ROW,Resto del mundo,20850191.0
2002,X,71,"Metales y piedras preciosas (oro, plata metalica, joyeria)",RUS,Rusia,435023.0
2002,X,71,"Metales y piedras preciosas (oro, plata metalica, joyeria)",USA,Estados Unidos,16187109.0
2002,X,80,Estanio y sus manufacturas,ARE,Emiratos Arabes Unidos,559525.0
2002,X,80,Estanio y sus manufacturas,ARG,Argentina,155137.0
2002,X,80,Estanio y sus manufacturas,BEL,Belgica,10355979.0
2002,X,80,Estanio y sus manufacturas,BRA,Brasil,15107569.0
2002,X,80,Estanio y sus manufacturas,CAN,Canada,196563.0
2002,X,80,Estanio y sus manufacturas,CHL,Chile,108696.0
2002,X,80,Estanio y sus manufacturas,CHN,China,196975.0
2002,X,80,Estanio y sus manufacturas,ECU,Ecuador,398304.0
2002,X,80,Estanio y sus manufacturas,ESP,Espania,174610.0
2002,X,80,Estanio y sus manufacturas,IND,India,636118.0
2002,X,80,Estanio y sus manufacturas,JPN,Japon,145056.0
2002,X,80,Estanio y sus manufacturas,KOR,Corea del Sur,189339.0
2002,X,80,Estanio y sus manufacturas,NLD,Paises Bajos,9537021.0
2002,X,80,Estanio y sus manufacturas,PER,Peru,216808.0
2002,X,80,Estanio y sus manufacturas,ROW,Resto del mundo,40520365.0
2002,X,80,Estanio y sus manufacturas,RUS,Rusia,599091.0
2002,X,80,Estanio y sus manufacturas,USA,Estados Unidos,30367731.0
2002,X,99,Otros productos no especificados,ARE,Emiratos Arabes Unidos,187649.0
2002,X,99,Otros productos no especificados,ARG,Argentina,24079671.0
2002,X,99,Otros productos no especificados,BEL,Belgica,263625.0
2002,X,99,Otros productos no especificados,BRA,Brasil,36435782.0
2002,X,99,Otros productos no especificados,CAN,Canada,851668.0
2002,X,99,Otros productos no especificados,CHE,Suiza,473280.0
2002,X,99,Otros productos no especificados,CHL,Chile,22582064.0
2002,X,99,Otros productos no especificados,CHN,China,29901271.0
2002,X,99,Otros productos no especificados,COL,Colombia,378718.0
2002,X,99,Otros productos no especificados,DEU,Alemania,286688.0
2002,X,99,Otros productos no especificados,ECU,Ecuador,104447.0
2002,X,99,Otros productos no especificados,ESP,Espania,2473130.0
2002,X,99,Otros productos no especificados,GBR,Reino Unido,567847.0
2002,X,99,Otros productos no especificados,JPN,Japon,1412775.0
2002,X,99,Otros productos no especificados,KOR,Corea del Sur,211291.0
2002,X,99,Otros productos no especificados,NLD,Paises Bajos,512304.0
2002,X,99,Otros productos no especificados,PER,Peru,30732648.0
2002,X,99,Otros productos no especificados,ROW,Resto del mundo,114026416.0
2002,X,99,Otros productos no especificados,RUS,Rusia,3257515.0
2002,X,99,Otros productos no especificados,USA,Estados Unidos,52983564.0
2003,M,10,Cereales (trigo),ARG,Argentina,22779442.0
2003,M,10,Cereales (trigo),BRA,Brasil,5262702.0
2003,M,10,Cereales (trigo),ROW,Resto del mundo,12351463.0
2003,M,10,Cereales (trigo),USA,Estados Unidos,10126393.0
2003,M,27,"Combustibles (diesel, gasolinas)",ARG,Argentina,37719502.0
2003,M,27,"Combustibles (diesel, gasolinas)",CHL,Chile,53949890.0
2003,M,27,"Combustibles (diesel, gasolinas)",PER,Peru,23611336.0
2003,M,27,"Combustibles (diesel, gasolinas)",ROW,Resto del mundo,61830209.0
2003,M,27,"Combustibles (diesel, gasolinas)",USA,Estados Unidos,41809063.0
2003,M,30,Productos farmaceuticos,ARG,Argentina,8411173.0
2003,M,30,Productos farmaceuticos,CHN,China,9802801.0
2003,M,30,Productos farmaceuticos,DEU,Alemania,10246239.0
2003,M,30,Productos farmaceuticos,ROW,Resto del mundo,40660209.0
2003,M,30,Productos farmaceuticos,USA,Estados Unidos,15079577.0
2003,M,31,Abonos (fertilizantes),CHN,China,13066707.0
2003,M,31,Abonos (fertilizantes),ROW,Resto del mundo,36324701.0
2003,M,31,Abonos (fertilizantes),RUS,Rusia,9799032.0
2003,M,31,Abonos (fertilizantes),USA,Estados Unidos,8169560.0
2003,M,39,Plasticos y sus manufacturas,BRA,Brasil,23667641.0
2003,M,39,Plasticos y sus manufacturas,CHN,China,27059290.0
2003,M,39,Plasticos y sus manufacturas,ROW,Resto del mundo,51986248.0
2003,M,39,Plasticos y sus manufacturas,USA,Estados Unidos,15166822.0
2003,M,72,"Fundicion, hierro y acero",BRA,Brasil,26549383.0
2003,M,72,"Fundicion, hierro y acero",CHN,China,39193729.0
2003,M,72,"Fundicion, hierro y acero",PER,Peru,12380177.0
2003,M,72,"Fundicion, hierro y acero",ROW,Resto del mundo,39756710.0
2003,M,84,Maquinas y aparatos mecanicos,BRA,Brasil,55711624.0
2003,M,84,Maquinas y aparatos mecanicos,CHN,China,97818418.0
2003,M,84,Maquinas y aparatos mecanicos,DEU,Alemania,21769502.0
2003,M,84,Maquinas y aparatos mecanicos,ROW,Resto del mundo,86695451.0
2003,M,84,Maquinas y aparatos mecanicos,USA,Estados Unidos,41125005.0
2003,M,85,Maquinas y material electrico,BRA,Brasil,22844219.0
2003,M,85,Maquinas y material electrico,CHN,China,79810308.0
2003,M,85,Maquinas y material electrico,ROW,Resto del mundo,79953669.0
2003,M,85,Maquinas y material electrico,USA,Estados Unidos,19471805.0
2003,M,87,Vehiculos automoviles y partes,BRA,Brasil,40036966.0
2003,M,87,Vehiculos automoviles y partes,CHN,China,63748519.0
2003,M,87,Vehiculos automoviles y partes,JPN,Japon,40625552.0
2003,M,87,Vehiculos automoviles y partes,ROW,Resto del mundo,67241489.0
2003,M,87,Vehiculos automoviles y partes,USA,Estados Unidos,24107473.0
2003,M,99,Otros productos no especificados,BRA,Brasil,48900085.0
2003,M,99,Otros productos no especificados,CHN,China,57332706.0
2003,M,99,Otros productos no especificados,PER,Peru,27754582.0
2003,M,99,Otros productos no especificados,ROW,Resto del mundo,123735219.0
2003,M,99,Otros productos no especificados,USA,Estados Unidos,28557407.0
2003,X,02,Carnes (bovina),CHN,China,4142517.0
2003,X,02,Carnes (bovina),ECU,Ecuador,344117.0
2003,X,02,Carnes (bovina),PER,Peru,670112.0
2003,X,02,Carnes (bovina),ROW,Resto del mundo,924018.0
2003,X,08,Frutas y frutos (castania / nuez del Brasil),ARE,Emiratos Arabes Unidos,233689.0
2003,X,08,Frutas y frutos (castania / nuez del Brasil),ESP,Espania,2902911.0
2003,X,08,Frutas y frutos (castania / nuez del Brasil),GBR,Reino Unido,6643379.0
2003,X,08,Frutas y frutos (castania / nuez del Brasil),IND,India,104147.0
2003,X,08,Frutas y frutos (castania / nuez del Brasil),JPN,Japon,136850.0
2003,X,08,Frutas y frutos (castania / nuez del Brasil),NLD,Paises Bajos,5123805.0
2003,X,08,Frutas y frutos (castania / nuez del Brasil),ROW,Resto del mundo,10959823.0
2003,X,08,Frutas y frutos (castania / nuez del Brasil),USA,Estados Unidos,4840550.0
2003,X,12,Semillas oleaginosas (grano de soya),ARG,Argentina,8656607.0
2003,X,12,Semillas oleaginosas (grano de soya),CAN,Canada,194787.0
2003,X,12,Semillas oleaginosas (grano de soya),CHE,Suiza,117237.0
2003,X,12,Semillas oleaginosas (grano de soya),COL,Colombia,9617611.0
2003,X,12,Semillas oleaginosas (grano de soya),ECU,Ecuador,120187.0
2003,X,12,Semillas oleaginosas (grano de soya),ESP,Espania,109475.0
2003,X,12,Semillas oleaginosas (grano de soya),KOR,Corea del Sur,221287.0
2003,X,12,Semillas oleaginosas (grano de soya),PER,Peru,8996073.0
2003,X,12,Semillas oleaginosas (grano de soya),ROW,Resto del mundo,16552663.0
2003,X,15,Grasas y aceites (aceite de soya),ARE,Emiratos Arabes Unidos,155494.0
2003,X,15,Grasas y aceites (aceite de soya),ARG,Argentina,823853.0
2003,X,15,Grasas y aceites (aceite de soya),CHE,Suiza,195149.0
2003,X,15,Grasas y aceites (aceite de soya),CHL,Chile,7559637.0
2003,X,15,Grasas y aceites (aceite de soya),CHN,China,113298.0
2003,X,15,Grasas y aceites (aceite de soya),COL,Colombia,18628490.0
2003,X,15,Grasas y aceites (aceite de soya),ECU,Ecuador,11421054.0
2003,X,15,Grasas y aceites (aceite de soya),ESP,Espania,164551.0
2003,X,15,Grasas y aceites (aceite de soya),IND,India,188379.0
2003,X,15,Grasas y aceites (aceite de soya),JPN,Japon,154171.0
2003,X,15,Grasas y aceites (aceite de soya),PER,Peru,16768211.0
2003,X,15,Grasas y aceites (aceite de soya),ROW,Resto del mundo,16903507.0
2003,X,15,Grasas y aceites (aceite de soya),USA,Estados Unidos,275328.0
2003,X,23,Residuos de la industria alimentaria (torta de soya),ARE,Emiratos Arabes Unidos,349062.0
2003,X,23,Residuos de la industria alimentaria (torta de soya),BEL,Belgica,572301.0
2003,X,23,Residuos de la industria alimentaria (torta de soya),BRA,Brasil,223430.0
2003,X,23,Residuos de la industria alimentaria (torta de soya),CHE,Suiza,303315.0
2003,X,23,Residuos de la industria alimentaria (torta de soya),CHL,Chile,12196735.0
2003,X,23,Residuos de la industria alimentaria (torta de soya),CHN,China,464561.0
2003,X,23,Residuos de la industria alimentaria (torta de soya),COL,Colombia,37811029.0
2003,X,23,Residuos de la industria alimentaria (torta de soya),ECU,Ecuador,33061160.0
2003,X,23,Residuos de la industria alimentaria (torta de soya),ESP,Espania,216091.0
2003,X,23,Residuos de la industria alimentaria (torta de soya),GBR,Reino Unido,379693.0
2003,X,23,Residuos de la industria alimentaria (torta de soya),IND,India,132480.0
2003,X,23,Residuos de la industria alimentaria (torta de soya),JPN,Japon,125784.0
2003,X,23,Residuos de la industria alimentaria (torta de soya),KOR,Corea del Sur,455647.0
2003,X,23,Residuos de la industria alimentaria (torta de soya),PER,Peru,44190102.0
2003,X,23,Residuos de la industria alimentaria (torta de soya),ROW,Resto del mundo,16864594.0
2003,X,25,"Sal, azufre, boratos (ulexita)",BRA,Brasil,3502440.0
2003,X,25,"Sal, azufre, boratos (ulexita)",CAN,Canada,107958.0
2003,X,25,"Sal, azufre, boratos (ulexita)",CHL,Chile,174121.0
2003,X,25,"Sal, azufre, boratos (ulexita)",CHN,China,1718291.0
2003,X,25,"Sal, azufre, boratos (ulexita)",ROW,Resto del mundo,7176981.0
2003,X,25,"Sal, azufre, boratos (ulexita)",USA,Estados Unidos,4000286.0
2003,X,26,"Minerales metaliferos (zinc, plomo, plata en concentrado)",ARE,Emiratos Arabes Unidos,107376.0
2003,X,26,"Minerales metaliferos (zinc, plomo, plata en concentrado)",BEL,Belgica,17691224.0
2003,X,26,"Minerales metaliferos (zinc, plomo, plata en concentrado)",BRA,Brasil,143989.0
2003,X,26,"Minerales metaliferos (zinc, plomo, plata en concentrado)",CAN,Canada,264440.0
2003,X,26,"Minerales metaliferos (zinc, plomo, plata en concentrado)",CHE,Suiza,125516.0
2003,X,26,"Minerales metaliferos (zinc, plomo, plata en concentrado)",CHL,Chile,453317.0
2003,X,26,"Minerales metaliferos (zinc, plomo, plata en concentrado)",CHN,China,43679433.0
2003,X,26,"Minerales metaliferos (zinc, plomo, plata en concentrado)",COL,Colombia,173160.0
2003,X,26,"Minerales metaliferos (zinc, plomo, plata en concentrado)",DEU,Alemania,208619.0
2003,X,26,"Minerales metaliferos (zinc, plomo, plata en concentrado)",ECU,Ecuador,575867.0
2003,X,26,"Minerales metaliferos (zinc, plomo, plata en concentrado)",ESP,Espania,16977450.0
2003,X,26,"Minerales metaliferos (zinc, plomo, plata en concentrado)",GBR,Reino Unido,200806.0
2003,X,26,"Minerales metaliferos (zinc, plomo, plata en concentrado)",IND,India,20003863.0
2003,X,26,"Minerales metaliferos (zinc, plomo, plata en concentrado)",JPN,Japon,34686249.0
2003,X,26,"Minerales metaliferos (zinc, plomo, plata en concentrado)",KOR,Corea del Sur,24374884.0
2003,X,26,"Minerales metaliferos (zinc, plomo, plata en concentrado)",NLD,Paises Bajos,12580184.0
2003,X,26,"Minerales metaliferos (zinc, plomo, plata en concentrado)",PER,Peru,298586.0
2003,X,26,"Minerales metaliferos (zinc, plomo, plata en concentrado)",ROW,Resto del mundo,26455102.0
2003,X,26,"Minerales metaliferos (zinc, plomo, plata en concentrado)",RUS,Rusia,1699932.0
2003,X,26,"Minerales metaliferos (zinc, plomo, plata en concentrado)",USA,Estados Unidos,345380.0
2003,X,27,Combustibles minerales (gas natural),ARE,Emiratos Arabes Unidos,1326478.0
2003,X,27,Combustibles minerales (gas natural),ARG,Argentina,125650358.0
2003,X,27,Combustibles minerales (gas natural),BEL,Belgica,1265057.0
2003,X,27,Combustibles minerales (gas natural),BRA,Brasil,227405900.0
2003,X,27,Combustibles minerales (gas natural),CAN,Canada,156419.0
2003,X,27,Combustibles minerales (gas natural),CHE,Suiza,568205.0
2003,X,27,Combustibles minerales (gas natural),CHL,Chile,240926.0
2003,X,27,Combustibles minerales (gas natural),CHN,China,401088.0
2003,X,27,Combustibles minerales (gas natural),COL,Colombia,159794.0
2003,X,27,Combustibles minerales (gas natural),DEU,Alemania,206020.0
2003,X,27,Combustibles minerales (gas natural),ECU,Ecuador,1103869.0
2003,X,27,Combustibles minerales (gas natural),ESP,Espania,592778.0
2003,X,27,Combustibles minerales (gas natural),GBR,Reino Unido,180639.0
2003,X,27,Combustibles minerales (gas natural),IND,India,1479316.0
2003,X,27,Combustibles minerales (gas natural),JPN,Japon,2418860.0
2003,X,27,Combustibles minerales (gas natural),KOR,Corea del Sur,150721.0
2003,X,27,Combustibles minerales (gas natural),NLD,Paises Bajos,395395.0
2003,X,27,Combustibles minerales (gas natural),PER,Peru,2255928.0
2003,X,27,Combustibles minerales (gas natural),ROW,Resto del mundo,7713813.0
2003,X,27,Combustibles minerales (gas natural),USA,Estados Unidos,150508.0
2003,X,44,Madera y manufacturas de madera,ARG,Argentina,7010844.0
2003,X,44,Madera y manufacturas de madera,CHE,Suiza,655075.0
2003,X,44,Madera y manufacturas de madera,CHL,Chile,161188.0
2003,X,44,Madera y manufacturas de madera,CHN,China,151141.0
2003,X,44,Madera y manufacturas de madera,DEU,Alemania,220529.0
2003,X,44,Madera y manufacturas de madera,ESP,Espania,302244.0
2003,X,44,Madera y manufacturas de madera,IND,India,128763.0
2003,X,44,Madera y manufacturas de madera,PER,Peru,4366040.0
2003,X,44,Madera y manufacturas de madera,ROW,Resto del mundo,30333375.0
2003,X,44,Madera y manufacturas de madera,USA,Estados Unidos,9640508.0
2003,X,71,"Metales y piedras preciosas (oro, plata metalica, joyeria)",ARE,Emiratos Arabes Unidos,29669958.0
2003,X,71,"Metales y piedras preciosas (oro, plata metalica, joyeria)",BEL,Belgica,125719.0
2003,X,71,"Metales y piedras preciosas (oro, plata metalica, joyeria)",BRA,Brasil,124297.0
2003,X,71,"Metales y piedras preciosas (oro, plata metalica, joyeria)",CAN,Canada,9249259.0
2003,X,71,"Metales y piedras preciosas (oro, plata metalica, joyeria)",CHE,Suiza,22871031.0
2003,X,71,"Metales y piedras preciosas (oro, plata metalica, joyeria)",CHN,China,350419.0
2003,X,71,"Metales y piedras preciosas (oro, plata metalica, joyeria)",COL,Colombia,1693827.0
2003,X,71,"Metales y piedras preciosas (oro, plata metalica, joyeria)",DEU,Alemania,115837.0
2003,X,71,"Metales y piedras preciosas (oro, plata metalica, joyeria)",GBR,Reino Unido,160019.0
2003,X,71,"Metales y piedras preciosas (oro, plata metalica, joyeria)",IND,India,60545759.0
2003,X,71,"Metales y piedras preciosas (oro, plata metalica, joyeria)",JPN,Japon,1104928.0
2003,X,71,"Metales y piedras preciosas (oro, plata metalica, joyeria)",KOR,Corea del Sur,717503.0
2003,X,71,"Metales y piedras preciosas (oro, plata metalica, joyeria)",NLD,Paises Bajos,155096.0
2003,X,71,"Metales y piedras preciosas (oro, plata metalica, joyeria)",PER,Peru,242759.0
2003,X,71,"Metales y piedras preciosas (oro, plata metalica, joyeria)",ROW,Resto del mundo,21617033.0
2003,X,71,"Metales y piedras preciosas (oro, plata metalica, joyeria)",RUS,Rusia,171402.0
2003,X,71,"Metales y piedras preciosas (oro, plata metalica, joyeria)",USA,Estados Unidos,20562288.0
2003,X,80,Estanio y sus manufacturas,BEL,Belgica,11615681.0
2003,X,80,Estanio y sus manufacturas,BRA,Brasil,17624302.0
2003,X,80,Estanio y sus manufacturas,CAN,Canada,199316.0
2003,X,80,Estanio y sus manufacturas,CHE,Suiza,147218.0
2003,X,80,Estanio y sus manufacturas,CHN,China,144710.0
2003,X,80,Estanio y sus manufacturas,DEU,Alemania,209364.0
2003,X,80,Estanio y sus manufacturas,JPN,Japon,111700.0
2003,X,80,Estanio y sus manufacturas,KOR,Corea del Sur,2590800.0
2003,X,80,Estanio y sus manufacturas,NLD,Paises Bajos,11226965.0
2003,X,80,Estanio y sus manufacturas,PER,Peru,179172.0
2003,X,80,Estanio y sus manufacturas,ROW,Resto del mundo,38661130.0
2003,X,80,Estanio y sus manufacturas,RUS,Rusia,145784.0
2003,X,80,Estanio y sus manufacturas,USA,Estados Unidos,36098784.0
2003,X,99,Otros productos no especificados,ARE,Emiratos Arabes Unidos,601418.0
2003,X,99,Otros productos no especificados,ARG,Argentina,27766208.0
2003,X,99,Otros productos no especificados,BEL,Belgica,152183.0
2003,X,99,Otros productos no especificados,BRA,Brasil,50037879.0
2003,X,99,Otros productos no especificados,CHE,Suiza,148039.0
2003,X,99,Otros productos no especificados,CHL,Chile,23727523.0
2003,X,99,Otros productos no especificados,CHN,China,38394559.0
2003,X,99,Otros productos no especificados,COL,Colombia,741352.0
2003,X,99,Otros productos no especificados,DEU,Alemania,601245.0
2003,X,99,Otros productos no especificados,ESP,Espania,125932.0
2003,X,99,Otros productos no especificados,GBR,Reino Unido,1629416.0
2003,X,99,Otros productos no especificados,IND,India,238325.0
2003,X,99,Otros productos no especificados,JPN,Japon,281274.0
2003,X,99,Otros productos no especificados,KOR,Corea del Sur,2614559.0
2003,X,99,Otros productos no especificados,NLD,Paises Bajos,385816.0
2003,X,99,Otros productos no especificados,PER,Peru,39662801.0
2003,X,99,Otros productos no especificados,ROW,Resto del mundo,111484578.0
2003,X,99,Otros productos no especificados,USA,Estados Unidos,60331175.0
2004,M,10,Cereales (trigo),ARG,Argentina,27057416.0
2004,M,10,Cereales (trigo),BRA,Brasil,6263563.0
2004,M,10,Cereales (trigo),ROW,Resto del mundo,13053567.0
2004,M,10,Cereales (trigo),USA,Estados Unidos,11225454.0
2004,M,27,"Combustibles (diesel, gasolinas)",ARG,Argentina,47892039.0
2004,M,27,"Combustibles (diesel, gasolinas)",CHL,Chile,52507095.0
2004,M,27,"Combustibles (diesel, gasolinas)",PER,Peru,26020674.0
2004,M,27,"Combustibles (diesel, gasolinas)",ROW,Resto del mundo,72453420.0
2004,M,27,"Combustibles (diesel, gasolinas)",USA,Estados Unidos,50726773.0
2004,M,30,Productos farmaceuticos,ARG,Argentina,8827459.0
2004,M,30,Productos farmaceuticos,CHN,China,11291415.0
2004,M,30,Productos farmaceuticos,DEU,Alemania,11951349.0
2004,M,30,Productos farmaceuticos,ROW,Resto del mundo,46070951.0
2004,M,30,Productos farmaceuticos,USA,Estados Unidos,17858826.0
2004,M,31,Abonos (fertilizantes),CHN,China,14502792.0
2004,M,31,Abonos (fertilizantes),ROW,Resto del mundo,40598227.0
2004,M,31,Abonos (fertilizantes),RUS,Rusia,11892577.0
2004,M,31,Abonos (fertilizantes),USA,Estados Unidos,9806404.0
2004,M,39,Plasticos y sus manufacturas,BRA,Brasil,25921575.0
2004,M,39,Plasticos y sus manufacturas,CHN,China,31449210.0
2004,M,39,Plasticos y sus manufacturas,ROW,Resto del mundo,60008020.0
2004,M,39,Plasticos y sus manufacturas,USA,Estados Unidos,17021195.0
2004,M,72,"Fundicion, hierro y acero",BRA,Brasil,33953093.0
2004,M,72,"Fundicion, hierro y acero",CHN,China,37441793.0
2004,M,72,"Fundicion, hierro y acero",PER,Peru,13702205.0
2004,M,72,"Fundicion, hierro y acero",ROW,Resto del mundo,49302910.0
2004,M,84,Maquinas y aparatos mecanicos,BRA,Brasil,64929160.0
2004,M,84,Maquinas y aparatos mecanicos,CHN,China,98491025.0
2004,M,84,Maquinas y aparatos mecanicos,DEU,Alemania,29555379.0
2004,M,84,Maquinas y aparatos mecanicos,ROW,Resto del mundo,99934671.0
2004,M,84,Maquinas y aparatos mecanicos,USA,Estados Unidos,52689765.0
2004,M,85,Maquinas y material electrico,BRA,Brasil,23394497.0
2004,M,85,Maquinas y material electrico,CHN,China,93150860.0
2004,M,85,Maquinas y material electrico,ROW,Resto del mundo,92276477.0
2004,M,85,Maquinas y material electrico,USA,Estados Unidos,21578166.0
2004,M,87,Vehiculos automoviles y partes,BRA,Brasil,41863995.0
2004,M,87,Vehiculos automoviles y partes,CHN,China,69333218.0
2004,M,87,Vehiculos automoviles y partes,JPN,Japon,49201353.0
2004,M,87,Vehiculos automoviles y partes,ROW,Resto del mundo,79609572.0
2004,M,87,Vehiculos automoviles y partes,USA,Estados Unidos,28791863.0
2004,M,99,Otros productos no especificados,BRA,Brasil,53148470.0
2004,M,99,Otros productos no especificados,CHN,China,66061135.0
2004,M,99,Otros productos no especificados,PER,Peru,34929151.0
2004,M,99,Otros productos no especificados,ROW,Resto del mundo,135400583.0
2004,M,99,Otros productos no especificados,USA,Estados Unidos,36860662.0
2004,X,02,Carnes (bovina),CHN,China,5759773.0
2004,X,02,Carnes (bovina),DEU,Alemania,100821.0
2004,X,02,Carnes (bovina),ECU,Ecuador,457833.0
2004,X,02,Carnes (bovina),PER,Peru,926594.0
2004,X,02,Carnes (bovina),ROW,Resto del mundo,1164290.0
2004,X,08,Frutas y frutos (castania / nuez del Brasil),CAN,Canada,277908.0
2004,X,08,Frutas y frutos (castania / nuez del Brasil),CHN,China,185014.0
2004,X,08,Frutas y frutos (castania / nuez del Brasil),ESP,Espania,4440556.0
2004,X,08,Frutas y frutos (castania / nuez del Brasil),GBR,Reino Unido,8018248.0
2004,X,08,Frutas y frutos (castania / nuez del Brasil),JPN,Japon,179222.0
2004,X,08,Frutas y frutos (castania / nuez del Brasil),KOR,Corea del Sur,307489.0
2004,X,08,Frutas y frutos (castania / nuez del Brasil),NLD,Paises Bajos,7182542.0
2004,X,08,Frutas y frutos (castania / nuez del Brasil),ROW,Resto del mundo,14916319.0
2004,X,08,Frutas y frutos (castania / nuez del Brasil),USA,Estados Unidos,6792011.0
2004,X,12,Semillas oleaginosas (grano de soya),ARE,Emiratos Arabes Unidos,138188.0
2004,X,12,Semillas oleaginosas (grano de soya),ARG,Argentina,12487863.0
2004,X,12,Semillas oleaginosas (grano de soya),BEL,Belgica,202833.0
2004,X,12,Semillas oleaginosas (grano de soya),CAN,Canada,211377.0
2004,X,12,Semillas oleaginosas (grano de soya),CHL,Chile,174571.0
2004,X,12,Semillas oleaginosas (grano de soya),CHN,China,197806.0
2004,X,12,Semillas oleaginosas (grano de soya),COL,Colombia,11970394.0
2004,X,12,Semillas oleaginosas (grano de soya),DEU,Alemania,466988.0
2004,X,12,Semillas oleaginosas (grano de soya),ECU,Ecuador,194055.0
2004,X,12,Semillas oleaginosas (grano de soya),KOR,Corea del Sur,182865.0
2004,X,12,Semillas oleaginosas (grano de soya),PER,Peru,10949137.0
2004,X,12,Semillas oleaginosas (grano de soya),ROW,Resto del mundo,23255703.0
2004,X,15,Grasas y aceites (aceite de soya),ARG,Argentina,139352.0
2004,X,15,Grasas y aceites (aceite de soya),BEL,Belgica,348721.0
2004,X,15,Grasas y aceites (aceite de soya),BRA,Brasil,428451.0
2004,X,15,Grasas y aceites (aceite de soya),CHE,Suiza,206480.0
2004,X,15,Grasas y aceites (aceite de soya),CHL,Chile,9976729.0
2004,X,15,Grasas y aceites (aceite de soya),COL,Colombia,22334161.0
2004,X,15,Grasas y aceites (aceite de soya),DEU,Alemania,100598.0
2004,X,15,Grasas y aceites (aceite de soya),ECU,Ecuador,13625496.0
2004,X,15,Grasas y aceites (aceite de soya),ESP,Espania,458665.0
2004,X,15,Grasas y aceites (aceite de soya),GBR,Reino Unido,512220.0
2004,X,15,Grasas y aceites (aceite de soya),IND,India,247281.0
2004,X,15,Grasas y aceites (aceite de soya),JPN,Japon,174094.0
2004,X,15,Grasas y aceites (aceite de soya),PER,Peru,23292059.0
2004,X,15,Grasas y aceites (aceite de soya),ROW,Resto del mundo,26142020.0
2004,X,15,Grasas y aceites (aceite de soya),USA,Estados Unidos,179636.0
2004,X,23,Residuos de la industria alimentaria (torta de soya),ARE,Emiratos Arabes Unidos,1187968.0
2004,X,23,Residuos de la industria alimentaria (torta de soya),ARG,Argentina,652916.0
2004,X,23,Residuos de la industria alimentaria (torta de soya),BEL,Belgica,107224.0
2004,X,23,Residuos de la industria alimentaria (torta de soya),BRA,Brasil,170712.0
2004,X,23,Residuos de la industria alimentaria (torta de soya),CAN,Canada,967413.0
2004,X,23,Residuos de la industria alimentaria (torta de soya),CHL,Chile,14596408.0
2004,X,23,Residuos de la industria alimentaria (torta de soya),CHN,China,1648029.0
2004,X,23,Residuos de la industria alimentaria (torta de soya),COL,Colombia,61048629.0
2004,X,23,Residuos de la industria alimentaria (torta de soya),DEU,Alemania,220464.0
2004,X,23,Residuos de la industria alimentaria (torta de soya),ECU,Ecuador,35225727.0
2004,X,23,Residuos de la industria alimentaria (torta de soya),ESP,Espania,278140.0
2004,X,23,Residuos de la industria alimentaria (torta de soya),GBR,Reino Unido,944197.0
2004,X,23,Residuos de la industria alimentaria (torta de soya),IND,India,169183.0
2004,X,23,Residuos de la industria alimentaria (torta de soya),KOR,Corea del Sur,739653.0
2004,X,23,Residuos de la industria alimentaria (torta de soya),PER,Peru,55539077.0
2004,X,23,Residuos de la industria alimentaria (torta de soya),ROW,Resto del mundo,23468809.0
2004,X,25,"Sal, azufre, boratos (ulexita)",BRA,Brasil,4470270.0
2004,X,25,"Sal, azufre, boratos (ulexita)",CHN,China,2281108.0
2004,X,25,"Sal, azufre, boratos (ulexita)",DEU,Alemania,212119.0
2004,X,25,"Sal, azufre, boratos (ulexita)",ESP,Espania,251617.0
2004,X,25,"Sal, azufre, boratos (ulexita)",ROW,Resto del mundo,8996214.0
2004,X,25,"Sal, azufre, boratos (ulexita)",USA,Estados Unidos,5758392.0
2004,X,26,"Minerales metaliferos (zinc, plomo, plata en concentrado)",ARE,Emiratos Arabes Unidos,425217.0
2004,X,26,"Minerales metaliferos (zinc, plomo, plata en concentrado)",ARG,Argentina,820591.0
2004,X,26,"Minerales metaliferos (zinc, plomo, plata en concentrado)",BEL,Belgica,24153883.0
2004,X,26,"Minerales metaliferos (zinc, plomo, plata en concentrado)",BRA,Brasil,234228.0
2004,X,26,"Minerales metaliferos (zinc, plomo, plata en concentrado)",CAN,Canada,794026.0
2004,X,26,"Minerales metaliferos (zinc, plomo, plata en concentrado)",CHE,Suiza,146264.0
2004,X,26,"Minerales metaliferos (zinc, plomo, plata en concentrado)",CHL,Chile,156439.0
2004,X,26,"Minerales metaliferos (zinc, plomo, plata en concentrado)",CHN,China,58179876.0
2004,X,26,"Minerales metaliferos (zinc, plomo, plata en concentrado)",COL,Colombia,337602.0
2004,X,26,"Minerales metaliferos (zinc, plomo, plata en concentrado)",DEU,Alemania,1099057.0
2004,X,26,"Minerales metaliferos (zinc, plomo, plata en concentrado)",ECU,Ecuador,407668.0
2004,X,26,"Minerales metaliferos (zinc, plomo, plata en concentrado)",ESP,Espania,22934380.0
2004,X,26,"Minerales metaliferos (zinc, plomo, plata en concentrado)",GBR,Reino Unido,1871176.0
2004,X,26,"Minerales metaliferos (zinc, plomo, plata en concentrado)",IND,India,26908538.0
2004,X,26,"Minerales metaliferos (zinc, plomo, plata en concentrado)",JPN,Japon,43185419.0
2004,X,26,"Minerales metaliferos (zinc, plomo, plata en concentrado)",KOR,Corea del Sur,29289832.0
2004,X,26,"Minerales metaliferos (zinc, plomo, plata en concentrado)",NLD,Paises Bajos,17492541.0
2004,X,26,"Minerales metaliferos (zinc, plomo, plata en concentrado)",ROW,Resto del mundo,36646247.0
2004,X,26,"Minerales metaliferos (zinc, plomo, plata en concentrado)",USA,Estados Unidos,694278.0
2004,X,27,Combustibles minerales (gas natural),ARE,Emiratos Arabes Unidos,1787032.0
2004,X,27,Combustibles minerales (gas natural),ARG,Argentina,180349602.0
2004,X,27,Combustibles minerales (gas natural),BEL,Belgica,504964.0
2004,X,27,Combustibles minerales (gas natural),BRA,Brasil,394787779.0
2004,X,27,Combustibles minerales (gas natural),CAN,Canada,541072.0
2004,X,27,Combustibles minerales (gas natural),CHE,Suiza,2057189.0
2004,X,27,Combustibles minerales (gas natural),CHL,Chile,2284253.0
2004,X,27,Combustibles minerales (gas natural),CHN,China,1168111.0
2004,X,27,Combustibles minerales (gas natural),COL,Colombia,423715.0
2004,X,27,Combustibles minerales (gas natural),DEU,Alemania,1789749.0
2004,X,27,Combustibles minerales (gas natural),ECU,Ecuador,1426659.0
2004,X,27,Combustibles minerales (gas natural),ESP,Espania,915011.0
2004,X,27,Combustibles minerales (gas natural),GBR,Reino Unido,1077946.0
2004,X,27,Combustibles minerales (gas natural),IND,India,2595932.0
2004,X,27,Combustibles minerales (gas natural),JPN,Japon,686353.0
2004,X,27,Combustibles minerales (gas natural),KOR,Corea del Sur,278258.0
2004,X,27,Combustibles minerales (gas natural),NLD,Paises Bajos,653802.0
2004,X,27,Combustibles minerales (gas natural),PER,Peru,1957904.0
2004,X,27,Combustibles minerales (gas natural),ROW,Resto del mundo,12361014.0
2004,X,27,Combustibles minerales (gas natural),RUS,Rusia,731734.0
2004,X,27,Combustibles minerales (gas natural),USA,Estados Unidos,629347.0
2004,X,44,Madera y manufacturas de madera,ARG,Argentina,10351868.0
2004,X,44,Madera y manufacturas de madera,CHE,Suiza,305607.0
2004,X,44,Madera y manufacturas de madera,CHL,Chile,282159.0
2004,X,44,Madera y manufacturas de madera,COL,Colombia,412534.0
2004,X,44,Madera y manufacturas de madera,GBR,Reino Unido,437777.0
2004,X,44,Madera y manufacturas de madera,IND,India,130796.0
2004,X,44,Madera y manufacturas de madera,NLD,Paises Bajos,141462.0
2004,X,44,Madera y manufacturas de madera,PER,Peru,6356437.0
2004,X,44,Madera y manufacturas de madera,ROW,Resto del mundo,37138899.0
2004,X,44,Madera y manufacturas de madera,USA,Estados Unidos,12615290.0
2004,X,71,"Metales y piedras preciosas (oro, plata metalica, joyeria)",ARE,Emiratos Arabes Unidos,39502734.0
2004,X,71,"Metales y piedras preciosas (oro, plata metalica, joyeria)",BEL,Belgica,784724.0
2004,X,71,"Metales y piedras preciosas (oro, plata metalica, joyeria)",CAN,Canada,9130860.0
2004,X,71,"Metales y piedras preciosas (oro, plata metalica, joyeria)",CHE,Suiza,32529551.0
2004,X,71,"Metales y piedras preciosas (oro, plata metalica, joyeria)",CHL,Chile,223136.0
2004,X,71,"Metales y piedras preciosas (oro, plata metalica, joyeria)",CHN,China,330677.0
2004,X,71,"Metales y piedras preciosas (oro, plata metalica, joyeria)",DEU,Alemania,2460336.0
2004,X,71,"Metales y piedras preciosas (oro, plata metalica, joyeria)",ECU,Ecuador,373468.0
2004,X,71,"Metales y piedras preciosas (oro, plata metalica, joyeria)",ESP,Espania,520337.0
2004,X,71,"Metales y piedras preciosas (oro, plata metalica, joyeria)",GBR,Reino Unido,188906.0
2004,X,71,"Metales y piedras preciosas (oro, plata metalica, joyeria)",IND,India,78233290.0
2004,X,71,"Metales y piedras preciosas (oro, plata metalica, joyeria)",JPN,Japon,579214.0
2004,X,71,"Metales y piedras preciosas (oro, plata metalica, joyeria)",KOR,Corea del Sur,342418.0
2004,X,71,"Metales y piedras preciosas (oro, plata metalica, joyeria)",NLD,Paises Bajos,503909.0
2004,X,71,"Metales y piedras preciosas (oro, plata metalica, joyeria)",PER,Peru,142253.0
2004,X,71,"Metales y piedras preciosas (oro, plata metalica, joyeria)",ROW,Resto del mundo,31020111.0
2004,X,71,"Metales y piedras preciosas (oro, plata metalica, joyeria)",RUS,Rusia,764463.0
2004,X,71,"Metales y piedras preciosas (oro, plata metalica, joyeria)",USA,Estados Unidos,25155660.0
2004,X,80,Estanio y sus manufacturas,ARE,Emiratos Arabes Unidos,164670.0
2004,X,80,Estanio y sus manufacturas,ARG,Argentina,490218.0
2004,X,80,Estanio y sus manufacturas,BEL,Belgica,15101301.0
2004,X,80,Estanio y sus manufacturas,BRA,Brasil,22814916.0
2004,X,80,Estanio y sus manufacturas,CAN,Canada,187032.0
2004,X,80,Estanio y sus manufacturas,CHE,Suiza,152596.0
2004,X,80,Estanio y sus manufacturas,CHL,Chile,122147.0
2004,X,80,Estanio y sus manufacturas,CHN,China,360559.0
2004,X,80,Estanio y sus manufacturas,COL,Colombia,121414.0
2004,X,80,Estanio y sus manufacturas,DEU,Alemania,748714.0
2004,X,80,Estanio y sus manufacturas,ECU,Ecuador,984678.0
2004,X,80,Estanio y sus manufacturas,IND,India,200107.0
2004,X,80,Estanio y sus manufacturas,NLD,Paises Bajos,13744431.0
2004,X,80,Estanio y sus manufacturas,ROW,Resto del mundo,49742627.0
2004,X,80,Estanio y sus manufacturas,RUS,Rusia,294029.0
2004,X,80,Estanio y sus manufacturas,USA,Estados Unidos,40258328.0
2004,X,99,Otros productos no especificados,ARE,Emiratos Arabes Unidos,2806035.0
2004,X,99,Otros productos no especificados,ARG,Argentina,32951439.0
2004,X,99,Otros productos no especificados,BEL,Belgica,697253.0
2004,X,99,Otros productos no especificados,BRA,Brasil,54068754.0
2004,X,99,Otros productos no especificados,CAN,Canada,191163.0
2004,X,99,Otros productos no especificados,CHE,Suiza,318662.0
2004,X,99,Otros productos no especificados,CHL,Chile,28902951.0
2004,X,99,Otros productos no especificados,CHN,China,42365480.0
2004,X,99,Otros productos no especificados,COL,Colombia,1263635.0
2004,X,99,Otros productos no especificados,DEU,Alemania,175823.0
2004,X,99,Otros productos no especificados,ECU,Ecuador,580846.0
2004,X,99,Otros productos no especificados,ESP,Espania,156297.0
2004,X,99,Otros productos no especificados,GBR,Reino Unido,591726.0
2004,X,99,Otros productos no especificados,IND,India,961195.0
2004,X,99,Otros productos no especificados,JPN,Japon,172367.0
2004,X,99,Otros productos no especificados,KOR,Corea del Sur,818153.0
2004,X,99,Otros productos no especificados,NLD,Paises Bajos,800162.0
2004,X,99,Otros productos no especificados,PER,Peru,39177265.0
2004,X,99,Otros productos no especificados,ROW,Resto del mundo,164179619.0
2004,X,99,Otros productos no especificados,RUS,Rusia,954272.0
2004,X,99,Otros productos no especificados,USA,Estados Unidos,79904809.0
2005,M,10,Cereales (trigo),ARG,Argentina,32329858.0
2005,M,10,Cereales (trigo),BRA,Brasil,7016085.0
2005,M,10,Cereales (trigo),ROW,Resto del mundo,18364806.0
2005,M,10,Cereales (trigo),USA,Estados Unidos,15489251.0
2005,M,27,"Combustibles (diesel, gasolinas)",ARG,Argentina,50672319.0
2005,M,27,"Combustibles (diesel, gasolinas)",CHL,Chile,70213647.0
2005,M,27,"Combustibles (diesel, gasolinas)",PER,Peru,30026893.0
2005,M,27,"Combustibles (diesel, gasolinas)",ROW,Resto del mundo,98827910.0
2005,M,27,"Combustibles (diesel, gasolinas)",USA,Estados Unidos,67459231.0
2005,M,30,Productos farmaceuticos,ARG,Argentina,12306943.0
2005,M,30,Productos farmaceuticos,CHN,China,15308368.0
2005,M,30,Productos farmaceuticos,DEU,Alemania,14418840.0
2005,M,30,Productos farmaceuticos,ROW,Resto del mundo,58180169.0
2005,M,30,Productos farmaceuticos,USA,Estados Unidos,21785679.0
2005,M,31,Abonos (fertilizantes),CHN,China,18165872.0
2005,M,31,Abonos (fertilizantes),ROW,Resto del mundo,53023509.0
2005,M,31,Abonos (fertilizantes),RUS,Rusia,14934760.0
2005,M,31,Abonos (fertilizantes),USA,Estados Unidos,11475859.0
2005,M,39,Plasticos y sus manufacturas,BRA,Brasil,34115562.0
2005,M,39,Plasticos y sus manufacturas,CHN,China,43158699.0
2005,M,39,Plasticos y sus manufacturas,ROW,Resto del mundo,72740097.0
2005,M,39,Plasticos y sus manufacturas,USA,Estados Unidos,20785643.0
2005,M,72,"Fundicion, hierro y acero",BRA,Brasil,44633375.0
2005,M,72,"Fundicion, hierro y acero",CHN,China,50329421.0
2005,M,72,"Fundicion, hierro y acero",PER,Peru,16224848.0
2005,M,72,"Fundicion, hierro y acero",ROW,Resto del mundo,59612356.0
2005,M,84,Maquinas y aparatos mecanicos,BRA,Brasil,75481277.0
2005,M,84,Maquinas y aparatos mecanicos,CHN,China,135183908.0
2005,M,84,Maquinas y aparatos mecanicos,DEU,Alemania,33150019.0
2005,M,84,Maquinas y aparatos mecanicos,ROW,Resto del mundo,131393928.0
2005,M,84,Maquinas y aparatos mecanicos,USA,Estados Unidos,63990869.0
2005,M,85,Maquinas y material electrico,BRA,Brasil,37661010.0
2005,M,85,Maquinas y material electrico,CHN,China,121484025.0
2005,M,85,Maquinas y material electrico,ROW,Resto del mundo,101638901.0
2005,M,85,Maquinas y material electrico,USA,Estados Unidos,32016064.0
2005,M,87,Vehiculos automoviles y partes,BRA,Brasil,56493479.0
2005,M,87,Vehiculos automoviles y partes,CHN,China,91221785.0
2005,M,87,Vehiculos automoviles y partes,JPN,Japon,68460435.0
2005,M,87,Vehiculos automoviles y partes,ROW,Resto del mundo,95434585.0
2005,M,87,Vehiculos automoviles y partes,USA,Estados Unidos,29989716.0
2005,M,99,Otros productos no especificados,BRA,Brasil,65810242.0
2005,M,99,Otros productos no especificados,CHN,China,81648305.0
2005,M,99,Otros productos no especificados,PER,Peru,40917439.0
2005,M,99,Otros productos no especificados,ROW,Resto del mundo,187322551.0
2005,M,99,Otros productos no especificados,USA,Estados Unidos,39101464.0
2005,X,02,Carnes (bovina),CHN,China,7888347.0
2005,X,02,Carnes (bovina),ECU,Ecuador,469929.0
2005,X,02,Carnes (bovina),IND,India,181880.0
2005,X,02,Carnes (bovina),PER,Peru,1009056.0
2005,X,02,Carnes (bovina),ROW,Resto del mundo,1411511.0
2005,X,08,Frutas y frutos (castania / nuez del Brasil),ARG,Argentina,402837.0
2005,X,08,Frutas y frutos (castania / nuez del Brasil),CHE,Suiza,116275.0
2005,X,08,Frutas y frutos (castania / nuez del Brasil),CHL,Chile,154412.0
2005,X,08,Frutas y frutos (castania / nuez del Brasil),ESP,Espania,5656858.0
2005,X,08,Frutas y frutos (castania / nuez del Brasil),GBR,Reino Unido,11559698.0
2005,X,08,Frutas y frutos (castania / nuez del Brasil),IND,India,164013.0
2005,X,08,Frutas y frutos (castania / nuez del Brasil),NLD,Paises Bajos,10522234.0
2005,X,08,Frutas y frutos (castania / nuez del Brasil),ROW,Resto del mundo,18788165.0
2005,X,08,Frutas y frutos (castania / nuez del Brasil),RUS,Rusia,151731.0
2005,X,08,Frutas y frutos (castania / nuez del Brasil),USA,Estados Unidos,7459421.0
2005,X,12,Semillas oleaginosas (grano de soya),ARE,Emiratos Arabes Unidos,215507.0
2005,X,12,Semillas oleaginosas (grano de soya),ARG,Argentina,14885004.0
2005,X,12,Semillas oleaginosas (grano de soya),BRA,Brasil,144508.0
2005,X,12,Semillas oleaginosas (grano de soya),CAN,Canada,388388.0
2005,X,12,Semillas oleaginosas (grano de soya),CHL,Chile,731959.0
2005,X,12,Semillas oleaginosas (grano de soya),COL,Colombia,16063097.0
2005,X,12,Semillas oleaginosas (grano de soya),DEU,Alemania,220636.0
2005,X,12,Semillas oleaginosas (grano de soya),ECU,Ecuador,160758.0
2005,X,12,Semillas oleaginosas (grano de soya),ESP,Espania,262761.0
2005,X,12,Semillas oleaginosas (grano de soya),IND,India,167081.0
2005,X,12,Semillas oleaginosas (grano de soya),KOR,Corea del Sur,199479.0
2005,X,12,Semillas oleaginosas (grano de soya),NLD,Paises Bajos,153190.0
2005,X,12,Semillas oleaginosas (grano de soya),PER,Peru,13681263.0
2005,X,12,Semillas oleaginosas (grano de soya),ROW,Resto del mundo,30275527.0
2005,X,12,Semillas oleaginosas (grano de soya),RUS,Rusia,197205.0
2005,X,15,Grasas y aceites (aceite de soya),ARE,Emiratos Arabes Unidos,623761.0
2005,X,15,Grasas y aceites (aceite de soya),CAN,Canada,230312.0
2005,X,15,Grasas y aceites (aceite de soya),CHL,Chile,13915556.0
2005,X,15,Grasas y aceites (aceite de soya),CHN,China,149063.0
2005,X,15,Grasas y aceites (aceite de soya),COL,Colombia,30846539.0
2005,X,15,Grasas y aceites (aceite de soya),ECU,Ecuador,17483473.0
2005,X,15,Grasas y aceites (aceite de soya),ESP,Espania,314352.0
2005,X,15,Grasas y aceites (aceite de soya),GBR,Reino Unido,214014.0
2005,X,15,Grasas y aceites (aceite de soya),KOR,Corea del Sur,548215.0
2005,X,15,Grasas y aceites (aceite de soya),NLD,Paises Bajos,156577.0
2005,X,15,Grasas y aceites (aceite de soya),PER,Peru,28368085.0
2005,X,15,Grasas y aceites (aceite de soya),ROW,Resto del mundo,31442210.0
2005,X,15,Grasas y aceites (aceite de soya),RUS,Rusia,127372.0
2005,X,15,Grasas y aceites (aceite de soya),USA,Estados Unidos,393442.0
2005,X,23,Residuos de la industria alimentaria (torta de soya),ARE,Emiratos Arabes Unidos,112876.0
2005,X,23,Residuos de la industria alimentaria (torta de soya),ARG,Argentina,246810.0
2005,X,23,Residuos de la industria alimentaria (torta de soya),BEL,Belgica,319317.0
2005,X,23,Residuos de la industria alimentaria (torta de soya),BRA,Brasil,136125.0
2005,X,23,Residuos de la industria alimentaria (torta de soya),CAN,Canada,906914.0
2005,X,23,Residuos de la industria alimentaria (torta de soya),CHE,Suiza,765864.0
2005,X,23,Residuos de la industria alimentaria (torta de soya),CHL,Chile,19324095.0
2005,X,23,Residuos de la industria alimentaria (torta de soya),CHN,China,789071.0
2005,X,23,Residuos de la industria alimentaria (torta de soya),COL,Colombia,68431662.0
2005,X,23,Residuos de la industria alimentaria (torta de soya),DEU,Alemania,749841.0
2005,X,23,Residuos de la industria alimentaria (torta de soya),ECU,Ecuador,51912547.0
2005,X,23,Residuos de la industria alimentaria (torta de soya),ESP,Espania,205341.0
2005,X,23,Residuos de la industria alimentaria (torta de soya),GBR,Reino Unido,1507562.0
2005,X,23,Residuos de la industria alimentaria (torta de soya),IND,India,100602.0
2005,X,23,Residuos de la industria alimentaria (torta de soya),JPN,Japon,434287.0
2005,X,23,Residuos de la industria alimentaria (torta de soya),KOR,Corea del Sur,177807.0
2005,X,23,Residuos de la industria alimentaria (torta de soya),NLD,Paises Bajos,223976.0
2005,X,23,Residuos de la industria alimentaria (torta de soya),PER,Peru,75561435.0
2005,X,23,Residuos de la industria alimentaria (torta de soya),ROW,Resto del mundo,28040099.0
2005,X,23,Residuos de la industria alimentaria (torta de soya),RUS,Rusia,164745.0
2005,X,23,Residuos de la industria alimentaria (torta de soya),USA,Estados Unidos,403586.0
2005,X,25,"Sal, azufre, boratos (ulexita)",ARG,Argentina,184981.0
2005,X,25,"Sal, azufre, boratos (ulexita)",BRA,Brasil,5286504.0
2005,X,25,"Sal, azufre, boratos (ulexita)",CAN,Canada,132100.0
2005,X,25,"Sal, azufre, boratos (ulexita)",CHN,China,2835624.0
2005,X,25,"Sal, azufre, boratos (ulexita)",DEU,Alemania,214541.0
2005,X,25,"Sal, azufre, boratos (ulexita)",ROW,Resto del mundo,12386459.0
2005,X,25,"Sal, azufre, boratos (ulexita)",USA,Estados Unidos,6349680.0
2005,X,26,"Minerales metaliferos (zinc, plomo, plata en concentrado)",ARE,Emiratos Arabes Unidos,1574717.0
2005,X,26,"Minerales metaliferos (zinc, plomo, plata en concentrado)",ARG,Argentina,112042.0
2005,X,26,"Minerales metaliferos (zinc, plomo, plata en concentrado)",BEL,Belgica,30919869.0
2005,X,26,"Minerales metaliferos (zinc, plomo, plata en concentrado)",BRA,Brasil,260493.0
2005,X,26,"Minerales metaliferos (zinc, plomo, plata en concentrado)",CAN,Canada,512080.0
2005,X,26,"Minerales metaliferos (zinc, plomo, plata en concentrado)",CHE,Suiza,2210106.0
2005,X,26,"Minerales metaliferos (zinc, plomo, plata en concentrado)",CHL,Chile,173038.0
2005,X,26,"Minerales metaliferos (zinc, plomo, plata en concentrado)",CHN,China,66683057.0
2005,X,26,"Minerales metaliferos (zinc, plomo, plata en concentrado)",COL,Colombia,338020.0
2005,X,26,"Minerales metaliferos (zinc, plomo, plata en concentrado)",DEU,Alemania,3109848.0
2005,X,26,"Minerales metaliferos (zinc, plomo, plata en concentrado)",ECU,Ecuador,317526.0
2005,X,26,"Minerales metaliferos (zinc, plomo, plata en concentrado)",ESP,Espania,24910260.0
2005,X,26,"Minerales metaliferos (zinc, plomo, plata en concentrado)",IND,India,34106221.0
2005,X,26,"Minerales metaliferos (zinc, plomo, plata en concentrado)",JPN,Japon,58677726.0
2005,X,26,"Minerales metaliferos (zinc, plomo, plata en concentrado)",KOR,Corea del Sur,42530868.0
2005,X,26,"Minerales metaliferos (zinc, plomo, plata en concentrado)",NLD,Paises Bajos,21748109.0
2005,X,26,"Minerales metaliferos (zinc, plomo, plata en concentrado)",PER,Peru,126152.0
2005,X,26,"Minerales metaliferos (zinc, plomo, plata en concentrado)",ROW,Resto del mundo,44801243.0
2005,X,26,"Minerales metaliferos (zinc, plomo, plata en concentrado)",RUS,Rusia,303340.0
2005,X,26,"Minerales metaliferos (zinc, plomo, plata en concentrado)",USA,Estados Unidos,537783.0
2005,X,27,Combustibles minerales (gas natural),ARE,Emiratos Arabes Unidos,1710566.0
2005,X,27,Combustibles minerales (gas natural),ARG,Argentina,247693897.0
2005,X,27,Combustibles minerales (gas natural),BEL,Belgica,1882282.0
2005,X,27,Combustibles minerales (gas natural),BRA,Brasil,621243273.0
2005,X,27,Combustibles minerales (gas natural),CAN,Canada,993102.0
2005,X,27,Combustibles minerales (gas natural),CHE,Suiza,405101.0
2005,X,27,Combustibles minerales (gas natural),CHL,Chile,1246953.0
2005,X,27,Combustibles minerales (gas natural),CHN,China,5004698.0
2005,X,27,Combustibles minerales (gas natural),COL,Colombia,1627290.0
2005,X,27,Combustibles minerales (gas natural),DEU,Alemania,1108780.0
2005,X,27,Combustibles minerales (gas natural),ECU,Ecuador,2385828.0
2005,X,27,Combustibles minerales (gas natural),ESP,Espania,872968.0
2005,X,27,Combustibles minerales (gas natural),GBR,Reino Unido,2837330.0
2005,X,27,Combustibles minerales (gas natural),IND,India,991454.0
2005,X,27,Combustibles minerales (gas natural),JPN,Japon,871141.0
2005,X,27,Combustibles minerales (gas natural),KOR,Corea del Sur,4260882.0
2005,X,27,Combustibles minerales (gas natural),NLD,Paises Bajos,609199.0
2005,X,27,Combustibles minerales (gas natural),PER,Peru,2082732.0
2005,X,27,Combustibles minerales (gas natural),ROW,Resto del mundo,15360590.0
2005,X,27,Combustibles minerales (gas natural),RUS,Rusia,4939479.0
2005,X,27,Combustibles minerales (gas natural),USA,Estados Unidos,425850.0
2005,X,44,Madera y manufacturas de madera,ARG,Argentina,11775822.0
2005,X,44,Madera y manufacturas de madera,BEL,Belgica,231419.0
2005,X,44,Madera y manufacturas de madera,CAN,Canada,926254.0
2005,X,44,Madera y manufacturas de madera,ECU,Ecuador,222938.0
2005,X,44,Madera y manufacturas de madera,GBR,Reino Unido,116619.0
2005,X,44,Madera y manufacturas de madera,KOR,Corea del Sur,271177.0
2005,X,44,Madera y manufacturas de madera,NLD,Paises Bajos,448208.0
2005,X,44,Madera y manufacturas de madera,PER,Peru,7823116.0
2005,X,44,Madera y manufacturas de madera,ROW,Resto del mundo,44156670.0
2005,X,44,Madera y manufacturas de madera,RUS,Rusia,394012.0
2005,X,44,Madera y manufacturas de madera,USA,Estados Unidos,16621522.0
2005,X,71,"Metales y piedras preciosas (oro, plata metalica, joyeria)",ARE,Emiratos Arabes Unidos,50794136.0
2005,X,71,"Metales y piedras preciosas (oro, plata metalica, joyeria)",ARG,Argentina,455234.0
2005,X,71,"Metales y piedras preciosas (oro, plata metalica, joyeria)",BEL,Belgica,191888.0
2005,X,71,"Metales y piedras preciosas (oro, plata metalica, joyeria)",BRA,Brasil,1095123.0
2005,X,71,"Metales y piedras preciosas (oro, plata metalica, joyeria)",CAN,Canada,12530232.0
2005,X,71,"Metales y piedras preciosas (oro, plata metalica, joyeria)",CHE,Suiza,39668429.0
2005,X,71,"Metales y piedras preciosas (oro, plata metalica, joyeria)",CHN,China,2337280.0
2005,X,71,"Metales y piedras preciosas (oro, plata metalica, joyeria)",COL,Colombia,711465.0
2005,X,71,"Metales y piedras preciosas (oro, plata metalica, joyeria)",ECU,Ecuador,1362458.0
2005,X,71,"Metales y piedras preciosas (oro, plata metalica, joyeria)",GBR,Reino Unido,517081.0
2005,X,71,"Metales y piedras preciosas (oro, plata metalica, joyeria)",IND,India,97613032.0
2005,X,71,"Metales y piedras preciosas (oro, plata metalica, joyeria)",JPN,Japon,322368.0
2005,X,71,"Metales y piedras preciosas (oro, plata metalica, joyeria)",KOR,Corea del Sur,395482.0
2005,X,71,"Metales y piedras preciosas (oro, plata metalica, joyeria)",PER,Peru,1390458.0
2005,X,71,"Metales y piedras preciosas (oro, plata metalica, joyeria)",ROW,Resto del mundo,38518203.0
2005,X,71,"Metales y piedras preciosas (oro, plata metalica, joyeria)",RUS,Rusia,580590.0
2005,X,71,"Metales y piedras preciosas (oro, plata metalica, joyeria)",USA,Estados Unidos,29584441.0
2005,X,80,Estanio y sus manufacturas,ARG,Argentina,247952.0
2005,X,80,Estanio y sus manufacturas,BEL,Belgica,17539796.0
2005,X,80,Estanio y sus manufacturas,BRA,Brasil,26153379.0
2005,X,80,Estanio y sus manufacturas,CHE,Suiza,936842.0
2005,X,80,Estanio y sus manufacturas,CHL,Chile,228374.0
2005,X,80,Estanio y sus manufacturas,CHN,China,504734.0
2005,X,80,Estanio y sus manufacturas,COL,Colombia,325826.0
2005,X,80,Estanio y sus manufacturas,DEU,Alemania,196812.0
2005,X,80,Estanio y sus manufacturas,ECU,Ecuador,127552.0
2005,X,80,Estanio y sus manufacturas,GBR,Reino Unido,150053.0
2005,X,80,Estanio y sus manufacturas,IND,India,1043390.0
2005,X,80,Estanio y sus manufacturas,KOR,Corea del Sur,227262.0
2005,X,80,Estanio y sus manufacturas,NLD,Paises Bajos,15504425.0
2005,X,80,Estanio y sus manufacturas,PER,Peru,327280.0
2005,X,80,Estanio y sus manufacturas,ROW,Resto del mundo,54896922.0
2005,X,80,Estanio y sus manufacturas,USA,Estados Unidos,48293426.0
2005,X,99,Otros productos no especificados,ARE,Emiratos Arabes Unidos,5850892.0
2005,X,99,Otros productos no especificados,ARG,Argentina,42289398.0
2005,X,99,Otros productos no especificados,BEL,Belgica,356648.0
2005,X,99,Otros productos no especificados,BRA,Brasil,60790663.0
2005,X,99,Otros productos no especificados,CAN,Canada,1670680.0
2005,X,99,Otros productos no especificados,CHE,Suiza,1030121.0
2005,X,99,Otros productos no especificados,CHL,Chile,38592168.0
2005,X,99,Otros productos no especificados,CHN,China,48282880.0
2005,X,99,Otros productos no especificados,COL,Colombia,1925185.0
2005,X,99,Otros productos no especificados,DEU,Alemania,907359.0
2005,X,99,Otros productos no especificados,ECU,Ecuador,266566.0
2005,X,99,Otros productos no especificados,ESP,Espania,691734.0
2005,X,99,Otros productos no especificados,GBR,Reino Unido,967747.0
2005,X,99,Otros productos no especificados,IND,India,726983.0
2005,X,99,Otros productos no especificados,JPN,Japon,1090968.0
2005,X,99,Otros productos no especificados,KOR,Corea del Sur,1349755.0
2005,X,99,Otros productos no especificados,NLD,Paises Bajos,962285.0
2005,X,99,Otros productos no especificados,PER,Peru,51037500.0
2005,X,99,Otros productos no especificados,ROW,Resto del mundo,178887296.0
2005,X,99,Otros productos no especificados,RUS,Rusia,415062.0
2005,X,99,Otros productos no especificados,USA,Estados Unidos,99122671.0
2006,M,10,Cereales (trigo),ARG,Argentina,39632172.0
2006,M,10,Cereales (trigo),BRA,Brasil,8617445.0
2006,M,10,Cereales (trigo),ROW,Resto del mundo,22530858.0
2006,M,10,Cereales (trigo),USA,Estados Unidos,16999525.0
2006,M,27,"Combustibles (diesel, gasolinas)",ARG,Argentina,67389779.0
2006,M,27,"Combustibles (diesel, gasolinas)",CHL,Chile,86539466.0
2006,M,27,"Combustibles (diesel, gasolinas)",PER,Peru,41046095.0
2006,M,27,"Combustibles (diesel, gasolinas)",ROW,Resto del mundo,110749421.0
2006,M,27,"Combustibles (diesel, gasolinas)",USA,Estados Unidos,74655239.0
2006,M,30,Productos farmaceuticos,ARG,Argentina,15333885.0
2006,M,30,Productos farmaceuticos,CHN,China,15812908.0
2006,M,30,Productos farmaceuticos,DEU,Alemania,16578558.0
2006,M,30,Productos farmaceuticos,ROW,Resto del mundo,72263306.0
2006,M,30,Productos farmaceuticos,USA,Estados Unidos,26311343.0
2006,M,31,Abonos (fertilizantes),CHN,China,22982679.0
2006,M,31,Abonos (fertilizantes),ROW,Resto del mundo,62241246.0
2006,M,31,Abonos (fertilizantes),RUS,Rusia,16988741.0
2006,M,31,Abonos (fertilizantes),USA,Estados Unidos,14827334.0
2006,M,39,Plasticos y sus manufacturas,BRA,Brasil,41556716.0
2006,M,39,Plasticos y sus manufacturas,CHN,China,54448629.0
2006,M,39,Plasticos y sus manufacturas,ROW,Resto del mundo,84372282.0
2006,M,39,Plasticos y sus manufacturas,USA,Estados Unidos,24442374.0
2006,M,72,"Fundicion, hierro y acero",BRA,Brasil,53652833.0
2006,M,72,"Fundicion, hierro y acero",CHN,China,62166955.0
2006,M,72,"Fundicion, hierro y acero",PER,Peru,21727888.0
2006,M,72,"Fundicion, hierro y acero",ROW,Resto del mundo,67272325.0
2006,M,84,Maquinas y aparatos mecanicos,BRA,Brasil,100366904.0
2006,M,84,Maquinas y aparatos mecanicos,CHN,China,146752777.0
2006,M,84,Maquinas y aparatos mecanicos,DEU,Alemania,41993257.0
2006,M,84,Maquinas y aparatos mecanicos,ROW,Resto del mundo,153809036.0
2006,M,84,Maquinas y aparatos mecanicos,USA,Estados Unidos,83758025.0
2006,M,85,Maquinas y material electrico,BRA,Brasil,42607100.0
2006,M,85,Maquinas y material electrico,CHN,China,136902818.0
2006,M,85,Maquinas y material electrico,ROW,Resto del mundo,138323581.0
2006,M,85,Maquinas y material electrico,USA,Estados Unidos,33286500.0
2006,M,87,Vehiculos automoviles y partes,BRA,Brasil,60053421.0
2006,M,87,Vehiculos automoviles y partes,CHN,China,128977374.0
2006,M,87,Vehiculos automoviles y partes,JPN,Japon,71697473.0
2006,M,87,Vehiculos automoviles y partes,ROW,Resto del mundo,105370877.0
2006,M,87,Vehiculos automoviles y partes,USA,Estados Unidos,43540854.0
2006,M,99,Otros productos no especificados,BRA,Brasil,82737189.0
2006,M,99,Otros productos no especificados,CHN,China,91286421.0
2006,M,99,Otros productos no especificados,PER,Peru,45700424.0
2006,M,99,Otros productos no especificados,ROW,Resto del mundo,229934778.0
2006,M,99,Otros productos no especificados,USA,Estados Unidos,47761187.0
2006,X,02,Carnes (bovina),CHN,China,10102648.0
2006,X,02,Carnes (bovina),ECU,Ecuador,826976.0
2006,X,02,Carnes (bovina),GBR,Reino Unido,103537.0
2006,X,02,Carnes (bovina),PER,Peru,1692967.0
2006,X,02,Carnes (bovina),ROW,Resto del mundo,2384222.0
2006,X,02,Carnes (bovina),USA,Estados Unidos,124560.0
2006,X,08,Frutas y frutos (castania / nuez del Brasil),ARE,Emiratos Arabes Unidos,369037.0
2006,X,08,Frutas y frutos (castania / nuez del Brasil),BEL,Belgica,144902.0
2006,X,08,Frutas y frutos (castania / nuez del Brasil),BRA,Brasil,250526.0
2006,X,08,Frutas y frutos (castania / nuez del Brasil),CHE,Suiza,318578.0
2006,X,08,Frutas y frutos (castania / nuez del Brasil),CHL,Chile,179801.0
2006,X,08,Frutas y frutos (castania / nuez del Brasil),CHN,China,207609.0
2006,X,08,Frutas y frutos (castania / nuez del Brasil),ECU,Ecuador,169543.0
2006,X,08,Frutas y frutos (castania / nuez del Brasil),ESP,Espania,7468872.0
2006,X,08,Frutas y frutos (castania / nuez del Brasil),GBR,Reino Unido,15126372.0
2006,X,08,Frutas y frutos (castania / nuez del Brasil),JPN,Japon,308274.0
2006,X,08,Frutas y frutos (castania / nuez del Brasil),NLD,Paises Bajos,12827625.0
2006,X,08,Frutas y frutos (castania / nuez del Brasil),PER,Peru,151666.0
2006,X,08,Frutas y frutos (castania / nuez del Brasil),ROW,Resto del mundo,27775823.0
2006,X,08,Frutas y frutos (castania / nuez del Brasil),RUS,Rusia,124310.0
2006,X,08,Frutas y frutos (castania / nuez del Brasil),USA,Estados Unidos,11876350.0
2006,X,12,Semillas oleaginosas (grano de soya),ARE,Emiratos Arabes Unidos,241342.0
2006,X,12,Semillas oleaginosas (grano de soya),ARG,Argentina,18185012.0
2006,X,12,Semillas oleaginosas (grano de soya),BEL,Belgica,181727.0
2006,X,12,Semillas oleaginosas (grano de soya),CHE,Suiza,363386.0
2006,X,12,Semillas oleaginosas (grano de soya),COL,Colombia,20346491.0
2006,X,12,Semillas oleaginosas (grano de soya),ESP,Espania,164219.0
2006,X,12,Semillas oleaginosas (grano de soya),GBR,Reino Unido,1582871.0
2006,X,12,Semillas oleaginosas (grano de soya),JPN,Japon,151005.0
2006,X,12,Semillas oleaginosas (grano de soya),KOR,Corea del Sur,310420.0
2006,X,12,Semillas oleaginosas (grano de soya),NLD,Paises Bajos,172412.0
2006,X,12,Semillas oleaginosas (grano de soya),PER,Peru,20208312.0
2006,X,12,Semillas oleaginosas (grano de soya),ROW,Resto del mundo,42225066.0
2006,X,12,Semillas oleaginosas (grano de soya),USA,Estados Unidos,174000.0
2006,X,15,Grasas y aceites (aceite de soya),ARE,Emiratos Arabes Unidos,1089260.0
2006,X,15,Grasas y aceites (aceite de soya),ARG,Argentina,197026.0
2006,X,15,Grasas y aceites (aceite de soya),BEL,Belgica,172440.0
2006,X,15,Grasas y aceites (aceite de soya),CAN,Canada,433214.0
2006,X,15,Grasas y aceites (aceite de soya),CHL,Chile,16364165.0
2006,X,15,Grasas y aceites (aceite de soya),COL,Colombia,43239599.0
2006,X,15,Grasas y aceites (aceite de soya),DEU,Alemania,499763.0
2006,X,15,Grasas y aceites (aceite de soya),ECU,Ecuador,25315284.0
2006,X,15,Grasas y aceites (aceite de soya),GBR,Reino Unido,191746.0
2006,X,15,Grasas y aceites (aceite de soya),IND,India,339943.0
2006,X,15,Grasas y aceites (aceite de soya),JPN,Japon,197846.0
2006,X,15,Grasas y aceites (aceite de soya),KOR,Corea del Sur,224354.0
2006,X,15,Grasas y aceites (aceite de soya),NLD,Paises Bajos,453440.0
2006,X,15,Grasas y aceites (aceite de soya),PER,Peru,41733510.0
2006,X,15,Grasas y aceites (aceite de soya),ROW,Resto del mundo,37361859.0
2006,X,23,Residuos de la industria alimentaria (torta de soya),ARE,Emiratos Arabes Unidos,272904.0
2006,X,23,Residuos de la industria alimentaria (torta de soya),ARG,Argentina,235223.0
2006,X,23,Residuos de la industria alimentaria (torta de soya),BEL,Belgica,1160315.0
2006,X,23,Residuos de la industria alimentaria (torta de soya),BRA,Brasil,624585.0
2006,X,23,Residuos de la industria alimentaria (torta de soya),CAN,Canada,243751.0
2006,X,23,Residuos de la industria alimentaria (torta de soya),CHE,Suiza,421872.0
2006,X,23,Residuos de la industria alimentaria (torta de soya),CHL,Chile,28314751.0
2006,X,23,Residuos de la industria alimentaria (torta de soya),COL,Colombia,98306761.0
2006,X,23,Residuos de la industria alimentaria (torta de soya),DEU,Alemania,2868747.0
2006,X,23,Residuos de la industria alimentaria (torta de soya),ECU,Ecuador,65012010.0
2006,X,23,Residuos de la industria alimentaria (torta de soya),GBR,Reino Unido,739549.0
2006,X,23,Residuos de la industria alimentaria (torta de soya),IND,India,183107.0
2006,X,23,Residuos de la industria alimentaria (torta de soya),JPN,Japon,251936.0
2006,X,23,Residuos de la industria alimentaria (torta de soya),KOR,Corea del Sur,1276582.0
2006,X,23,Residuos de la industria alimentaria (torta de soya),NLD,Paises Bajos,601721.0
2006,X,23,Residuos de la industria alimentaria (torta de soya),PER,Peru,92655906.0
2006,X,23,Residuos de la industria alimentaria (torta de soya),ROW,Resto del mundo,40578965.0
2006,X,23,Residuos de la industria alimentaria (torta de soya),RUS,Rusia,1333514.0
2006,X,23,Residuos de la industria alimentaria (torta de soya),USA,Estados Unidos,1127256.0
2006,X,25,"Sal, azufre, boratos (ulexita)",BRA,Brasil,7494329.0
2006,X,25,"Sal, azufre, boratos (ulexita)",CHL,Chile,152349.0
2006,X,25,"Sal, azufre, boratos (ulexita)",CHN,China,4180130.0
2006,X,25,"Sal, azufre, boratos (ulexita)",ESP,Espania,112457.0
2006,X,25,"Sal, azufre, boratos (ulexita)",IND,India,495364.0
2006,X,25,"Sal, azufre, boratos (ulexita)",PER,Peru,125843.0
2006,X,25,"Sal, azufre, boratos (ulexita)",ROW,Resto del mundo,16807606.0
2006,X,25,"Sal, azufre, boratos (ulexita)",USA,Estados Unidos,8959779.0
2006,X,26,"Minerales metaliferos (zinc, plomo, plata en concentrado)",ARE,Emiratos Arabes Unidos,986529.0
2006,X,26,"Minerales metaliferos (zinc, plomo, plata en concentrado)",ARG,Argentina,2355491.0
2006,X,26,"Minerales metaliferos (zinc, plomo, plata en concentrado)",BEL,Belgica,45328056.0
2006,X,26,"Minerales metaliferos (zinc, plomo, plata en concentrado)",BRA,Brasil,414443.0
2006,X,26,"Minerales metaliferos (zinc, plomo, plata en concentrado)",CAN,Canada,284941.0
2006,X,26,"Minerales metaliferos (zinc, plomo, plata en concentrado)",CHE,Suiza,1260841.0
2006,X,26,"Minerales metaliferos (zinc, plomo, plata en concentrado)",CHL,Chile,2763477.0
2006,X,26,"Minerales metaliferos (zinc, plomo, plata en concentrado)",CHN,China,98324831.0
2006,X,26,"Minerales metaliferos (zinc, plomo, plata en concentrado)",COL,Colombia,1614870.0
2006,X,26,"Minerales metaliferos (zinc, plomo, plata en concentrado)",DEU,Alemania,150414.0
2006,X,26,"Minerales metaliferos (zinc, plomo, plata en concentrado)",ECU,Ecuador,333717.0
2006,X,26,"Minerales metaliferos (zinc, plomo, plata en concentrado)",ESP,Espania,36666928.0
2006,X,26,"Minerales metaliferos (zinc, plomo, plata en concentrado)",GBR,Reino Unido,999438.0
2006,X,26,"Minerales metaliferos (zinc, plomo, plata en concentrado)",IND,India,51227275.0
2006,X,26,"Minerales metaliferos (zinc, plomo, plata en concentrado)",JPN,Japon,86579378.0
2006,X,26,"Minerales metaliferos (zinc, plomo, plata en concentrado)",KOR,Corea del Sur,52010251.0
2006,X,26,"Minerales metaliferos (zinc, plomo, plata en concentrado)",NLD,Paises Bajos,28305045.0
2006,X,26,"Minerales metaliferos (zinc, plomo, plata en concentrado)",PER,Peru,1465809.0
2006,X,26,"Minerales metaliferos (zinc, plomo, plata en concentrado)",ROW,Resto del mundo,65365083.0
2006,X,26,"Minerales metaliferos (zinc, plomo, plata en concentrado)",RUS,Rusia,106725.0
2006,X,26,"Minerales metaliferos (zinc, plomo, plata en concentrado)",USA,Estados Unidos,2114684.0
2006,X,27,Combustibles minerales (gas natural),ARE,Emiratos Arabes Unidos,6354140.0
2006,X,27,Combustibles minerales (gas natural),ARG,Argentina,380557414.0
2006,X,27,Combustibles minerales (gas natural),BEL,Belgica,1258344.0
2006,X,27,Combustibles minerales (gas natural),BRA,Brasil,995126983.0
2006,X,27,Combustibles minerales (gas natural),CAN,Canada,881205.0
2006,X,27,Combustibles minerales (gas natural),CHE,Suiza,1339682.0
2006,X,27,Combustibles minerales (gas natural),CHL,Chile,3939320.0
2006,X,27,Combustibles minerales (gas natural),CHN,China,550723.0
2006,X,27,Combustibles minerales (gas natural),COL,Colombia,150620.0
2006,X,27,Combustibles minerales (gas natural),DEU,Alemania,1755395.0
2006,X,27,Combustibles minerales (gas natural),ECU,Ecuador,2903189.0
2006,X,27,Combustibles minerales (gas natural),ESP,Espania,1727056.0
2006,X,27,Combustibles minerales (gas natural),GBR,Reino Unido,484155.0
2006,X,27,Combustibles minerales (gas natural),IND,India,2388067.0
2006,X,27,Combustibles minerales (gas natural),JPN,Japon,9298533.0
2006,X,27,Combustibles minerales (gas natural),KOR,Corea del Sur,5062165.0
2006,X,27,Combustibles minerales (gas natural),NLD,Paises Bajos,5227205.0
2006,X,27,Combustibles minerales (gas natural),PER,Peru,1129840.0
2006,X,27,Combustibles minerales (gas natural),ROW,Resto del mundo,31091037.0
2006,X,27,Combustibles minerales (gas natural),RUS,Rusia,2748078.0
2006,X,27,Combustibles minerales (gas natural),USA,Estados Unidos,7874949.0
2006,X,44,Madera y manufacturas de madera,ARE,Emiratos Arabes Unidos,742690.0
2006,X,44,Madera y manufacturas de madera,ARG,Argentina,15713476.0
2006,X,44,Madera y manufacturas de madera,BEL,Belgica,601604.0
2006,X,44,Madera y manufacturas de madera,BRA,Brasil,141726.0
2006,X,44,Madera y manufacturas de madera,COL,Colombia,221926.0
2006,X,44,Madera y manufacturas de madera,DEU,Alemania,248367.0
2006,X,44,Madera y manufacturas de madera,ESP,Espania,111156.0
2006,X,44,Madera y manufacturas de madera,IND,India,114455.0
2006,X,44,Madera y manufacturas de madera,NLD,Paises Bajos,364870.0
2006,X,44,Madera y manufacturas de madera,PER,Peru,11686607.0
2006,X,44,Madera y manufacturas de madera,ROW,Resto del mundo,52938765.0
2006,X,44,Madera y manufacturas de madera,RUS,Rusia,696026.0
2006,X,44,Madera y manufacturas de madera,USA,Estados Unidos,22035213.0
2006,X,71,"Metales y piedras preciosas (oro, plata metalica, joyeria)",ARE,Emiratos Arabes Unidos,58046500.0
2006,X,71,"Metales y piedras preciosas (oro, plata metalica, joyeria)",ARG,Argentina,198429.0
2006,X,71,"Metales y piedras preciosas (oro, plata metalica, joyeria)",BEL,Belgica,136167.0
2006,X,71,"Metales y piedras preciosas (oro, plata metalica, joyeria)",BRA,Brasil,299021.0
2006,X,71,"Metales y piedras preciosas (oro, plata metalica, joyeria)",CAN,Canada,19442011.0
2006,X,71,"Metales y piedras preciosas (oro, plata metalica, joyeria)",CHE,Suiza,61933527.0
2006,X,71,"Metales y piedras preciosas (oro, plata metalica, joyeria)",CHL,Chile,1093465.0
2006,X,71,"Metales y piedras preciosas (oro, plata metalica, joyeria)",CHN,China,1580422.0
2006,X,71,"Metales y piedras preciosas (oro, plata metalica, joyeria)",COL,Colombia,332527.0
2006,X,71,"Metales y piedras preciosas (oro, plata metalica, joyeria)",DEU,Alemania,916591.0
2006,X,71,"Metales y piedras preciosas (oro, plata metalica, joyeria)",ECU,Ecuador,498605.0
2006,X,71,"Metales y piedras preciosas (oro, plata metalica, joyeria)",ESP,Espania,920345.0
2006,X,71,"Metales y piedras preciosas (oro, plata metalica, joyeria)",GBR,Reino Unido,2511993.0
2006,X,71,"Metales y piedras preciosas (oro, plata metalica, joyeria)",IND,India,131214927.0
2006,X,71,"Metales y piedras preciosas (oro, plata metalica, joyeria)",JPN,Japon,1089453.0
2006,X,71,"Metales y piedras preciosas (oro, plata metalica, joyeria)",KOR,Corea del Sur,380410.0
2006,X,71,"Metales y piedras preciosas (oro, plata metalica, joyeria)",NLD,Paises Bajos,1116864.0
2006,X,71,"Metales y piedras preciosas (oro, plata metalica, joyeria)",PER,Peru,781717.0
2006,X,71,"Metales y piedras preciosas (oro, plata metalica, joyeria)",ROW,Resto del mundo,56833340.0
2006,X,71,"Metales y piedras preciosas (oro, plata metalica, joyeria)",RUS,Rusia,1164875.0
2006,X,71,"Metales y piedras preciosas (oro, plata metalica, joyeria)",USA,Estados Unidos,47610075.0
2006,X,80,Estanio y sus manufacturas,ARG,Argentina,614827.0
2006,X,80,Estanio y sus manufacturas,BEL,Belgica,21447817.0
2006,X,80,Estanio y sus manufacturas,BRA,Brasil,32286045.0
2006,X,80,Estanio y sus manufacturas,CHE,Suiza,130932.0
2006,X,80,Estanio y sus manufacturas,COL,Colombia,147893.0
2006,X,80,Estanio y sus manufacturas,DEU,Alemania,688700.0
2006,X,80,Estanio y sus manufacturas,GBR,Reino Unido,367299.0
2006,X,80,Estanio y sus manufacturas,IND,India,196117.0
2006,X,80,Estanio y sus manufacturas,JPN,Japon,135109.0
2006,X,80,Estanio y sus manufacturas,NLD,Paises Bajos,21693864.0
2006,X,80,Estanio y sus manufacturas,PER,Peru,4963296.0
2006,X,80,Estanio y sus manufacturas,ROW,Resto del mundo,74858926.0
2006,X,80,Estanio y sus manufacturas,RUS,Rusia,257011.0
2006,X,80,Estanio y sus manufacturas,USA,Estados Unidos,61686211.0
2006,X,99,Otros productos no especificados,ARE,Emiratos Arabes Unidos,1127905.0
2006,X,99,Otros productos no especificados,ARG,Argentina,52190488.0
2006,X,99,Otros productos no especificados,BEL,Belgica,1854832.0
2006,X,99,Otros productos no especificados,BRA,Brasil,81821128.0
2006,X,99,Otros productos no especificados,CAN,Canada,739120.0
2006,X,99,Otros productos no especificados,CHE,Suiza,460511.0
2006,X,99,Otros productos no especificados,CHL,Chile,47225943.0
2006,X,99,Otros productos no especificados,CHN,China,68520387.0
2006,X,99,Otros productos no especificados,COL,Colombia,5718604.0
2006,X,99,Otros productos no especificados,DEU,Alemania,4640758.0
2006,X,99,Otros productos no especificados,ECU,Ecuador,325914.0
2006,X,99,Otros productos no especificados,ESP,Espania,4169274.0
2006,X,99,Otros productos no especificados,GBR,Reino Unido,185599.0
2006,X,99,Otros productos no especificados,IND,India,1676957.0
2006,X,99,Otros productos no especificados,JPN,Japon,457287.0
2006,X,99,Otros productos no especificados,KOR,Corea del Sur,404779.0
2006,X,99,Otros productos no especificados,NLD,Paises Bajos,1086553.0
2006,X,99,Otros productos no especificados,PER,Peru,65413635.0
2006,X,99,Otros productos no especificados,ROW,Resto del mundo,238230420.0
2006,X,99,Otros productos no especificados,RUS,Rusia,695807.0
2006,X,99,Otros productos no especificados,USA,Estados Unidos,115168026.0
2007,M,10,Cereales (trigo),ARG,Argentina,44780241.0
2007,M,10,Cereales (trigo),BRA,Brasil,10826117.0
2007,M,10,Cereales (trigo),ROW,Resto del mundo,27642828.0
2007,M,10,Cereales (trigo),USA,Estados Unidos,24390814.0
2007,M,27,"Combustibles (diesel, gasolinas)",ARG,Argentina,84946039.0
2007,M,27,"Combustibles (diesel, gasolinas)",CHL,Chile,98806916.0
2007,M,27,"Combustibles (diesel, gasolinas)",PER,Peru,53065532.0
2007,M,27,"Combustibles (diesel, gasolinas)",ROW,Resto del mundo,138148202.0
2007,M,27,"Combustibles (diesel, gasolinas)",USA,Estados Unidos,91473310.0
2007,M,30,Productos farmaceuticos,ARG,Argentina,16606311.0
2007,M,30,Productos farmaceuticos,CHN,China,20914772.0
2007,M,30,Productos farmaceuticos,DEU,Alemania,23260122.0
2007,M,30,Productos farmaceuticos,ROW,Resto del mundo,87074543.0
2007,M,30,Productos farmaceuticos,USA,Estados Unidos,31544251.0
2007,M,31,Abonos (fertilizantes),CHN,China,30556084.0
2007,M,31,Abonos (fertilizantes),ROW,Resto del mundo,74409593.0
2007,M,31,Abonos (fertilizantes),RUS,Rusia,22027255.0
2007,M,31,Abonos (fertilizantes),USA,Estados Unidos,16527067.0
2007,M,39,Plasticos y sus manufacturas,BRA,Brasil,49084433.0
2007,M,39,Plasticos y sus manufacturas,CHN,China,70108030.0
2007,M,39,Plasticos y sus manufacturas,ROW,Resto del mundo,104333006.0
2007,M,39,Plasticos y sus manufacturas,USA,Estados Unidos,27634531.0
2007,M,72,"Fundicion, hierro y acero",BRA,Brasil,61879286.0
2007,M,72,"Fundicion, hierro y acero",CHN,China,77018212.0
2007,M,72,"Fundicion, hierro y acero",PER,Peru,26716662.0
2007,M,72,"Fundicion, hierro y acero",ROW,Resto del mundo,85545839.0
2007,M,84,Maquinas y aparatos mecanicos,BRA,Brasil,129083906.0
2007,M,84,Maquinas y aparatos mecanicos,CHN,China,178945662.0
2007,M,84,Maquinas y aparatos mecanicos,DEU,Alemania,53624430.0
2007,M,84,Maquinas y aparatos mecanicos,ROW,Resto del mundo,183167922.0
2007,M,84,Maquinas y aparatos mecanicos,USA,Estados Unidos,101018080.0
2007,M,85,Maquinas y material electrico,BRA,Brasil,46386745.0
2007,M,85,Maquinas y material electrico,CHN,China,172987072.0
2007,M,85,Maquinas y material electrico,ROW,Resto del mundo,168582936.0
2007,M,85,Maquinas y material electrico,USA,Estados Unidos,42603247.0
2007,M,87,Vehiculos automoviles y partes,BRA,Brasil,87695812.0
2007,M,87,Vehiculos automoviles y partes,CHN,China,145158469.0
2007,M,87,Vehiculos automoviles y partes,JPN,Japon,82131180.0
2007,M,87,Vehiculos automoviles y partes,ROW,Resto del mundo,138627015.0
2007,M,87,Vehiculos automoviles y partes,USA,Estados Unidos,48707525.0
2007,M,99,Otros productos no especificados,BRA,Brasil,107575577.0
2007,M,99,Otros productos no especificados,CHN,China,122368922.0
2007,M,99,Otros productos no especificados,PER,Peru,60021120.0
2007,M,99,Otros productos no especificados,ROW,Resto del mundo,259120574.0
2007,M,99,Otros productos no especificados,USA,Estados Unidos,60873809.0
2007,X,02,Carnes (bovina),CHN,China,11888359.0
2007,X,02,Carnes (bovina),ECU,Ecuador,897816.0
2007,X,02,Carnes (bovina),IND,India,201252.0
2007,X,02,Carnes (bovina),PER,Peru,1725005.0
2007,X,02,Carnes (bovina),ROW,Resto del mundo,2733929.0
2007,X,08,Frutas y frutos (castania / nuez del Brasil),ARE,Emiratos Arabes Unidos,258459.0
2007,X,08,Frutas y frutos (castania / nuez del Brasil),ARG,Argentina,190666.0
2007,X,08,Frutas y frutos (castania / nuez del Brasil),BEL,Belgica,440409.0
2007,X,08,Frutas y frutos (castania / nuez del Brasil),BRA,Brasil,215211.0
2007,X,08,Frutas y frutos (castania / nuez del Brasil),CAN,Canada,181254.0
2007,X,08,Frutas y frutos (castania / nuez del Brasil),CHN,China,164880.0
2007,X,08,Frutas y frutos (castania / nuez del Brasil),COL,Colombia,128260.0
2007,X,08,Frutas y frutos (castania / nuez del Brasil),ESP,Espania,9019525.0
2007,X,08,Frutas y frutos (castania / nuez del Brasil),GBR,Reino Unido,16522778.0
2007,X,08,Frutas y frutos (castania / nuez del Brasil),JPN,Japon,168478.0
2007,X,08,Frutas y frutos (castania / nuez del Brasil),KOR,Corea del Sur,359685.0
2007,X,08,Frutas y frutos (castania / nuez del Brasil),NLD,Paises Bajos,15441162.0
2007,X,08,Frutas y frutos (castania / nuez del Brasil),ROW,Resto del mundo,31927911.0
2007,X,08,Frutas y frutos (castania / nuez del Brasil),RUS,Rusia,202499.0
2007,X,08,Frutas y frutos (castania / nuez del Brasil),USA,Estados Unidos,13908166.0
2007,X,12,Semillas oleaginosas (grano de soya),ARG,Argentina,23390171.0
2007,X,12,Semillas oleaginosas (grano de soya),BEL,Belgica,430676.0
2007,X,12,Semillas oleaginosas (grano de soya),BRA,Brasil,243912.0
2007,X,12,Semillas oleaginosas (grano de soya),CAN,Canada,202041.0
2007,X,12,Semillas oleaginosas (grano de soya),CHE,Suiza,969006.0
2007,X,12,Semillas oleaginosas (grano de soya),CHN,China,107937.0
2007,X,12,Semillas oleaginosas (grano de soya),COL,Colombia,23706427.0
2007,X,12,Semillas oleaginosas (grano de soya),DEU,Alemania,212350.0
2007,X,12,Semillas oleaginosas (grano de soya),GBR,Reino Unido,137937.0
2007,X,12,Semillas oleaginosas (grano de soya),JPN,Japon,376638.0
2007,X,12,Semillas oleaginosas (grano de soya),KOR,Corea del Sur,591439.0
2007,X,12,Semillas oleaginosas (grano de soya),PER,Peru,23731150.0
2007,X,12,Semillas oleaginosas (grano de soya),ROW,Resto del mundo,41486962.0
2007,X,12,Semillas oleaginosas (grano de soya),RUS,Rusia,339890.0
2007,X,15,Grasas y aceites (aceite de soya),BEL,Belgica,266528.0
2007,X,15,Grasas y aceites (aceite de soya),BRA,Brasil,473451.0
2007,X,15,Grasas y aceites (aceite de soya),CAN,Canada,1071132.0
2007,X,15,Grasas y aceites (aceite de soya),CHL,Chile,15827597.0
2007,X,15,Grasas y aceites (aceite de soya),CHN,China,693305.0
2007,X,15,Grasas y aceites (aceite de soya),COL,Colombia,44971384.0
2007,X,15,Grasas y aceites (aceite de soya),DEU,Alemania,1102826.0
2007,X,15,Grasas y aceites (aceite de soya),ECU,Ecuador,26614348.0
2007,X,15,Grasas y aceites (aceite de soya),IND,India,304495.0
2007,X,15,Grasas y aceites (aceite de soya),JPN,Japon,106378.0
2007,X,15,Grasas y aceites (aceite de soya),KOR,Corea del Sur,160487.0
2007,X,15,Grasas y aceites (aceite de soya),NLD,Paises Bajos,382183.0
2007,X,15,Grasas y aceites (aceite de soya),PER,Peru,46967820.0
2007,X,15,Grasas y aceites (aceite de soya),ROW,Resto del mundo,46455940.0
2007,X,15,Grasas y aceites (aceite de soya),RUS,Rusia,461537.0
2007,X,15,Grasas y aceites (aceite de soya),USA,Estados Unidos,453216.0
2007,X,23,Residuos de la industria alimentaria (torta de soya),ARE,Emiratos Arabes Unidos,460330.0
2007,X,23,Residuos de la industria alimentaria (torta de soya),ARG,Argentina,176808.0
2007,X,23,Residuos de la industria alimentaria (torta de soya),BRA,Brasil,292987.0
2007,X,23,Residuos de la industria alimentaria (torta de soya),CAN,Canada,1165104.0
2007,X,23,Residuos de la industria alimentaria (torta de soya),CHE,Suiza,468250.0
2007,X,23,Residuos de la industria alimentaria (torta de soya),CHL,Chile,28456497.0
2007,X,23,Residuos de la industria alimentaria (torta de soya),CHN,China,1317599.0
2007,X,23,Residuos de la industria alimentaria (torta de soya),COL,Colombia,110294291.0
2007,X,23,Residuos de la industria alimentaria (torta de soya),DEU,Alemania,625554.0
2007,X,23,Residuos de la industria alimentaria (torta de soya),ECU,Ecuador,62287151.0
2007,X,23,Residuos de la industria alimentaria (torta de soya),ESP,Espania,490722.0
2007,X,23,Residuos de la industria alimentaria (torta de soya),GBR,Reino Unido,1448592.0
2007,X,23,Residuos de la industria alimentaria (torta de soya),IND,India,1836421.0
2007,X,23,Residuos de la industria alimentaria (torta de soya),JPN,Japon,601312.0
2007,X,23,Residuos de la industria alimentaria (torta de soya),KOR,Corea del Sur,412301.0
2007,X,23,Residuos de la industria alimentaria (torta de soya),NLD,Paises Bajos,675090.0
2007,X,23,Residuos de la industria alimentaria (torta de soya),PER,Peru,109696656.0
2007,X,23,Residuos de la industria alimentaria (torta de soya),ROW,Resto del mundo,50957309.0
2007,X,23,Residuos de la industria alimentaria (torta de soya),RUS,Rusia,861486.0
2007,X,23,Residuos de la industria alimentaria (torta de soya),USA,Estados Unidos,662792.0
2007,X,25,"Sal, azufre, boratos (ulexita)",ARE,Emiratos Arabes Unidos,325290.0
2007,X,25,"Sal, azufre, boratos (ulexita)",BRA,Brasil,9252437.0
2007,X,25,"Sal, azufre, boratos (ulexita)",CHN,China,4760443.0
2007,X,25,"Sal, azufre, boratos (ulexita)",ECU,Ecuador,101814.0
2007,X,25,"Sal, azufre, boratos (ulexita)",GBR,Reino Unido,128772.0
2007,X,25,"Sal, azufre, boratos (ulexita)",JPN,Japon,202453.0
2007,X,25,"Sal, azufre, boratos (ulexita)",KOR,Corea del Sur,132474.0
2007,X,25,"Sal, azufre, boratos (ulexita)",PER,Peru,153352.0
2007,X,25,"Sal, azufre, boratos (ulexita)",ROW,Resto del mundo,17898900.0
2007,X,25,"Sal, azufre, boratos (ulexita)",RUS,Rusia,153196.0
2007,X,25,"Sal, azufre, boratos (ulexita)",USA,Estados Unidos,11234136.0
2007,X,26,"Minerales metaliferos (zinc, plomo, plata en concentrado)",ARE,Emiratos Arabes Unidos,2078028.0
2007,X,26,"Minerales metaliferos (zinc, plomo, plata en concentrado)",ARG,Argentina,1065857.0
2007,X,26,"Minerales metaliferos (zinc, plomo, plata en concentrado)",BEL,Belgica,55423644.0
2007,X,26,"Minerales metaliferos (zinc, plomo, plata en concentrado)",BRA,Brasil,434660.0
2007,X,26,"Minerales metaliferos (zinc, plomo, plata en concentrado)",CAN,Canada,1913656.0
2007,X,26,"Minerales metaliferos (zinc, plomo, plata en concentrado)",CHE,Suiza,2521286.0
2007,X,26,"Minerales metaliferos (zinc, plomo, plata en concentrado)",CHL,Chile,1283663.0
2007,X,26,"Minerales metaliferos (zinc, plomo, plata en concentrado)",CHN,China,117360385.0
2007,X,26,"Minerales metaliferos (zinc, plomo, plata en concentrado)",COL,Colombia,1585093.0
2007,X,26,"Minerales metaliferos (zinc, plomo, plata en concentrado)",DEU,Alemania,108653.0
2007,X,26,"Minerales metaliferos (zinc, plomo, plata en concentrado)",ECU,Ecuador,176531.0
2007,X,26,"Minerales metaliferos (zinc, plomo, plata en concentrado)",ESP,Espania,42151138.0
2007,X,26,"Minerales metaliferos (zinc, plomo, plata en concentrado)",GBR,Reino Unido,228595.0
2007,X,26,"Minerales metaliferos (zinc, plomo, plata en concentrado)",IND,India,49655970.0
2007,X,26,"Minerales metaliferos (zinc, plomo, plata en concentrado)",JPN,Japon,112027611.0
2007,X,26,"Minerales metaliferos (zinc, plomo, plata en concentrado)",KOR,Corea del Sur,70357262.0
2007,X,26,"Minerales metaliferos (zinc, plomo, plata en concentrado)",NLD,Paises Bajos,32176855.0
2007,X,26,"Minerales metaliferos (zinc, plomo, plata en concentrado)",PER,Peru,321277.0
2007,X,26,"Minerales metaliferos (zinc, plomo, plata en concentrado)",ROW,Resto del mundo,75369865.0
2007,X,26,"Minerales metaliferos (zinc, plomo, plata en concentrado)",RUS,Rusia,644642.0
2007,X,26,"Minerales metaliferos (zinc, plomo, plata en concentrado)",USA,Estados Unidos,409451.0
2007,X,27,Combustibles minerales (gas natural),ARE,Emiratos Arabes Unidos,1429116.0
2007,X,27,Combustibles minerales (gas natural),ARG,Argentina,589281575.0
2007,X,27,Combustibles minerales (gas natural),BEL,Belgica,1580403.0
2007,X,27,Combustibles minerales (gas natural),BRA,Brasil,1219792290.0
2007,X,27,Combustibles minerales (gas natural),CAN,Canada,111246.0
2007,X,27,Combustibles minerales (gas natural),CHE,Suiza,2445946.0
2007,X,27,Combustibles minerales (gas natural),CHL,Chile,4824470.0
2007,X,27,Combustibles minerales (gas natural),CHN,China,12587764.0
2007,X,27,Combustibles minerales (gas natural),COL,Colombia,3271943.0
2007,X,27,Combustibles minerales (gas natural),DEU,Alemania,3297705.0
2007,X,27,Combustibles minerales (gas natural),ECU,Ecuador,479845.0
2007,X,27,Combustibles minerales (gas natural),ESP,Espania,800903.0
2007,X,27,Combustibles minerales (gas natural),GBR,Reino Unido,1010484.0
2007,X,27,Combustibles minerales (gas natural),IND,India,432867.0
2007,X,27,Combustibles minerales (gas natural),JPN,Japon,2928394.0
2007,X,27,Combustibles minerales (gas natural),KOR,Corea del Sur,1150916.0
2007,X,27,Combustibles minerales (gas natural),NLD,Paises Bajos,695174.0
2007,X,27,Combustibles minerales (gas natural),PER,Peru,5514946.0
2007,X,27,Combustibles minerales (gas natural),ROW,Resto del mundo,41489102.0
2007,X,27,Combustibles minerales (gas natural),RUS,Rusia,520501.0
2007,X,27,Combustibles minerales (gas natural),USA,Estados Unidos,2311066.0
2007,X,44,Madera y manufacturas de madera,ARE,Emiratos Arabes Unidos,355275.0
2007,X,44,Madera y manufacturas de madera,ARG,Argentina,16639257.0
2007,X,44,Madera y manufacturas de madera,BEL,Belgica,154240.0
2007,X,44,Madera y manufacturas de madera,CAN,Canada,114781.0
2007,X,44,Madera y manufacturas de madera,CHL,Chile,169663.0
2007,X,44,Madera y manufacturas de madera,CHN,China,651641.0
2007,X,44,Madera y manufacturas de madera,COL,Colombia,484908.0
2007,X,44,Madera y manufacturas de madera,DEU,Alemania,326480.0
2007,X,44,Madera y manufacturas de madera,ESP,Espania,387367.0
2007,X,44,Madera y manufacturas de madera,JPN,Japon,497473.0
2007,X,44,Madera y manufacturas de madera,PER,Peru,10394117.0
2007,X,44,Madera y manufacturas de madera,ROW,Resto del mundo,59405210.0
2007,X,44,Madera y manufacturas de madera,RUS,Rusia,248067.0
2007,X,44,Madera y manufacturas de madera,USA,Estados Unidos,20195243.0
2007,X,71,"Metales y piedras preciosas (oro, plata metalica, joyeria)",ARE,Emiratos Arabes Unidos,86048925.0
2007,X,71,"Metales y piedras preciosas (oro, plata metalica, joyeria)",ARG,Argentina,1203999.0
2007,X,71,"Metales y piedras preciosas (oro, plata metalica, joyeria)",BEL,Belgica,171702.0
2007,X,71,"Metales y piedras preciosas (oro, plata metalica, joyeria)",BRA,Brasil,263961.0
2007,X,71,"Metales y piedras preciosas (oro, plata metalica, joyeria)",CAN,Canada,22894642.0
2007,X,71,"Metales y piedras preciosas (oro, plata metalica, joyeria)",CHE,Suiza,66506030.0
2007,X,71,"Metales y piedras preciosas (oro, plata metalica, joyeria)",CHL,Chile,218779.0
2007,X,71,"Metales y piedras preciosas (oro, plata metalica, joyeria)",CHN,China,384710.0
2007,X,71,"Metales y piedras preciosas (oro, plata metalica, joyeria)",COL,Colombia,1255051.0
2007,X,71,"Metales y piedras preciosas (oro, plata metalica, joyeria)",DEU,Alemania,488163.0
2007,X,71,"Metales y piedras preciosas (oro, plata metalica, joyeria)",ESP,Espania,1352069.0
2007,X,71,"Metales y piedras preciosas (oro, plata metalica, joyeria)",GBR,Reino Unido,3085415.0
2007,X,71,"Metales y piedras preciosas (oro, plata metalica, joyeria)",IND,India,151031485.0
2007,X,71,"Metales y piedras preciosas (oro, plata metalica, joyeria)",JPN,Japon,329822.0
2007,X,71,"Metales y piedras preciosas (oro, plata metalica, joyeria)",KOR,Corea del Sur,333454.0
2007,X,71,"Metales y piedras preciosas (oro, plata metalica, joyeria)",NLD,Paises Bajos,395635.0
2007,X,71,"Metales y piedras preciosas (oro, plata metalica, joyeria)",PER,Peru,1231573.0
2007,X,71,"Metales y piedras preciosas (oro, plata metalica, joyeria)",ROW,Resto del mundo,62898594.0
2007,X,71,"Metales y piedras preciosas (oro, plata metalica, joyeria)",RUS,Rusia,1111240.0
2007,X,71,"Metales y piedras preciosas (oro, plata metalica, joyeria)",USA,Estados Unidos,46589853.0
2007,X,80,Estanio y sus manufacturas,ARE,Emiratos Arabes Unidos,379947.0
2007,X,80,Estanio y sus manufacturas,ARG,Argentina,190187.0
2007,X,80,Estanio y sus manufacturas,BEL,Belgica,22868251.0
2007,X,80,Estanio y sus manufacturas,BRA,Brasil,31165395.0
2007,X,80,Estanio y sus manufacturas,CAN,Canada,319733.0
2007,X,80,Estanio y sus manufacturas,CHL,Chile,194541.0
2007,X,80,Estanio y sus manufacturas,CHN,China,396529.0
2007,X,80,Estanio y sus manufacturas,DEU,Alemania,210196.0
2007,X,80,Estanio y sus manufacturas,ESP,Espania,171786.0
2007,X,80,Estanio y sus manufacturas,GBR,Reino Unido,293542.0
2007,X,80,Estanio y sus manufacturas,IND,India,1140972.0
2007,X,80,Estanio y sus manufacturas,JPN,Japon,331261.0
2007,X,80,Estanio y sus manufacturas,KOR,Corea del Sur,181903.0
2007,X,80,Estanio y sus manufacturas,NLD,Paises Bajos,21061026.0
2007,X,80,Estanio y sus manufacturas,PER,Peru,180493.0
2007,X,80,Estanio y sus manufacturas,ROW,Resto del mundo,83797123.0
2007,X,80,Estanio y sus manufacturas,RUS,Rusia,4176444.0
2007,X,80,Estanio y sus manufacturas,USA,Estados Unidos,71567749.0
2007,X,99,Otros productos no especificados,ARE,Emiratos Arabes Unidos,1240917.0
2007,X,99,Otros productos no especificados,ARG,Argentina,55503836.0
2007,X,99,Otros productos no especificados,BEL,Belgica,143652.0
2007,X,99,Otros productos no especificados,BRA,Brasil,94404430.0
2007,X,99,Otros productos no especificados,CAN,Canada,1173365.0
2007,X,99,Otros productos no especificados,CHE,Suiza,333473.0
2007,X,99,Otros productos no especificados,CHL,Chile,51094432.0
2007,X,99,Otros productos no especificados,CHN,China,76139381.0
2007,X,99,Otros productos no especificados,COL,Colombia,1053215.0
2007,X,99,Otros productos no especificados,DEU,Alemania,678264.0
2007,X,99,Otros productos no especificados,ECU,Ecuador,1133993.0
2007,X,99,Otros productos no especificados,ESP,Espania,554993.0
2007,X,99,Otros productos no especificados,GBR,Reino Unido,1538441.0
2007,X,99,Otros productos no especificados,IND,India,465170.0
2007,X,99,Otros productos no especificados,JPN,Japon,506623.0
2007,X,99,Otros productos no especificados,KOR,Corea del Sur,5175252.0
2007,X,99,Otros productos no especificados,NLD,Paises Bajos,410427.0
2007,X,99,Otros productos no especificados,PER,Peru,71265164.0
2007,X,99,Otros productos no especificados,ROW,Resto del mundo,236913088.0
2007,X,99,Otros productos no especificados,RUS,Rusia,417588.0
2007,X,99,Otros productos no especificados,USA,Estados Unidos,132858011.0
2008,M,10,Cereales (trigo),ARG,Argentina,71251499.0
2008,M,10,Cereales (trigo),BRA,Brasil,13474898.0
2008,M,10,Cereales (trigo),ROW,Resto del mundo,36700441.0
2008,M,10,Cereales (trigo),USA,Estados Unidos,31573162.0
2008,M,27,"Combustibles (diesel, gasolinas)",ARG,Argentina,120803637.0
2008,M,27,"Combustibles (diesel, gasolinas)",CHL,Chile,139220263.0
2008,M,27,"Combustibles (diesel, gasolinas)",PER,Peru,68594176.0
2008,M,27,"Combustibles (diesel, gasolinas)",ROW,Resto del mundo,198151440.0
2008,M,27,"Combustibles (diesel, gasolinas)",USA,Estados Unidos,136230485.0
2008,M,30,Productos farmaceuticos,ARG,Argentina,27967454.0
2008,M,30,Productos farmaceuticos,CHN,China,31890724.0
2008,M,30,Productos farmaceuticos,DEU,Alemania,33557975.0
2008,M,30,Productos farmaceuticos,ROW,Resto del mundo,115506219.0
2008,M,30,Productos farmaceuticos,USA,Estados Unidos,46077628.0
2008,M,31,Abonos (fertilizantes),CHN,China,38359372.0
2008,M,31,Abonos (fertilizantes),ROW,Resto del mundo,113853275.0
2008,M,31,Abonos (fertilizantes),RUS,Rusia,28350987.0
2008,M,31,Abonos (fertilizantes),USA,Estados Unidos,23436366.0
2008,M,39,Plasticos y sus manufacturas,BRA,Brasil,70476691.0
2008,M,39,Plasticos y sus manufacturas,CHN,China,88452191.0
2008,M,39,Plasticos y sus manufacturas,ROW,Resto del mundo,155897554.0
2008,M,39,Plasticos y sus manufacturas,USA,Estados Unidos,42173564.0
2008,M,72,"Fundicion, hierro y acero",BRA,Brasil,96420980.0
2008,M,72,"Fundicion, hierro y acero",CHN,China,104931205.0
2008,M,72,"Fundicion, hierro y acero",PER,Peru,32833996.0
2008,M,72,"Fundicion, hierro y acero",ROW,Resto del mundo,122813818.0
2008,M,84,Maquinas y aparatos mecanicos,BRA,Brasil,179130753.0
2008,M,84,Maquinas y aparatos mecanicos,CHN,China,271245516.0
2008,M,84,Maquinas y aparatos mecanicos,DEU,Alemania,73175704.0
2008,M,84,Maquinas y aparatos mecanicos,ROW,Resto del mundo,261279210.0
2008,M,84,Maquinas y aparatos mecanicos,USA,Estados Unidos,133168818.0
2008,M,85,Maquinas y material electrico,BRA,Brasil,76516596.0
2008,M,85,Maquinas y material electrico,CHN,China,248427242.0
2008,M,85,Maquinas y material electrico,ROW,Resto del mundo,225383833.0
2008,M,85,Maquinas y material electrico,USA,Estados Unidos,61672330.0
2008,M,87,Vehiculos automoviles y partes,BRA,Brasil,120786511.0
2008,M,87,Vehiculos automoviles y partes,CHN,China,204946963.0
2008,M,87,Vehiculos automoviles y partes,JPN,Japon,120565081.0
2008,M,87,Vehiculos automoviles y partes,ROW,Resto del mundo,199155888.0
2008,M,87,Vehiculos automoviles y partes,USA,Estados Unidos,68545557.0
2008,M,99,Otros productos no especificados,BRA,Brasil,126624561.0
2008,M,99,Otros productos no especificados,CHN,China,167343257.0
2008,M,99,Otros productos no especificados,PER,Peru,88799220.0
2008,M,99,Otros productos no especificados,ROW,Resto del mundo,387782236.0
2008,M,99,Otros productos no especificados,USA,Estados Unidos,96450726.0
2008,X,02,Carnes (bovina),CHN,China,17360203.0
2008,X,02,Carnes (bovina),COL,Colombia,119398.0
2008,X,02,Carnes (bovina),ECU,Ecuador,1075952.0
2008,X,02,Carnes (bovina),JPN,Japon,173764.0
2008,X,02,Carnes (bovina),PER,Peru,2595144.0
2008,X,02,Carnes (bovina),ROW,Resto del mundo,3424571.0
2008,X,08,Frutas y frutos (castania / nuez del Brasil),ARE,Emiratos Arabes Unidos,1021852.0
2008,X,08,Frutas y frutos (castania / nuez del Brasil),BEL,Belgica,198254.0
2008,X,08,Frutas y frutos (castania / nuez del Brasil),BRA,Brasil,401731.0
2008,X,08,Frutas y frutos (castania / nuez del Brasil),CAN,Canada,266148.0
2008,X,08,Frutas y frutos (castania / nuez del Brasil),CHE,Suiza,295181.0
2008,X,08,Frutas y frutos (castania / nuez del Brasil),CHL,Chile,417797.0
2008,X,08,Frutas y frutos (castania / nuez del Brasil),CHN,China,132899.0
2008,X,08,Frutas y frutos (castania / nuez del Brasil),COL,Colombia,221799.0
2008,X,08,Frutas y frutos (castania / nuez del Brasil),DEU,Alemania,184548.0
2008,X,08,Frutas y frutos (castania / nuez del Brasil),ECU,Ecuador,273345.0
2008,X,08,Frutas y frutos (castania / nuez del Brasil),ESP,Espania,10282747.0
2008,X,08,Frutas y frutos (castania / nuez del Brasil),GBR,Reino Unido,24306517.0
2008,X,08,Frutas y frutos (castania / nuez del Brasil),JPN,Japon,122244.0
2008,X,08,Frutas y frutos (castania / nuez del Brasil),NLD,Paises Bajos,23220783.0
2008,X,08,Frutas y frutos (castania / nuez del Brasil),ROW,Resto del mundo,46735760.0
2008,X,08,Frutas y frutos (castania / nuez del Brasil),RUS,Rusia,279431.0
2008,X,08,Frutas y frutos (castania / nuez del Brasil),USA,Estados Unidos,17490926.0
2008,X,12,Semillas oleaginosas (grano de soya),ARE,Emiratos Arabes Unidos,262718.0
2008,X,12,Semillas oleaginosas (grano de soya),ARG,Argentina,30140036.0
2008,X,12,Semillas oleaginosas (grano de soya),BRA,Brasil,852886.0
2008,X,12,Semillas oleaginosas (grano de soya),CAN,Canada,345778.0
2008,X,12,Semillas oleaginosas (grano de soya),CHE,Suiza,121107.0
2008,X,12,Semillas oleaginosas (grano de soya),CHL,Chile,562704.0
2008,X,12,Semillas oleaginosas (grano de soya),COL,Colombia,29305667.0
2008,X,12,Semillas oleaginosas (grano de soya),DEU,Alemania,289816.0
2008,X,12,Semillas oleaginosas (grano de soya),ECU,Ecuador,765826.0
2008,X,12,Semillas oleaginosas (grano de soya),GBR,Reino Unido,650107.0
2008,X,12,Semillas oleaginosas (grano de soya),JPN,Japon,1120866.0
2008,X,12,Semillas oleaginosas (grano de soya),KOR,Corea del Sur,211940.0
2008,X,12,Semillas oleaginosas (grano de soya),PER,Peru,30470202.0
2008,X,12,Semillas oleaginosas (grano de soya),ROW,Resto del mundo,61749105.0
2008,X,12,Semillas oleaginosas (grano de soya),RUS,Rusia,330112.0
2008,X,12,Semillas oleaginosas (grano de soya),USA,Estados Unidos,143765.0
2008,X,15,Grasas y aceites (aceite de soya),ARE,Emiratos Arabes Unidos,490287.0
2008,X,15,Grasas y aceites (aceite de soya),ARG,Argentina,1233609.0
2008,X,15,Grasas y aceites (aceite de soya),BEL,Belgica,480795.0
2008,X,15,Grasas y aceites (aceite de soya),BRA,Brasil,914672.0
2008,X,15,Grasas y aceites (aceite de soya),CAN,Canada,111391.0
2008,X,15,Grasas y aceites (aceite de soya),CHE,Suiza,194595.0
2008,X,15,Grasas y aceites (aceite de soya),CHL,Chile,25450193.0
2008,X,15,Grasas y aceites (aceite de soya),CHN,China,436946.0
2008,X,15,Grasas y aceites (aceite de soya),COL,Colombia,58858435.0
2008,X,15,Grasas y aceites (aceite de soya),DEU,Alemania,579913.0
2008,X,15,Grasas y aceites (aceite de soya),ECU,Ecuador,37063078.0
2008,X,15,Grasas y aceites (aceite de soya),ESP,Espania,541247.0
2008,X,15,Grasas y aceites (aceite de soya),GBR,Reino Unido,511569.0
2008,X,15,Grasas y aceites (aceite de soya),JPN,Japon,1173990.0
2008,X,15,Grasas y aceites (aceite de soya),KOR,Corea del Sur,339892.0
2008,X,15,Grasas y aceites (aceite de soya),NLD,Paises Bajos,931214.0
2008,X,15,Grasas y aceites (aceite de soya),PER,Peru,60958903.0
2008,X,15,Grasas y aceites (aceite de soya),ROW,Resto del mundo,60412860.0
2008,X,15,Grasas y aceites (aceite de soya),RUS,Rusia,579625.0
2008,X,15,Grasas y aceites (aceite de soya),USA,Estados Unidos,786710.0
2008,X,23,Residuos de la industria alimentaria (torta de soya),ARG,Argentina,869451.0
2008,X,23,Residuos de la industria alimentaria (torta de soya),BEL,Belgica,1074366.0
2008,X,23,Residuos de la industria alimentaria (torta de soya),BRA,Brasil,253211.0
2008,X,23,Residuos de la industria alimentaria (torta de soya),CAN,Canada,2864509.0
2008,X,23,Residuos de la industria alimentaria (torta de soya),CHE,Suiza,348017.0
2008,X,23,Residuos de la industria alimentaria (torta de soya),CHL,Chile,39393268.0
2008,X,23,Residuos de la industria alimentaria (torta de soya),CHN,China,1988313.0
2008,X,23,Residuos de la industria alimentaria (torta de soya),COL,Colombia,145433059.0
2008,X,23,Residuos de la industria alimentaria (torta de soya),DEU,Alemania,2057893.0
2008,X,23,Residuos de la industria alimentaria (torta de soya),ECU,Ecuador,95803152.0
2008,X,23,Residuos de la industria alimentaria (torta de soya),ESP,Espania,302407.0
2008,X,23,Residuos de la industria alimentaria (torta de soya),GBR,Reino Unido,400001.0
2008,X,23,Residuos de la industria alimentaria (torta de soya),IND,India,1651698.0
2008,X,23,Residuos de la industria alimentaria (torta de soya),JPN,Japon,1222662.0
2008,X,23,Residuos de la industria alimentaria (torta de soya),KOR,Corea del Sur,1043285.0
2008,X,23,Residuos de la industria alimentaria (torta de soya),NLD,Paises Bajos,1076343.0
2008,X,23,Residuos de la industria alimentaria (torta de soya),PER,Peru,147289995.0
2008,X,23,Residuos de la industria alimentaria (torta de soya),ROW,Resto del mundo,60178847.0
2008,X,23,Residuos de la industria alimentaria (torta de soya),RUS,Rusia,692819.0
2008,X,23,Residuos de la industria alimentaria (torta de soya),USA,Estados Unidos,183508.0
2008,X,25,"Sal, azufre, boratos (ulexita)",ARG,Argentina,676522.0
2008,X,25,"Sal, azufre, boratos (ulexita)",BEL,Belgica,205281.0
2008,X,25,"Sal, azufre, boratos (ulexita)",BRA,Brasil,11653011.0
2008,X,25,"Sal, azufre, boratos (ulexita)",CHE,Suiza,148687.0
2008,X,25,"Sal, azufre, boratos (ulexita)",CHL,Chile,399012.0
2008,X,25,"Sal, azufre, boratos (ulexita)",CHN,China,6712881.0
2008,X,25,"Sal, azufre, boratos (ulexita)",ESP,Espania,127076.0
2008,X,25,"Sal, azufre, boratos (ulexita)",JPN,Japon,320993.0
2008,X,25,"Sal, azufre, boratos (ulexita)",NLD,Paises Bajos,162454.0
2008,X,25,"Sal, azufre, boratos (ulexita)",ROW,Resto del mundo,28028569.0
2008,X,25,"Sal, azufre, boratos (ulexita)",USA,Estados Unidos,14256080.0
2008,X,26,"Minerales metaliferos (zinc, plomo, plata en concentrado)",ARE,Emiratos Arabes Unidos,2990897.0
2008,X,26,"Minerales metaliferos (zinc, plomo, plata en concentrado)",ARG,Argentina,2264523.0
2008,X,26,"Minerales metaliferos (zinc, plomo, plata en concentrado)",BEL,Belgica,89364185.0
2008,X,26,"Minerales metaliferos (zinc, plomo, plata en concentrado)",BRA,Brasil,702896.0
2008,X,26,"Minerales metaliferos (zinc, plomo, plata en concentrado)",CAN,Canada,474865.0
2008,X,26,"Minerales metaliferos (zinc, plomo, plata en concentrado)",CHE,Suiza,616582.0
2008,X,26,"Minerales metaliferos (zinc, plomo, plata en concentrado)",CHL,Chile,2415149.0
2008,X,26,"Minerales metaliferos (zinc, plomo, plata en concentrado)",CHN,China,185036476.0
2008,X,26,"Minerales metaliferos (zinc, plomo, plata en concentrado)",COL,Colombia,2999928.0
2008,X,26,"Minerales metaliferos (zinc, plomo, plata en concentrado)",DEU,Alemania,1002167.0
2008,X,26,"Minerales metaliferos (zinc, plomo, plata en concentrado)",ECU,Ecuador,1208039.0
2008,X,26,"Minerales metaliferos (zinc, plomo, plata en concentrado)",ESP,Espania,57622702.0
2008,X,26,"Minerales metaliferos (zinc, plomo, plata en concentrado)",GBR,Reino Unido,1224168.0
2008,X,26,"Minerales metaliferos (zinc, plomo, plata en concentrado)",IND,India,74658194.0
2008,X,26,"Minerales metaliferos (zinc, plomo, plata en concentrado)",JPN,Japon,134142162.0
2008,X,26,"Minerales metaliferos (zinc, plomo, plata en concentrado)",KOR,Corea del Sur,85425868.0
2008,X,26,"Minerales metaliferos (zinc, plomo, plata en concentrado)",NLD,Paises Bajos,52698836.0
2008,X,26,"Minerales metaliferos (zinc, plomo, plata en concentrado)",PER,Peru,2379766.0
2008,X,26,"Minerales metaliferos (zinc, plomo, plata en concentrado)",ROW,Resto del mundo,120225850.0
2008,X,26,"Minerales metaliferos (zinc, plomo, plata en concentrado)",RUS,Rusia,697170.0
2008,X,26,"Minerales metaliferos (zinc, plomo, plata en concentrado)",USA,Estados Unidos,1204123.0
2008,X,27,Combustibles minerales (gas natural),ARE,Emiratos Arabes Unidos,4171513.0
2008,X,27,Combustibles minerales (gas natural),ARG,Argentina,807949070.0
2008,X,27,Combustibles minerales (gas natural),BEL,Belgica,2631299.0
2008,X,27,Combustibles minerales (gas natural),BRA,Brasil,1992982511.0
2008,X,27,Combustibles minerales (gas natural),CAN,Canada,7132554.0
2008,X,27,Combustibles minerales (gas natural),CHE,Suiza,5580643.0
2008,X,27,Combustibles minerales (gas natural),CHL,Chile,13321941.0
2008,X,27,Combustibles minerales (gas natural),CHN,China,3073822.0
2008,X,27,Combustibles minerales (gas natural),COL,Colombia,10808463.0
2008,X,27,Combustibles minerales (gas natural),DEU,Alemania,2505018.0
2008,X,27,Combustibles minerales (gas natural),ECU,Ecuador,14080091.0
2008,X,27,Combustibles minerales (gas natural),ESP,Espania,4816115.0
2008,X,27,Combustibles minerales (gas natural),GBR,Reino Unido,1473992.0
2008,X,27,Combustibles minerales (gas natural),IND,India,2974773.0
2008,X,27,Combustibles minerales (gas natural),JPN,Japon,11530684.0
2008,X,27,Combustibles minerales (gas natural),KOR,Corea del Sur,2909511.0
2008,X,27,Combustibles minerales (gas natural),NLD,Paises Bajos,2346977.0
2008,X,27,Combustibles minerales (gas natural),PER,Peru,5876837.0
2008,X,27,Combustibles minerales (gas natural),ROW,Resto del mundo,49219658.0
2008,X,27,Combustibles minerales (gas natural),RUS,Rusia,5719170.0
2008,X,27,Combustibles minerales (gas natural),USA,Estados Unidos,11177176.0
2008,X,44,Madera y manufacturas de madera,ARE,Emiratos Arabes Unidos,341741.0
2008,X,44,Madera y manufacturas de madera,ARG,Argentina,21616272.0
2008,X,44,Madera y manufacturas de madera,BRA,Brasil,521644.0
2008,X,44,Madera y manufacturas de madera,CAN,Canada,598374.0
2008,X,44,Madera y manufacturas de madera,CHE,Suiza,177409.0
2008,X,44,Madera y manufacturas de madera,CHL,Chile,306084.0
2008,X,44,Madera y manufacturas de madera,COL,Colombia,386711.0
2008,X,44,Madera y manufacturas de madera,DEU,Alemania,540781.0
2008,X,44,Madera y manufacturas de madera,GBR,Reino Unido,874311.0
2008,X,44,Madera y manufacturas de madera,JPN,Japon,290910.0
2008,X,44,Madera y manufacturas de madera,KOR,Corea del Sur,174134.0
2008,X,44,Madera y manufacturas de madera,NLD,Paises Bajos,135106.0
2008,X,44,Madera y manufacturas de madera,PER,Peru,13125254.0
2008,X,44,Madera y manufacturas de madera,ROW,Resto del mundo,71312100.0
2008,X,44,Madera y manufacturas de madera,RUS,Rusia,245026.0
2008,X,44,Madera y manufacturas de madera,USA,Estados Unidos,27739253.0
2008,X,71,"Metales y piedras preciosas (oro, plata metalica, joyeria)",ARE,Emiratos Arabes Unidos,102422246.0
2008,X,71,"Metales y piedras preciosas (oro, plata metalica, joyeria)",ARG,Argentina,215999.0
2008,X,71,"Metales y piedras preciosas (oro, plata metalica, joyeria)",BEL,Belgica,899487.0
2008,X,71,"Metales y piedras preciosas (oro, plata metalica, joyeria)",BRA,Brasil,1244078.0
2008,X,71,"Metales y piedras preciosas (oro, plata metalica, joyeria)",CAN,Canada,33594413.0
2008,X,71,"Metales y piedras preciosas (oro, plata metalica, joyeria)",CHE,Suiza,90656249.0
2008,X,71,"Metales y piedras preciosas (oro, plata metalica, joyeria)",CHL,Chile,724359.0
2008,X,71,"Metales y piedras preciosas (oro, plata metalica, joyeria)",CHN,China,203314.0
2008,X,71,"Metales y piedras preciosas (oro, plata metalica, joyeria)",COL,Colombia,1476002.0
2008,X,71,"Metales y piedras preciosas (oro, plata metalica, joyeria)",DEU,Alemania,1312480.0
2008,X,71,"Metales y piedras preciosas (oro, plata metalica, joyeria)",ECU,Ecuador,842409.0
2008,X,71,"Metales y piedras preciosas (oro, plata metalica, joyeria)",ESP,Espania,968718.0
2008,X,71,"Metales y piedras preciosas (oro, plata metalica, joyeria)",GBR,Reino Unido,3271048.0
2008,X,71,"Metales y piedras preciosas (oro, plata metalica, joyeria)",IND,India,213575184.0
2008,X,71,"Metales y piedras preciosas (oro, plata metalica, joyeria)",JPN,Japon,1061395.0
2008,X,71,"Metales y piedras preciosas (oro, plata metalica, joyeria)",KOR,Corea del Sur,287521.0
2008,X,71,"Metales y piedras preciosas (oro, plata metalica, joyeria)",NLD,Paises Bajos,1084795.0
2008,X,71,"Metales y piedras preciosas (oro, plata metalica, joyeria)",PER,Peru,449472.0
2008,X,71,"Metales y piedras preciosas (oro, plata metalica, joyeria)",ROW,Resto del mundo,97545719.0
2008,X,71,"Metales y piedras preciosas (oro, plata metalica, joyeria)",RUS,Rusia,2036751.0
2008,X,71,"Metales y piedras preciosas (oro, plata metalica, joyeria)",USA,Estados Unidos,76401089.0
2008,X,80,Estanio y sus manufacturas,ARE,Emiratos Arabes Unidos,691515.0
2008,X,80,Estanio y sus manufacturas,ARG,Argentina,668637.0
2008,X,80,Estanio y sus manufacturas,BEL,Belgica,30145630.0
2008,X,80,Estanio y sus manufacturas,BRA,Brasil,46746482.0
2008,X,80,Estanio y sus manufacturas,CAN,Canada,1293266.0
2008,X,80,Estanio y sus manufacturas,CHE,Suiza,152334.0
2008,X,80,Estanio y sus manufacturas,CHL,Chile,453963.0
2008,X,80,Estanio y sus manufacturas,CHN,China,163196.0
2008,X,80,Estanio y sus manufacturas,COL,Colombia,219790.0
2008,X,80,Estanio y sus manufacturas,DEU,Alemania,3415164.0
2008,X,80,Estanio y sus manufacturas,ECU,Ecuador,209484.0
2008,X,80,Estanio y sus manufacturas,ESP,Espania,1059026.0
2008,X,80,Estanio y sus manufacturas,IND,India,159102.0
2008,X,80,Estanio y sus manufacturas,JPN,Japon,238859.0
2008,X,80,Estanio y sus manufacturas,NLD,Paises Bajos,30983395.0
2008,X,80,Estanio y sus manufacturas,PER,Peru,235946.0
2008,X,80,Estanio y sus manufacturas,ROW,Resto del mundo,111040424.0
2008,X,80,Estanio y sus manufacturas,RUS,Rusia,1004339.0
2008,X,80,Estanio y sus manufacturas,USA,Estados Unidos,86108474.0
2008,X,99,Otros productos no especificados,ARE,Emiratos Arabes Unidos,1510536.0
2008,X,99,Otros productos no especificados,ARG,Argentina,76068803.0
2008,X,99,Otros productos no especificados,BEL,Belgica,4789332.0
2008,X,99,Otros productos no especificados,BRA,Brasil,115648230.0
2008,X,99,Otros productos no especificados,CAN,Canada,835696.0
2008,X,99,Otros productos no especificados,CHE,Suiza,587281.0
2008,X,99,Otros productos no especificados,CHL,Chile,64391154.0
2008,X,99,Otros productos no especificados,CHN,China,82194539.0
2008,X,99,Otros productos no especificados,COL,Colombia,331056.0
2008,X,99,Otros productos no especificados,DEU,Alemania,336897.0
2008,X,99,Otros productos no especificados,ECU,Ecuador,638646.0
2008,X,99,Otros productos no especificados,ESP,Espania,873671.0
2008,X,99,Otros productos no especificados,GBR,Reino Unido,375643.0
2008,X,99,Otros productos no especificados,IND,India,1612357.0
2008,X,99,Otros productos no especificados,JPN,Japon,3712318.0
2008,X,99,Otros productos no especificados,KOR,Corea del Sur,1487237.0
2008,X,99,Otros productos no especificados,NLD,Paises Bajos,5243761.0
2008,X,99,Otros productos no especificados,PER,Peru,88997246.0
2008,X,99,Otros productos no especificados,ROW,Resto del mundo,326285177.0
2008,X,99,Otros productos no especificados,RUS,Rusia,1850911.0
2008,X,99,Otros productos no especificados,USA,Estados Unidos,161335872.0
2009,M,10,Cereales (trigo),ARG,Argentina,62663848.0
2009,M,10,Cereales (trigo),BRA,Brasil,13623831.0
2009,M,10,Cereales (trigo),ROW,Resto del mundo,32408336.0
2009,M,10,Cereales (trigo),USA,Estados Unidos,28613985.0
2009,M,27,"Combustibles (diesel, gasolinas)",ARG,Argentina,105835056.0
2009,M,27,"Combustibles (diesel, gasolinas)",CHL,Chile,142506693.0
2009,M,27,"Combustibles (diesel, gasolinas)",PER,Peru,59185676.0
2009,M,27,"Combustibles (diesel, gasolinas)",ROW,Resto del mundo,171763537.0
2009,M,27,"Combustibles (diesel, gasolinas)",USA,Estados Unidos,115719039.0
2009,M,30,Productos farmaceuticos,ARG,Argentina,22419701.0
2009,M,30,Productos farmaceuticos,CHN,China,27318180.0
2009,M,30,Productos farmaceuticos,DEU,Alemania,30765135.0
2009,M,30,Productos farmaceuticos,ROW,Resto del mundo,108617578.0
2009,M,30,Productos farmaceuticos,USA,Estados Unidos,39729405.0
2009,M,31,Abonos (fertilizantes),CHN,China,38444879.0
2009,M,31,Abonos (fertilizantes),ROW,Resto del mundo,94460639.0
2009,M,31,Abonos (fertilizantes),RUS,Rusia,29187601.0
2009,M,31,Abonos (fertilizantes),USA,Estados Unidos,20986881.0
2009,M,39,Plasticos y sus manufacturas,BRA,Brasil,62853623.0
2009,M,39,Plasticos y sus manufacturas,CHN,China,80524644.0
2009,M,39,Plasticos y sus manufacturas,ROW,Resto del mundo,141742864.0
2009,M,39,Plasticos y sus manufacturas,USA,Estados Unidos,35268869.0
2009,M,72,"Fundicion, hierro y acero",BRA,Brasil,80862366.0
2009,M,72,"Fundicion, hierro y acero",CHN,China,96248269.0
2009,M,72,"Fundicion, hierro y acero",PER,Peru,36435895.0
2009,M,72,"Fundicion, hierro y acero",ROW,Resto del mundo,106843471.0
2009,M,84,Maquinas y aparatos mecanicos,BRA,Brasil,155634857.0
2009,M,84,Maquinas y aparatos mecanicos,CHN,China,250287135.0
2009,M,84,Maquinas y aparatos mecanicos,DEU,Alemania,69304839.0
2009,M,84,Maquinas y aparatos mecanicos,ROW,Resto del mundo,209800180.0
2009,M,84,Maquinas y aparatos mecanicos,USA,Estados Unidos,138832989.0
2009,M,85,Maquinas y material electrico,BRA,Brasil,63853615.0
2009,M,85,Maquinas y material electrico,CHN,China,220835629.0
2009,M,85,Maquinas y material electrico,ROW,Resto del mundo,206172484.0
2009,M,85,Maquinas y material electrico,USA,Estados Unidos,58378272.0
2009,M,87,Vehiculos automoviles y partes,BRA,Brasil,104786080.0
2009,M,87,Vehiculos automoviles y partes,CHN,China,168822077.0
2009,M,87,Vehiculos automoviles y partes,JPN,Japon,113511175.0
2009,M,87,Vehiculos automoviles y partes,ROW,Resto del mundo,185627685.0
2009,M,87,Vehiculos automoviles y partes,USA,Estados Unidos,68032982.0
2009,M,99,Otros productos no especificados,BRA,Brasil,124786319.0
2009,M,99,Otros productos no especificados,CHN,China,160368371.0
2009,M,99,Otros productos no especificados,PER,Peru,78219208.0
2009,M,99,Otros productos no especificados,ROW,Resto del mundo,341954337.0
2009,M,99,Otros productos no especificados,USA,Estados Unidos,72761766.0
2009,X,02,Carnes (bovina),CHN,China,13629002.0
2009,X,02,Carnes (bovina),COL,Colombia,145808.0
2009,X,02,Carnes (bovina),ECU,Ecuador,1057590.0
2009,X,02,Carnes (bovina),IND,India,112782.0
2009,X,02,Carnes (bovina),PER,Peru,2224215.0
2009,X,02,Carnes (bovina),ROW,Resto del mundo,3121720.0
2009,X,08,Frutas y frutos (castania / nuez del Brasil),ARE,Emiratos Arabes Unidos,171182.0
2009,X,08,Frutas y frutos (castania / nuez del Brasil),ARG,Argentina,149565.0
2009,X,08,Frutas y frutos (castania / nuez del Brasil),BEL,Belgica,165320.0
2009,X,08,Frutas y frutos (castania / nuez del Brasil),CAN,Canada,170739.0
2009,X,08,Frutas y frutos (castania / nuez del Brasil),CHE,Suiza,112665.0
2009,X,08,Frutas y frutos (castania / nuez del Brasil),COL,Colombia,742168.0
2009,X,08,Frutas y frutos (castania / nuez del Brasil),DEU,Alemania,161045.0
2009,X,08,Frutas y frutos (castania / nuez del Brasil),ECU,Ecuador,147726.0
2009,X,08,Frutas y frutos (castania / nuez del Brasil),ESP,Espania,9703492.0
2009,X,08,Frutas y frutos (castania / nuez del Brasil),GBR,Reino Unido,18473511.0
2009,X,08,Frutas y frutos (castania / nuez del Brasil),JPN,Japon,661190.0
2009,X,08,Frutas y frutos (castania / nuez del Brasil),NLD,Paises Bajos,13660969.0
2009,X,08,Frutas y frutos (castania / nuez del Brasil),PER,Peru,127530.0
2009,X,08,Frutas y frutos (castania / nuez del Brasil),ROW,Resto del mundo,35416130.0
2009,X,08,Frutas y frutos (castania / nuez del Brasil),USA,Estados Unidos,13840279.0
2009,X,12,Semillas oleaginosas (grano de soya),ARE,Emiratos Arabes Unidos,1787122.0
2009,X,12,Semillas oleaginosas (grano de soya),ARG,Argentina,22513015.0
2009,X,12,Semillas oleaginosas (grano de soya),BEL,Belgica,139980.0
2009,X,12,Semillas oleaginosas (grano de soya),BRA,Brasil,122689.0
2009,X,12,Semillas oleaginosas (grano de soya),CHN,China,135058.0
2009,X,12,Semillas oleaginosas (grano de soya),COL,Colombia,25193045.0
2009,X,12,Semillas oleaginosas (grano de soya),DEU,Alemania,440513.0
2009,X,12,Semillas oleaginosas (grano de soya),ECU,Ecuador,112923.0
2009,X,12,Semillas oleaginosas (grano de soya),ESP,Espania,267806.0
2009,X,12,Semillas oleaginosas (grano de soya),IND,India,212925.0
2009,X,12,Semillas oleaginosas (grano de soya),JPN,Japon,485128.0
2009,X,12,Semillas oleaginosas (grano de soya),PER,Peru,22013614.0
2009,X,12,Semillas oleaginosas (grano de soya),ROW,Resto del mundo,40811598.0
2009,X,12,Semillas oleaginosas (grano de soya),RUS,Rusia,141016.0
2009,X,15,Grasas y aceites (aceite de soya),ARG,Argentina,241827.0
2009,X,15,Grasas y aceites (aceite de soya),CAN,Canada,212822.0
2009,X,15,Grasas y aceites (aceite de soya),CHE,Suiza,260344.0
2009,X,15,Grasas y aceites (aceite de soya),CHL,Chile,17084633.0
2009,X,15,Grasas y aceites (aceite de soya),CHN,China,141545.0
2009,X,15,Grasas y aceites (aceite de soya),COL,Colombia,45314830.0
2009,X,15,Grasas y aceites (aceite de soya),DEU,Alemania,865522.0
2009,X,15,Grasas y aceites (aceite de soya),ECU,Ecuador,24992836.0
2009,X,15,Grasas y aceites (aceite de soya),ESP,Espania,164083.0
2009,X,15,Grasas y aceites (aceite de soya),KOR,Corea del Sur,735206.0
2009,X,15,Grasas y aceites (aceite de soya),NLD,Paises Bajos,352317.0
2009,X,15,Grasas y aceites (aceite de soya),PER,Peru,47476474.0
2009,X,15,Grasas y aceites (aceite de soya),ROW,Resto del mundo,42603215.0
2009,X,15,Grasas y aceites (aceite de soya),RUS,Rusia,108992.0
2009,X,15,Grasas y aceites (aceite de soya),USA,Estados Unidos,2349803.0
2009,X,23,Residuos de la industria alimentaria (torta de soya),ARE,Emiratos Arabes Unidos,549713.0
2009,X,23,Residuos de la industria alimentaria (torta de soya),ARG,Argentina,449825.0
2009,X,23,Residuos de la industria alimentaria (torta de soya),BEL,Belgica,148932.0
2009,X,23,Residuos de la industria alimentaria (torta de soya),BRA,Brasil,117491.0
2009,X,23,Residuos de la industria alimentaria (torta de soya),CAN,Canada,426424.0
2009,X,23,Residuos de la industria alimentaria (torta de soya),CHE,Suiza,1060480.0
2009,X,23,Residuos de la industria alimentaria (torta de soya),CHL,Chile,30250967.0
2009,X,23,Residuos de la industria alimentaria (torta de soya),CHN,China,211436.0
2009,X,23,Residuos de la industria alimentaria (torta de soya),COL,Colombia,98748704.0
2009,X,23,Residuos de la industria alimentaria (torta de soya),DEU,Alemania,338185.0
2009,X,23,Residuos de la industria alimentaria (torta de soya),ECU,Ecuador,77534939.0
2009,X,23,Residuos de la industria alimentaria (torta de soya),ESP,Espania,424869.0
2009,X,23,Residuos de la industria alimentaria (torta de soya),IND,India,201739.0
2009,X,23,Residuos de la industria alimentaria (torta de soya),JPN,Japon,551526.0
2009,X,23,Residuos de la industria alimentaria (torta de soya),KOR,Corea del Sur,2491774.0
2009,X,23,Residuos de la industria alimentaria (torta de soya),NLD,Paises Bajos,984220.0
2009,X,23,Residuos de la industria alimentaria (torta de soya),PER,Peru,107885057.0
2009,X,23,Residuos de la industria alimentaria (torta de soya),ROW,Resto del mundo,42317973.0
2009,X,23,Residuos de la industria alimentaria (torta de soya),RUS,Rusia,529661.0
2009,X,23,Residuos de la industria alimentaria (torta de soya),USA,Estados Unidos,1156157.0
2009,X,25,"Sal, azufre, boratos (ulexita)",ARE,Emiratos Arabes Unidos,315661.0
2009,X,25,"Sal, azufre, boratos (ulexita)",BRA,Brasil,10029137.0
2009,X,25,"Sal, azufre, boratos (ulexita)",CHL,Chile,148750.0
2009,X,25,"Sal, azufre, boratos (ulexita)",CHN,China,5093374.0
2009,X,25,"Sal, azufre, boratos (ulexita)",DEU,Alemania,148389.0
2009,X,25,"Sal, azufre, boratos (ulexita)",ECU,Ecuador,113404.0
2009,X,25,"Sal, azufre, boratos (ulexita)",IND,India,173014.0
2009,X,25,"Sal, azufre, boratos (ulexita)",KOR,Corea del Sur,133420.0
2009,X,25,"Sal, azufre, boratos (ulexita)",ROW,Resto del mundo,20188027.0
2009,X,25,"Sal, azufre, boratos (ulexita)",USA,Estados Unidos,10821196.0
2009,X,26,"Minerales metaliferos (zinc, plomo, plata en concentrado)",ARE,Emiratos Arabes Unidos,1579349.0
2009,X,26,"Minerales metaliferos (zinc, plomo, plata en concentrado)",ARG,Argentina,1077345.0
2009,X,26,"Minerales metaliferos (zinc, plomo, plata en concentrado)",BEL,Belgica,65132565.0
2009,X,26,"Minerales metaliferos (zinc, plomo, plata en concentrado)",BRA,Brasil,586311.0
2009,X,26,"Minerales metaliferos (zinc, plomo, plata en concentrado)",CAN,Canada,2360652.0
2009,X,26,"Minerales metaliferos (zinc, plomo, plata en concentrado)",CHE,Suiza,628693.0
2009,X,26,"Minerales metaliferos (zinc, plomo, plata en concentrado)",CHL,Chile,369051.0
2009,X,26,"Minerales metaliferos (zinc, plomo, plata en concentrado)",CHN,China,140609095.0
2009,X,26,"Minerales metaliferos (zinc, plomo, plata en concentrado)",COL,Colombia,549009.0
2009,X,26,"Minerales metaliferos (zinc, plomo, plata en concentrado)",DEU,Alemania,3510127.0
2009,X,26,"Minerales metaliferos (zinc, plomo, plata en concentrado)",ECU,Ecuador,174402.0
2009,X,26,"Minerales metaliferos (zinc, plomo, plata en concentrado)",ESP,Espania,51581646.0
2009,X,26,"Minerales metaliferos (zinc, plomo, plata en concentrado)",GBR,Reino Unido,509905.0
2009,X,26,"Minerales metaliferos (zinc, plomo, plata en concentrado)",IND,India,66942740.0
2009,X,26,"Minerales metaliferos (zinc, plomo, plata en concentrado)",JPN,Japon,120684781.0
2009,X,26,"Minerales metaliferos (zinc, plomo, plata en concentrado)",KOR,Corea del Sur,79097992.0
2009,X,26,"Minerales metaliferos (zinc, plomo, plata en concentrado)",NLD,Paises Bajos,39700701.0
2009,X,26,"Minerales metaliferos (zinc, plomo, plata en concentrado)",PER,Peru,748723.0
2009,X,26,"Minerales metaliferos (zinc, plomo, plata en concentrado)",ROW,Resto del mundo,91629339.0
2009,X,26,"Minerales metaliferos (zinc, plomo, plata en concentrado)",RUS,Rusia,793146.0
2009,X,26,"Minerales metaliferos (zinc, plomo, plata en concentrado)",USA,Estados Unidos,891196.0
2009,X,27,Combustibles minerales (gas natural),ARE,Emiratos Arabes Unidos,10857262.0
2009,X,27,Combustibles minerales (gas natural),ARG,Argentina,630083587.0
2009,X,27,Combustibles minerales (gas natural),BEL,Belgica,448395.0
2009,X,27,Combustibles minerales (gas natural),BRA,Brasil,1562301501.0
2009,X,27,Combustibles minerales (gas natural),CAN,Canada,10690964.0
2009,X,27,Combustibles minerales (gas natural),CHE,Suiza,1361821.0
2009,X,27,Combustibles minerales (gas natural),CHL,Chile,7792457.0
2009,X,27,Combustibles minerales (gas natural),CHN,China,4746194.0
2009,X,27,Combustibles minerales (gas natural),COL,Colombia,2236791.0
2009,X,27,Combustibles minerales (gas natural),DEU,Alemania,7797783.0
2009,X,27,Combustibles minerales (gas natural),ECU,Ecuador,2914929.0
2009,X,27,Combustibles minerales (gas natural),ESP,Espania,2572785.0
2009,X,27,Combustibles minerales (gas natural),GBR,Reino Unido,17540381.0
2009,X,27,Combustibles minerales (gas natural),IND,India,5532439.0
2009,X,27,Combustibles minerales (gas natural),JPN,Japon,466388.0
2009,X,27,Combustibles minerales (gas natural),KOR,Corea del Sur,2181460.0
2009,X,27,Combustibles minerales (gas natural),NLD,Paises Bajos,769490.0
2009,X,27,Combustibles minerales (gas natural),PER,Peru,3656161.0
2009,X,27,Combustibles minerales (gas natural),ROW,Resto del mundo,44495423.0
2009,X,27,Combustibles minerales (gas natural),RUS,Rusia,4566878.0
2009,X,27,Combustibles minerales (gas natural),USA,Estados Unidos,3103303.0
2009,X,44,Madera y manufacturas de madera,ARE,Emiratos Arabes Unidos,143571.0
2009,X,44,Madera y manufacturas de madera,ARG,Argentina,14969454.0
2009,X,44,Madera y manufacturas de madera,BRA,Brasil,167638.0
2009,X,44,Madera y manufacturas de madera,CAN,Canada,581427.0
2009,X,44,Madera y manufacturas de madera,CHL,Chile,163662.0
2009,X,44,Madera y manufacturas de madera,ESP,Espania,151903.0
2009,X,44,Madera y manufacturas de madera,GBR,Reino Unido,166909.0
2009,X,44,Madera y manufacturas de madera,NLD,Paises Bajos,1481516.0
2009,X,44,Madera y manufacturas de madera,PER,Peru,9326273.0
2009,X,44,Madera y manufacturas de madera,ROW,Resto del mundo,48417651.0
2009,X,44,Madera y manufacturas de madera,USA,Estados Unidos,17817625.0
2009,X,71,"Metales y piedras preciosas (oro, plata metalica, joyeria)",ARE,Emiratos Arabes Unidos,90582626.0
2009,X,71,"Metales y piedras preciosas (oro, plata metalica, joyeria)",ARG,Argentina,384734.0
2009,X,71,"Metales y piedras preciosas (oro, plata metalica, joyeria)",BEL,Belgica,1918620.0
2009,X,71,"Metales y piedras preciosas (oro, plata metalica, joyeria)",BRA,Brasil,8792283.0
2009,X,71,"Metales y piedras preciosas (oro, plata metalica, joyeria)",CAN,Canada,26616452.0
2009,X,71,"Metales y piedras preciosas (oro, plata metalica, joyeria)",CHE,Suiza,75262035.0
2009,X,71,"Metales y piedras preciosas (oro, plata metalica, joyeria)",CHL,Chile,1001067.0
2009,X,71,"Metales y piedras preciosas (oro, plata metalica, joyeria)",CHN,China,1309222.0
2009,X,71,"Metales y piedras preciosas (oro, plata metalica, joyeria)",COL,Colombia,255285.0
2009,X,71,"Metales y piedras preciosas (oro, plata metalica, joyeria)",DEU,Alemania,336416.0
2009,X,71,"Metales y piedras preciosas (oro, plata metalica, joyeria)",ECU,Ecuador,730039.0
2009,X,71,"Metales y piedras preciosas (oro, plata metalica, joyeria)",ESP,Espania,440845.0
2009,X,71,"Metales y piedras preciosas (oro, plata metalica, joyeria)",GBR,Reino Unido,961572.0
2009,X,71,"Metales y piedras preciosas (oro, plata metalica, joyeria)",IND,India,170344921.0
2009,X,71,"Metales y piedras preciosas (oro, plata metalica, joyeria)",JPN,Japon,1236517.0
2009,X,71,"Metales y piedras preciosas (oro, plata metalica, joyeria)",KOR,Corea del Sur,140590.0
2009,X,71,"Metales y piedras preciosas (oro, plata metalica, joyeria)",NLD,Paises Bajos,551486.0
2009,X,71,"Metales y piedras preciosas (oro, plata metalica, joyeria)",PER,Peru,271568.0
2009,X,71,"Metales y piedras preciosas (oro, plata metalica, joyeria)",ROW,Resto del mundo,68350894.0
2009,X,71,"Metales y piedras preciosas (oro, plata metalica, joyeria)",RUS,Rusia,666651.0
2009,X,71,"Metales y piedras preciosas (oro, plata metalica, joyeria)",USA,Estados Unidos,59679906.0
2009,X,80,Estanio y sus manufacturas,ARE,Emiratos Arabes Unidos,610662.0
2009,X,80,Estanio y sus manufacturas,ARG,Argentina,784699.0
2009,X,80,Estanio y sus manufacturas,BEL,Belgica,23986822.0
2009,X,80,Estanio y sus manufacturas,BRA,Brasil,37088176.0
2009,X,80,Estanio y sus manufacturas,CAN,Canada,128834.0
2009,X,80,Estanio y sus manufacturas,CHE,Suiza,262653.0
2009,X,80,Estanio y sus manufacturas,CHL,Chile,117799.0
2009,X,80,Estanio y sus manufacturas,CHN,China,508878.0
2009,X,80,Estanio y sus manufacturas,COL,Colombia,297681.0
2009,X,80,Estanio y sus manufacturas,DEU,Alemania,585517.0
2009,X,80,Estanio y sus manufacturas,ECU,Ecuador,246895.0
2009,X,80,Estanio y sus manufacturas,ESP,Espania,123090.0
2009,X,80,Estanio y sus manufacturas,GBR,Reino Unido,314871.0
2009,X,80,Estanio y sus manufacturas,IND,India,1792353.0
2009,X,80,Estanio y sus manufacturas,JPN,Japon,1665616.0
2009,X,80,Estanio y sus manufacturas,KOR,Corea del Sur,201145.0
2009,X,80,Estanio y sus manufacturas,NLD,Paises Bajos,25725623.0
2009,X,80,Estanio y sus manufacturas,PER,Peru,146572.0
2009,X,80,Estanio y sus manufacturas,ROW,Resto del mundo,81074598.0
2009,X,80,Estanio y sus manufacturas,RUS,Rusia,553112.0
2009,X,80,Estanio y sus manufacturas,USA,Estados Unidos,62768966.0
2009,X,99,Otros productos no especificados,ARE,Emiratos Arabes Unidos,292940.0
2009,X,99,Otros productos no especificados,ARG,Argentina,54390851.0
2009,X,99,Otros productos no especificados,BEL,Belgica,2643751.0
2009,X,99,Otros productos no especificados,BRA,Brasil,77339863.0
2009,X,99,Otros productos no especificados,CAN,Canada,237531.0
2009,X,99,Otros productos no especificados,CHE,Suiza,1191120.0
2009,X,99,Otros productos no especificados,CHL,Chile,51177126.0
2009,X,99,Otros productos no especificados,CHN,China,74241161.0
2009,X,99,Otros productos no especificados,COL,Colombia,687653.0
2009,X,99,Otros productos no especificados,ECU,Ecuador,738008.0
2009,X,99,Otros productos no especificados,ESP,Espania,2642928.0
2009,X,99,Otros productos no especificados,GBR,Reino Unido,363903.0
2009,X,99,Otros productos no especificados,IND,India,792079.0
2009,X,99,Otros productos no especificados,JPN,Japon,4080368.0
2009,X,99,Otros productos no especificados,KOR,Corea del Sur,3344934.0
2009,X,99,Otros productos no especificados,NLD,Paises Bajos,482420.0
2009,X,99,Otros productos no especificados,PER,Peru,71711759.0
2009,X,99,Otros productos no especificados,ROW,Resto del mundo,213817806.0
2009,X,99,Otros productos no especificados,RUS,Rusia,5072623.0
2009,X,99,Otros productos no especificados,USA,Estados Unidos,135675062.0
2010,M,10,Cereales (trigo),ARG,Argentina,77083933.0
2010,M,10,Cereales (trigo),BRA,Brasil,16436655.0
2010,M,10,Cereales (trigo),ROW,Resto del mundo,43616398.0
2010,M,10,Cereales (trigo),USA,Estados Unidos,30983014.0
2010,M,27,"Combustibles (diesel, gasolinas)",ARG,Argentina,121246266.0
2010,M,27,"Combustibles (diesel, gasolinas)",CHL,Chile,160824322.0
2010,M,27,"Combustibles (diesel, gasolinas)",PER,Peru,81521825.0
2010,M,27,"Combustibles (diesel, gasolinas)",ROW,Resto del mundo,212731003.0
2010,M,27,"Combustibles (diesel, gasolinas)",USA,Estados Unidos,152196583.0
2010,M,30,Productos farmaceuticos,ARG,Argentina,26234737.0
2010,M,30,Productos farmaceuticos,CHN,China,34026033.0
2010,M,30,Productos farmaceuticos,DEU,Alemania,31385744.0
2010,M,30,Productos farmaceuticos,ROW,Resto del mundo,133860604.0
2010,M,30,Productos farmaceuticos,USA,Estados Unidos,54692882.0
2010,M,31,Abonos (fertilizantes),CHN,China,46829748.0
2010,M,31,Abonos (fertilizantes),ROW,Resto del mundo,116748116.0
2010,M,31,Abonos (fertilizantes),RUS,Rusia,31827565.0
2010,M,31,Abonos (fertilizantes),USA,Estados Unidos,28754570.0
2010,M,39,Plasticos y sus manufacturas,BRA,Brasil,83569954.0
2010,M,39,Plasticos y sus manufacturas,CHN,China,91479271.0
2010,M,39,Plasticos y sus manufacturas,ROW,Resto del mundo,171100237.0
2010,M,39,Plasticos y sus manufacturas,USA,Estados Unidos,46130538.0
2010,M,72,"Fundicion, hierro y acero",BRA,Brasil,93032433.0
2010,M,72,"Fundicion, hierro y acero",CHN,China,115468895.0
2010,M,72,"Fundicion, hierro y acero",PER,Peru,37061721.0
2010,M,72,"Fundicion, hierro y acero",ROW,Resto del mundo,146716950.0
2010,M,84,Maquinas y aparatos mecanicos,BRA,Brasil,186528980.0
2010,M,84,Maquinas y aparatos mecanicos,CHN,China,293291340.0
2010,M,84,Maquinas y aparatos mecanicos,DEU,Alemania,77496810.0
2010,M,84,Maquinas y aparatos mecanicos,ROW,Resto del mundo,294917035.0
2010,M,84,Maquinas y aparatos mecanicos,USA,Estados Unidos,156485836.0
2010,M,85,Maquinas y material electrico,BRA,Brasil,83221434.0
2010,M,85,Maquinas y material electrico,CHN,China,265157122.0
2010,M,85,Maquinas y material electrico,ROW,Resto del mundo,259134288.0
2010,M,85,Maquinas y material electrico,USA,Estados Unidos,64967157.0
2010,M,87,Vehiculos automoviles y partes,BRA,Brasil,131079397.0
2010,M,87,Vehiculos automoviles y partes,CHN,China,220196494.0
2010,M,87,Vehiculos automoviles y partes,JPN,Japon,130910555.0
2010,M,87,Vehiculos automoviles y partes,ROW,Resto del mundo,215057257.0
2010,M,87,Vehiculos automoviles y partes,USA,Estados Unidos,87316297.0
2010,M,99,Otros productos no especificados,BRA,Brasil,156443688.0
2010,M,99,Otros productos no especificados,CHN,China,180014293.0
2010,M,99,Otros productos no especificados,PER,Peru,99723637.0
2010,M,99,Otros productos no especificados,ROW,Resto del mundo,426343522.0
2010,M,99,Otros productos no especificados,USA,Estados Unidos,90154860.0
2010,X,02,Carnes (bovina),ARG,Argentina,146188.0
2010,X,02,Carnes (bovina),CHL,Chile,397827.0
2010,X,02,Carnes (bovina),CHN,China,19246210.0
2010,X,02,Carnes (bovina),ECU,Ecuador,1471851.0
2010,X,02,Carnes (bovina),PER,Peru,2885486.0
2010,X,02,Carnes (bovina),ROW,Resto del mundo,3730276.0
2010,X,08,Frutas y frutos (castania / nuez del Brasil),ARE,Emiratos Arabes Unidos,146498.0
2010,X,08,Frutas y frutos (castania / nuez del Brasil),BEL,Belgica,494109.0
2010,X,08,Frutas y frutos (castania / nuez del Brasil),BRA,Brasil,216414.0
2010,X,08,Frutas y frutos (castania / nuez del Brasil),CAN,Canada,171046.0
2010,X,08,Frutas y frutos (castania / nuez del Brasil),CHL,Chile,271357.0
2010,X,08,Frutas y frutos (castania / nuez del Brasil),CHN,China,190073.0
2010,X,08,Frutas y frutos (castania / nuez del Brasil),COL,Colombia,199126.0
2010,X,08,Frutas y frutos (castania / nuez del Brasil),DEU,Alemania,425545.0
2010,X,08,Frutas y frutos (castania / nuez del Brasil),ESP,Espania,11306521.0
2010,X,08,Frutas y frutos (castania / nuez del Brasil),GBR,Reino Unido,22876455.0
2010,X,08,Frutas y frutos (castania / nuez del Brasil),IND,India,122127.0
2010,X,08,Frutas y frutos (castania / nuez del Brasil),JPN,Japon,309225.0
2010,X,08,Frutas y frutos (castania / nuez del Brasil),KOR,Corea del Sur,200996.0
2010,X,08,Frutas y frutos (castania / nuez del Brasil),NLD,Paises Bajos,19603961.0
2010,X,08,Frutas y frutos (castania / nuez del Brasil),PER,Peru,198545.0
2010,X,08,Frutas y frutos (castania / nuez del Brasil),ROW,Resto del mundo,43450790.0
2010,X,08,Frutas y frutos (castania / nuez del Brasil),RUS,Rusia,191503.0
2010,X,08,Frutas y frutos (castania / nuez del Brasil),USA,Estados Unidos,17082167.0
2010,X,12,Semillas oleaginosas (grano de soya),ARE,Emiratos Arabes Unidos,325515.0
2010,X,12,Semillas oleaginosas (grano de soya),ARG,Argentina,23987595.0
2010,X,12,Semillas oleaginosas (grano de soya),BEL,Belgica,338984.0
2010,X,12,Semillas oleaginosas (grano de soya),CHE,Suiza,1418215.0
2010,X,12,Semillas oleaginosas (grano de soya),CHL,Chile,315974.0
2010,X,12,Semillas oleaginosas (grano de soya),CHN,China,971705.0
2010,X,12,Semillas oleaginosas (grano de soya),COL,Colombia,26482792.0
2010,X,12,Semillas oleaginosas (grano de soya),DEU,Alemania,340768.0
2010,X,12,Semillas oleaginosas (grano de soya),ECU,Ecuador,284232.0
2010,X,12,Semillas oleaginosas (grano de soya),ESP,Espania,203960.0
2010,X,12,Semillas oleaginosas (grano de soya),GBR,Reino Unido,186804.0
2010,X,12,Semillas oleaginosas (grano de soya),JPN,Japon,101821.0
2010,X,12,Semillas oleaginosas (grano de soya),NLD,Paises Bajos,222329.0
2010,X,12,Semillas oleaginosas (grano de soya),PER,Peru,27760101.0
2010,X,12,Semillas oleaginosas (grano de soya),ROW,Resto del mundo,56274461.0
2010,X,12,Semillas oleaginosas (grano de soya),RUS,Rusia,300943.0
2010,X,12,Semillas oleaginosas (grano de soya),USA,Estados Unidos,148706.0
2010,X,15,Grasas y aceites (aceite de soya),ARG,Argentina,218917.0
2010,X,15,Grasas y aceites (aceite de soya),BEL,Belgica,518613.0
2010,X,15,Grasas y aceites (aceite de soya),BRA,Brasil,166463.0
2010,X,15,Grasas y aceites (aceite de soya),CAN,Canada,324657.0
2010,X,15,Grasas y aceites (aceite de soya),CHE,Suiza,304432.0
2010,X,15,Grasas y aceites (aceite de soya),CHL,Chile,21770945.0
2010,X,15,Grasas y aceites (aceite de soya),CHN,China,838128.0
2010,X,15,Grasas y aceites (aceite de soya),COL,Colombia,52717876.0
2010,X,15,Grasas y aceites (aceite de soya),DEU,Alemania,449323.0
2010,X,15,Grasas y aceites (aceite de soya),ECU,Ecuador,31809507.0
2010,X,15,Grasas y aceites (aceite de soya),ESP,Espania,215846.0
2010,X,15,Grasas y aceites (aceite de soya),GBR,Reino Unido,429907.0
2010,X,15,Grasas y aceites (aceite de soya),IND,India,500298.0
2010,X,15,Grasas y aceites (aceite de soya),JPN,Japon,485830.0
2010,X,15,Grasas y aceites (aceite de soya),KOR,Corea del Sur,507021.0
2010,X,15,Grasas y aceites (aceite de soya),NLD,Paises Bajos,206618.0
2010,X,15,Grasas y aceites (aceite de soya),PER,Peru,56783965.0
2010,X,15,Grasas y aceites (aceite de soya),ROW,Resto del mundo,52860633.0
2010,X,15,Grasas y aceites (aceite de soya),RUS,Rusia,147773.0
2010,X,15,Grasas y aceites (aceite de soya),USA,Estados Unidos,1679634.0
2010,X,23,Residuos de la industria alimentaria (torta de soya),ARE,Emiratos Arabes Unidos,1158655.0
2010,X,23,Residuos de la industria alimentaria (torta de soya),ARG,Argentina,237548.0
2010,X,23,Residuos de la industria alimentaria (torta de soya),BEL,Belgica,386456.0
2010,X,23,Residuos de la industria alimentaria (torta de soya),BRA,Brasil,949540.0
2010,X,23,Residuos de la industria alimentaria (torta de soya),CAN,Canada,1839535.0
2010,X,23,Residuos de la industria alimentaria (torta de soya),CHE,Suiza,745686.0
2010,X,23,Residuos de la industria alimentaria (torta de soya),CHL,Chile,37388262.0
2010,X,23,Residuos de la industria alimentaria (torta de soya),CHN,China,412981.0
2010,X,23,Residuos de la industria alimentaria (torta de soya),COL,Colombia,121239260.0
2010,X,23,Residuos de la industria alimentaria (torta de soya),DEU,Alemania,795119.0
2010,X,23,Residuos de la industria alimentaria (torta de soya),ECU,Ecuador,79600281.0
2010,X,23,Residuos de la industria alimentaria (torta de soya),ESP,Espania,847301.0
2010,X,23,Residuos de la industria alimentaria (torta de soya),GBR,Reino Unido,670456.0
2010,X,23,Residuos de la industria alimentaria (torta de soya),IND,India,1145586.0
2010,X,23,Residuos de la industria alimentaria (torta de soya),JPN,Japon,292109.0
2010,X,23,Residuos de la industria alimentaria (torta de soya),KOR,Corea del Sur,1598529.0
2010,X,23,Residuos de la industria alimentaria (torta de soya),NLD,Paises Bajos,190567.0
2010,X,23,Residuos de la industria alimentaria (torta de soya),PER,Peru,141518710.0
2010,X,23,Residuos de la industria alimentaria (torta de soya),ROW,Resto del mundo,52546857.0
2010,X,23,Residuos de la industria alimentaria (torta de soya),RUS,Rusia,1578017.0
2010,X,23,Residuos de la industria alimentaria (torta de soya),USA,Estados Unidos,877171.0
2010,X,25,"Sal, azufre, boratos (ulexita)",ARE,Emiratos Arabes Unidos,259900.0
2010,X,25,"Sal, azufre, boratos (ulexita)",BRA,Brasil,11836053.0
2010,X,25,"Sal, azufre, boratos (ulexita)",CAN,Canada,229676.0
2010,X,25,"Sal, azufre, boratos (ulexita)",CHL,Chile,167494.0
2010,X,25,"Sal, azufre, boratos (ulexita)",CHN,China,5959684.0
2010,X,25,"Sal, azufre, boratos (ulexita)",DEU,Alemania,471231.0
2010,X,25,"Sal, azufre, boratos (ulexita)",ECU,Ecuador,102940.0
2010,X,25,"Sal, azufre, boratos (ulexita)",KOR,Corea del Sur,108323.0
2010,X,25,"Sal, azufre, boratos (ulexita)",PER,Peru,267612.0
2010,X,25,"Sal, azufre, boratos (ulexita)",ROW,Resto del mundo,25509811.0
2010,X,25,"Sal, azufre, boratos (ulexita)",USA,Estados Unidos,15390848.0
2010,X,26,"Minerales metaliferos (zinc, plomo, plata en concentrado)",ARE,Emiratos Arabes Unidos,6119929.0
2010,X,26,"Minerales metaliferos (zinc, plomo, plata en concentrado)",ARG,Argentina,923575.0
2010,X,26,"Minerales metaliferos (zinc, plomo, plata en concentrado)",BEL,Belgica,94087636.0
2010,X,26,"Minerales metaliferos (zinc, plomo, plata en concentrado)",BRA,Brasil,1691719.0
2010,X,26,"Minerales metaliferos (zinc, plomo, plata en concentrado)",CAN,Canada,4283899.0
2010,X,26,"Minerales metaliferos (zinc, plomo, plata en concentrado)",CHE,Suiza,885715.0
2010,X,26,"Minerales metaliferos (zinc, plomo, plata en concentrado)",CHL,Chile,160190.0
2010,X,26,"Minerales metaliferos (zinc, plomo, plata en concentrado)",CHN,China,184986373.0
2010,X,26,"Minerales metaliferos (zinc, plomo, plata en concentrado)",COL,Colombia,310972.0
2010,X,26,"Minerales metaliferos (zinc, plomo, plata en concentrado)",DEU,Alemania,840994.0
2010,X,26,"Minerales metaliferos (zinc, plomo, plata en concentrado)",ECU,Ecuador,3502928.0
2010,X,26,"Minerales metaliferos (zinc, plomo, plata en concentrado)",ESP,Espania,63504264.0
2010,X,26,"Minerales metaliferos (zinc, plomo, plata en concentrado)",GBR,Reino Unido,678055.0
2010,X,26,"Minerales metaliferos (zinc, plomo, plata en concentrado)",IND,India,86030561.0
2010,X,26,"Minerales metaliferos (zinc, plomo, plata en concentrado)",JPN,Japon,166893120.0
2010,X,26,"Minerales metaliferos (zinc, plomo, plata en concentrado)",KOR,Corea del Sur,115576726.0
2010,X,26,"Minerales metaliferos (zinc, plomo, plata en concentrado)",NLD,Paises Bajos,55230183.0
2010,X,26,"Minerales metaliferos (zinc, plomo, plata en concentrado)",PER,Peru,2373370.0
2010,X,26,"Minerales metaliferos (zinc, plomo, plata en concentrado)",ROW,Resto del mundo,122049324.0
2010,X,26,"Minerales metaliferos (zinc, plomo, plata en concentrado)",RUS,Rusia,757430.0
2010,X,26,"Minerales metaliferos (zinc, plomo, plata en concentrado)",USA,Estados Unidos,1423864.0
2010,X,27,Combustibles minerales (gas natural),ARE,Emiratos Arabes Unidos,8556186.0
2010,X,27,Combustibles minerales (gas natural),ARG,Argentina,917324249.0
2010,X,27,Combustibles minerales (gas natural),BEL,Belgica,1269350.0
2010,X,27,Combustibles minerales (gas natural),BRA,Brasil,1977452379.0
2010,X,27,Combustibles minerales (gas natural),CAN,Canada,2328721.0
2010,X,27,Combustibles minerales (gas natural),CHE,Suiza,3669721.0
2010,X,27,Combustibles minerales (gas natural),CHL,Chile,3789706.0
2010,X,27,Combustibles minerales (gas natural),CHN,China,7364407.0
2010,X,27,Combustibles minerales (gas natural),COL,Colombia,813762.0
2010,X,27,Combustibles minerales (gas natural),DEU,Alemania,1748339.0
2010,X,27,Combustibles minerales (gas natural),ECU,Ecuador,19061656.0
2010,X,27,Combustibles minerales (gas natural),ESP,Espania,24936954.0
2010,X,27,Combustibles minerales (gas natural),GBR,Reino Unido,572450.0
2010,X,27,Combustibles minerales (gas natural),IND,India,1432556.0
2010,X,27,Combustibles minerales (gas natural),JPN,Japon,3925074.0
2010,X,27,Combustibles minerales (gas natural),KOR,Corea del Sur,5420271.0
2010,X,27,Combustibles minerales (gas natural),NLD,Paises Bajos,1386272.0
2010,X,27,Combustibles minerales (gas natural),PER,Peru,2070265.0
2010,X,27,Combustibles minerales (gas natural),ROW,Resto del mundo,55101945.0
2010,X,27,Combustibles minerales (gas natural),RUS,Rusia,13024858.0
2010,X,27,Combustibles minerales (gas natural),USA,Estados Unidos,10060541.0
2010,X,44,Madera y manufacturas de madera,ARE,Emiratos Arabes Unidos,413650.0
2010,X,44,Madera y manufacturas de madera,ARG,Argentina,14790281.0
2010,X,44,Madera y manufacturas de madera,BRA,Brasil,128400.0
2010,X,44,Madera y manufacturas de madera,CAN,Canada,149625.0
2010,X,44,Madera y manufacturas de madera,CHE,Suiza,283269.0
2010,X,44,Madera y manufacturas de madera,CHL,Chile,196478.0
2010,X,44,Madera y manufacturas de madera,CHN,China,186742.0
2010,X,44,Madera y manufacturas de madera,COL,Colombia,148976.0
2010,X,44,Madera y manufacturas de madera,ECU,Ecuador,123603.0
2010,X,44,Madera y manufacturas de madera,IND,India,765149.0
2010,X,44,Madera y manufacturas de madera,KOR,Corea del Sur,444485.0
2010,X,44,Madera y manufacturas de madera,NLD,Paises Bajos,269743.0
2010,X,44,Madera y manufacturas de madera,PER,Peru,9991770.0
2010,X,44,Madera y manufacturas de madera,ROW,Resto del mundo,57961689.0
2010,X,44,Madera y manufacturas de madera,RUS,Rusia,140372.0
2010,X,44,Madera y manufacturas de madera,USA,Estados Unidos,19169391.0
2010,X,71,"Metales y piedras preciosas (oro, plata metalica, joyeria)",ARE,Emiratos Arabes Unidos,125625466.0
2010,X,71,"Metales y piedras preciosas (oro, plata metalica, joyeria)",ARG,Argentina,6313212.0
2010,X,71,"Metales y piedras preciosas (oro, plata metalica, joyeria)",BEL,Belgica,462938.0
2010,X,71,"Metales y piedras preciosas (oro, plata metalica, joyeria)",BRA,Brasil,645506.0
2010,X,71,"Metales y piedras preciosas (oro, plata metalica, joyeria)",CAN,Canada,35910590.0
2010,X,71,"Metales y piedras preciosas (oro, plata metalica, joyeria)",CHE,Suiza,104082224.0
2010,X,71,"Metales y piedras preciosas (oro, plata metalica, joyeria)",CHL,Chile,2304806.0
2010,X,71,"Metales y piedras preciosas (oro, plata metalica, joyeria)",CHN,China,1176213.0
2010,X,71,"Metales y piedras preciosas (oro, plata metalica, joyeria)",COL,Colombia,1327943.0
2010,X,71,"Metales y piedras preciosas (oro, plata metalica, joyeria)",DEU,Alemania,280708.0
2010,X,71,"Metales y piedras preciosas (oro, plata metalica, joyeria)",ECU,Ecuador,2394629.0
2010,X,71,"Metales y piedras preciosas (oro, plata metalica, joyeria)",ESP,Espania,468539.0
2010,X,71,"Metales y piedras preciosas (oro, plata metalica, joyeria)",GBR,Reino Unido,2240779.0
2010,X,71,"Metales y piedras preciosas (oro, plata metalica, joyeria)",IND,India,224760417.0
2010,X,71,"Metales y piedras preciosas (oro, plata metalica, joyeria)",JPN,Japon,1780451.0
2010,X,71,"Metales y piedras preciosas (oro, plata metalica, joyeria)",KOR,Corea del Sur,773590.0
2010,X,71,"Metales y piedras preciosas (oro, plata metalica, joyeria)",NLD,Paises Bajos,320323.0
2010,X,71,"Metales y piedras preciosas (oro, plata metalica, joyeria)",PER,Peru,658592.0
2010,X,71,"Metales y piedras preciosas (oro, plata metalica, joyeria)",ROW,Resto del mundo,96246324.0
2010,X,71,"Metales y piedras preciosas (oro, plata metalica, joyeria)",RUS,Rusia,627036.0
2010,X,71,"Metales y piedras preciosas (oro, plata metalica, joyeria)",USA,Estados Unidos,80901228.0
2010,X,80,Estanio y sus manufacturas,ARE,Emiratos Arabes Unidos,187751.0
2010,X,80,Estanio y sus manufacturas,ARG,Argentina,845399.0
2010,X,80,Estanio y sus manufacturas,BEL,Belgica,29500186.0
2010,X,80,Estanio y sus manufacturas,BRA,Brasil,47494545.0
2010,X,80,Estanio y sus manufacturas,CAN,Canada,697722.0
2010,X,80,Estanio y sus manufacturas,CHE,Suiza,119212.0
2010,X,80,Estanio y sus manufacturas,CHL,Chile,841254.0
2010,X,80,Estanio y sus manufacturas,CHN,China,218030.0
2010,X,80,Estanio y sus manufacturas,COL,Colombia,242460.0
2010,X,80,Estanio y sus manufacturas,DEU,Alemania,626172.0
2010,X,80,Estanio y sus manufacturas,ECU,Ecuador,815151.0
2010,X,80,Estanio y sus manufacturas,ESP,Espania,198849.0
2010,X,80,Estanio y sus manufacturas,GBR,Reino Unido,1305440.0
2010,X,80,Estanio y sus manufacturas,IND,India,612707.0
2010,X,80,Estanio y sus manufacturas,JPN,Japon,726495.0
2010,X,80,Estanio y sus manufacturas,KOR,Corea del Sur,1117005.0
2010,X,80,Estanio y sus manufacturas,NLD,Paises Bajos,28962454.0
2010,X,80,Estanio y sus manufacturas,PER,Peru,533769.0
2010,X,80,Estanio y sus manufacturas,ROW,Resto del mundo,105571934.0
2010,X,80,Estanio y sus manufacturas,RUS,Rusia,502008.0
2010,X,80,Estanio y sus manufacturas,USA,Estados Unidos,82985065.0
2010,X,99,Otros productos no especificados,ARE,Emiratos Arabes Unidos,2773400.0
2010,X,99,Otros productos no especificados,ARG,Argentina,68631817.0
2010,X,99,Otros productos no especificados,BEL,Belgica,592614.0
2010,X,99,Otros productos no especificados,BRA,Brasil,104618728.0
2010,X,99,Otros productos no especificados,CAN,Canada,632917.0
2010,X,99,Otros productos no especificados,CHE,Suiza,813981.0
2010,X,99,Otros productos no especificados,CHL,Chile,65343580.0
2010,X,99,Otros productos no especificados,CHN,China,89175955.0
2010,X,99,Otros productos no especificados,COL,Colombia,8340850.0
2010,X,99,Otros productos no especificados,DEU,Alemania,3305017.0
2010,X,99,Otros productos no especificados,ECU,Ecuador,493480.0
2010,X,99,Otros productos no especificados,ESP,Espania,816040.0
2010,X,99,Otros productos no especificados,GBR,Reino Unido,132718.0
2010,X,99,Otros productos no especificados,IND,India,341757.0
2010,X,99,Otros productos no especificados,JPN,Japon,495952.0
2010,X,99,Otros productos no especificados,KOR,Corea del Sur,549434.0
2010,X,99,Otros productos no especificados,NLD,Paises Bajos,815346.0
2010,X,99,Otros productos no especificados,PER,Peru,83850099.0
2010,X,99,Otros productos no especificados,ROW,Resto del mundo,300347952.0
2010,X,99,Otros productos no especificados,RUS,Rusia,2576116.0
2010,X,99,Otros productos no especificados,USA,Estados Unidos,143197998.0
2011,M,10,Cereales (trigo),ARG,Argentina,119594670.0
2011,M,10,Cereales (trigo),BRA,Brasil,20930413.0
2011,M,10,Cereales (trigo),ROW,Resto del mundo,50958950.0
2011,M,10,Cereales (trigo),USA,Estados Unidos,46595967.0
2011,M,27,"Combustibles (diesel, gasolinas)",ARG,Argentina,155055319.0
2011,M,27,"Combustibles (diesel, gasolinas)",CHL,Chile,245260495.0
2011,M,27,"Combustibles (diesel, gasolinas)",PER,Peru,93185703.0
2011,M,27,"Combustibles (diesel, gasolinas)",ROW,Resto del mundo,319754505.0
2011,M,27,"Combustibles (diesel, gasolinas)",USA,Estados Unidos,218423978.0
2011,M,30,Productos farmaceuticos,ARG,Argentina,44717222.0
2011,M,30,Productos farmaceuticos,CHN,China,49470955.0
2011,M,30,Productos farmaceuticos,DEU,Alemania,46735805.0
2011,M,30,Productos farmaceuticos,ROW,Resto del mundo,181627190.0
2011,M,30,Productos farmaceuticos,USA,Estados Unidos,74248828.0
2011,M,31,Abonos (fertilizantes),CHN,China,61697075.0
2011,M,31,Abonos (fertilizantes),ROW,Resto del mundo,168051660.0
2011,M,31,Abonos (fertilizantes),RUS,Rusia,49072772.0
2011,M,31,Abonos (fertilizantes),USA,Estados Unidos,38618493.0
2011,M,39,Plasticos y sus manufacturas,BRA,Brasil,107502601.0
2011,M,39,Plasticos y sus manufacturas,CHN,China,143000546.0
2011,M,39,Plasticos y sus manufacturas,ROW,Resto del mundo,233613615.0
2011,M,39,Plasticos y sus manufacturas,USA,Estados Unidos,71403237.0
2011,M,72,"Fundicion, hierro y acero",BRA,Brasil,143445297.0
2011,M,72,"Fundicion, hierro y acero",CHN,China,156127584.0
2011,M,72,"Fundicion, hierro y acero",PER,Peru,54391604.0
2011,M,72,"Fundicion, hierro y acero",ROW,Resto del mundo,201555516.0
2011,M,84,Maquinas y aparatos mecanicos,BRA,Brasil,276680321.0
2011,M,84,Maquinas y aparatos mecanicos,CHN,China,436142118.0
2011,M,84,Maquinas y aparatos mecanicos,DEU,Alemania,116247448.0
2011,M,84,Maquinas y aparatos mecanicos,ROW,Resto del mundo,367889062.0
2011,M,84,Maquinas y aparatos mecanicos,USA,Estados Unidos,231521051.0
2011,M,85,Maquinas y material electrico,BRA,Brasil,123256754.0
2011,M,85,Maquinas y material electrico,CHN,China,418960287.0
2011,M,85,Maquinas y material electrico,ROW,Resto del mundo,315655510.0
2011,M,85,Maquinas y material electrico,USA,Estados Unidos,94447448.0
2011,M,87,Vehiculos automoviles y partes,BRA,Brasil,173974451.0
2011,M,87,Vehiculos automoviles y partes,CHN,China,319136806.0
2011,M,87,Vehiculos automoviles y partes,JPN,Japon,198861671.0
2011,M,87,Vehiculos automoviles y partes,ROW,Resto del mundo,300000807.0
2011,M,87,Vehiculos automoviles y partes,USA,Estados Unidos,119066264.0
2011,M,99,Otros productos no especificados,BRA,Brasil,196201261.0
2011,M,99,Otros productos no especificados,CHN,China,289506371.0
2011,M,99,Otros productos no especificados,PER,Peru,134306598.0
2011,M,99,Otros productos no especificados,ROW,Resto del mundo,593381907.0
2011,M,99,Otros productos no especificados,USA,Estados Unidos,135723862.0
2011,X,02,Carnes (bovina),ARE,Emiratos Arabes Unidos,497155.0
2011,X,02,Carnes (bovina),ARG,Argentina,114600.0
2011,X,02,Carnes (bovina),CAN,Canada,116058.0
2011,X,02,Carnes (bovina),CHN,China,25979848.0
2011,X,02,Carnes (bovina),ECU,Ecuador,1957005.0
2011,X,02,Carnes (bovina),JPN,Japon,105927.0
2011,X,02,Carnes (bovina),PER,Peru,3751290.0
2011,X,02,Carnes (bovina),ROW,Resto del mundo,6124218.0
2011,X,08,Frutas y frutos (castania / nuez del Brasil),ARE,Emiratos Arabes Unidos,344406.0
2011,X,08,Frutas y frutos (castania / nuez del Brasil),ARG,Argentina,334339.0
2011,X,08,Frutas y frutos (castania / nuez del Brasil),BEL,Belgica,111346.0
2011,X,08,Frutas y frutos (castania / nuez del Brasil),BRA,Brasil,506221.0
2011,X,08,Frutas y frutos (castania / nuez del Brasil),CAN,Canada,589586.0
2011,X,08,Frutas y frutos (castania / nuez del Brasil),CHL,Chile,152529.0
2011,X,08,Frutas y frutos (castania / nuez del Brasil),CHN,China,235916.0
2011,X,08,Frutas y frutos (castania / nuez del Brasil),COL,Colombia,155400.0
2011,X,08,Frutas y frutos (castania / nuez del Brasil),DEU,Alemania,111185.0
2011,X,08,Frutas y frutos (castania / nuez del Brasil),ECU,Ecuador,120948.0
2011,X,08,Frutas y frutos (castania / nuez del Brasil),ESP,Espania,14650503.0
2011,X,08,Frutas y frutos (castania / nuez del Brasil),GBR,Reino Unido,31195997.0
2011,X,08,Frutas y frutos (castania / nuez del Brasil),IND,India,870571.0
2011,X,08,Frutas y frutos (castania / nuez del Brasil),JPN,Japon,109044.0
2011,X,08,Frutas y frutos (castania / nuez del Brasil),KOR,Corea del Sur,263935.0
2011,X,08,Frutas y frutos (castania / nuez del Brasil),NLD,Paises Bajos,27274583.0
2011,X,08,Frutas y frutos (castania / nuez del Brasil),PER,Peru,223165.0
2011,X,08,Frutas y frutos (castania / nuez del Brasil),ROW,Resto del mundo,49638581.0
2011,X,08,Frutas y frutos (castania / nuez del Brasil),RUS,Rusia,632244.0
2011,X,08,Frutas y frutos (castania / nuez del Brasil),USA,Estados Unidos,21202402.0
2011,X,12,Semillas oleaginosas (grano de soya),ARE,Emiratos Arabes Unidos,1019381.0
2011,X,12,Semillas oleaginosas (grano de soya),ARG,Argentina,34100240.0
2011,X,12,Semillas oleaginosas (grano de soya),BEL,Belgica,835486.0
2011,X,12,Semillas oleaginosas (grano de soya),CAN,Canada,688920.0
2011,X,12,Semillas oleaginosas (grano de soya),CHN,China,623295.0
2011,X,12,Semillas oleaginosas (grano de soya),COL,Colombia,31179480.0
2011,X,12,Semillas oleaginosas (grano de soya),DEU,Alemania,149447.0
2011,X,12,Semillas oleaginosas (grano de soya),ECU,Ecuador,171237.0
2011,X,12,Semillas oleaginosas (grano de soya),ESP,Espania,182740.0
2011,X,12,Semillas oleaginosas (grano de soya),IND,India,342299.0
2011,X,12,Semillas oleaginosas (grano de soya),JPN,Japon,296748.0
2011,X,12,Semillas oleaginosas (grano de soya),KOR,Corea del Sur,202592.0
2011,X,12,Semillas oleaginosas (grano de soya),NLD,Paises Bajos,258621.0
2011,X,12,Semillas oleaginosas (grano de soya),PER,Peru,31866443.0
2011,X,12,Semillas oleaginosas (grano de soya),ROW,Resto del mundo,69037138.0
2011,X,12,Semillas oleaginosas (grano de soya),RUS,Rusia,167083.0
2011,X,12,Semillas oleaginosas (grano de soya),USA,Estados Unidos,840234.0
2011,X,15,Grasas y aceites (aceite de soya),ARE,Emiratos Arabes Unidos,507140.0
2011,X,15,Grasas y aceites (aceite de soya),ARG,Argentina,555700.0
2011,X,15,Grasas y aceites (aceite de soya),BEL,Belgica,1210402.0
2011,X,15,Grasas y aceites (aceite de soya),BRA,Brasil,258484.0
2011,X,15,Grasas y aceites (aceite de soya),CAN,Canada,128141.0
2011,X,15,Grasas y aceites (aceite de soya),CHE,Suiza,157313.0
2011,X,15,Grasas y aceites (aceite de soya),CHL,Chile,28082056.0
2011,X,15,Grasas y aceites (aceite de soya),CHN,China,485295.0
2011,X,15,Grasas y aceites (aceite de soya),COL,Colombia,64190245.0
2011,X,15,Grasas y aceites (aceite de soya),DEU,Alemania,485996.0
2011,X,15,Grasas y aceites (aceite de soya),ECU,Ecuador,40489759.0
2011,X,15,Grasas y aceites (aceite de soya),ESP,Espania,147657.0
2011,X,15,Grasas y aceites (aceite de soya),GBR,Reino Unido,496443.0
2011,X,15,Grasas y aceites (aceite de soya),IND,India,567914.0
2011,X,15,Grasas y aceites (aceite de soya),JPN,Japon,361089.0
2011,X,15,Grasas y aceites (aceite de soya),KOR,Corea del Sur,1645568.0
2011,X,15,Grasas y aceites (aceite de soya),PER,Peru,70781475.0
2011,X,15,Grasas y aceites (aceite de soya),ROW,Resto del mundo,62054124.0
2011,X,15,Grasas y aceites (aceite de soya),USA,Estados Unidos,1362733.0
2011,X,23,Residuos de la industria alimentaria (torta de soya),ARE,Emiratos Arabes Unidos,132310.0
2011,X,23,Residuos de la industria alimentaria (torta de soya),ARG,Argentina,114856.0
2011,X,23,Residuos de la industria alimentaria (torta de soya),BEL,Belgica,117051.0
2011,X,23,Residuos de la industria alimentaria (torta de soya),BRA,Brasil,3287367.0
2011,X,23,Residuos de la industria alimentaria (torta de soya),CAN,Canada,1953693.0
2011,X,23,Residuos de la industria alimentaria (torta de soya),CHE,Suiza,781893.0
2011,X,23,Residuos de la industria alimentaria (torta de soya),CHL,Chile,50066253.0
2011,X,23,Residuos de la industria alimentaria (torta de soya),CHN,China,841481.0
2011,X,23,Residuos de la industria alimentaria (torta de soya),COL,Colombia,156134207.0
2011,X,23,Residuos de la industria alimentaria (torta de soya),DEU,Alemania,396999.0
2011,X,23,Residuos de la industria alimentaria (torta de soya),ECU,Ecuador,109153458.0
2011,X,23,Residuos de la industria alimentaria (torta de soya),ESP,Espania,396503.0
2011,X,23,Residuos de la industria alimentaria (torta de soya),GBR,Reino Unido,1282251.0
2011,X,23,Residuos de la industria alimentaria (torta de soya),IND,India,315513.0
2011,X,23,Residuos de la industria alimentaria (torta de soya),JPN,Japon,282519.0
2011,X,23,Residuos de la industria alimentaria (torta de soya),KOR,Corea del Sur,243072.0
2011,X,23,Residuos de la industria alimentaria (torta de soya),NLD,Paises Bajos,161745.0
2011,X,23,Residuos de la industria alimentaria (torta de soya),PER,Peru,155960736.0
2011,X,23,Residuos de la industria alimentaria (torta de soya),ROW,Resto del mundo,63050716.0
2011,X,23,Residuos de la industria alimentaria (torta de soya),RUS,Rusia,176813.0
2011,X,23,Residuos de la industria alimentaria (torta de soya),USA,Estados Unidos,3284127.0
2011,X,25,"Sal, azufre, boratos (ulexita)",ARE,Emiratos Arabes Unidos,134250.0
2011,X,25,"Sal, azufre, boratos (ulexita)",BEL,Belgica,197049.0
2011,X,25,"Sal, azufre, boratos (ulexita)",BRA,Brasil,15932044.0
2011,X,25,"Sal, azufre, boratos (ulexita)",CAN,Canada,194765.0
2011,X,25,"Sal, azufre, boratos (ulexita)",CHE,Suiza,171767.0
2011,X,25,"Sal, azufre, boratos (ulexita)",CHL,Chile,277446.0
2011,X,25,"Sal, azufre, boratos (ulexita)",CHN,China,7238325.0
2011,X,25,"Sal, azufre, boratos (ulexita)",COL,Colombia,219831.0
2011,X,25,"Sal, azufre, boratos (ulexita)",IND,India,145857.0
2011,X,25,"Sal, azufre, boratos (ulexita)",JPN,Japon,213186.0
2011,X,25,"Sal, azufre, boratos (ulexita)",NLD,Paises Bajos,134951.0
2011,X,25,"Sal, azufre, boratos (ulexita)",PER,Peru,228485.0
2011,X,25,"Sal, azufre, boratos (ulexita)",ROW,Resto del mundo,32047972.0
2011,X,25,"Sal, azufre, boratos (ulexita)",RUS,Rusia,693093.0
2011,X,25,"Sal, azufre, boratos (ulexita)",USA,Estados Unidos,20105183.0
2011,X,26,"Minerales metaliferos (zinc, plomo, plata en concentrado)",ARE,Emiratos Arabes Unidos,990227.0
2011,X,26,"Minerales metaliferos (zinc, plomo, plata en concentrado)",ARG,Argentina,5081434.0
2011,X,26,"Minerales metaliferos (zinc, plomo, plata en concentrado)",BEL,Belgica,121536761.0
2011,X,26,"Minerales metaliferos (zinc, plomo, plata en concentrado)",BRA,Brasil,7435723.0
2011,X,26,"Minerales metaliferos (zinc, plomo, plata en concentrado)",CAN,Canada,6635905.0
2011,X,26,"Minerales metaliferos (zinc, plomo, plata en concentrado)",CHE,Suiza,695960.0
2011,X,26,"Minerales metaliferos (zinc, plomo, plata en concentrado)",CHL,Chile,614438.0
2011,X,26,"Minerales metaliferos (zinc, plomo, plata en concentrado)",CHN,China,256377410.0
2011,X,26,"Minerales metaliferos (zinc, plomo, plata en concentrado)",COL,Colombia,6124304.0
2011,X,26,"Minerales metaliferos (zinc, plomo, plata en concentrado)",DEU,Alemania,10096980.0
2011,X,26,"Minerales metaliferos (zinc, plomo, plata en concentrado)",ECU,Ecuador,1028130.0
2011,X,26,"Minerales metaliferos (zinc, plomo, plata en concentrado)",ESP,Espania,91961071.0
2011,X,26,"Minerales metaliferos (zinc, plomo, plata en concentrado)",GBR,Reino Unido,445645.0
2011,X,26,"Minerales metaliferos (zinc, plomo, plata en concentrado)",IND,India,136742068.0
2011,X,26,"Minerales metaliferos (zinc, plomo, plata en concentrado)",JPN,Japon,211206995.0
2011,X,26,"Minerales metaliferos (zinc, plomo, plata en concentrado)",KOR,Corea del Sur,146646836.0
2011,X,26,"Minerales metaliferos (zinc, plomo, plata en concentrado)",NLD,Paises Bajos,76210333.0
2011,X,26,"Minerales metaliferos (zinc, plomo, plata en concentrado)",PER,Peru,872080.0
2011,X,26,"Minerales metaliferos (zinc, plomo, plata en concentrado)",ROW,Resto del mundo,171176748.0
2011,X,26,"Minerales metaliferos (zinc, plomo, plata en concentrado)",RUS,Rusia,668901.0
2011,X,26,"Minerales metaliferos (zinc, plomo, plata en concentrado)",USA,Estados Unidos,328764.0
2011,X,27,Combustibles minerales (gas natural),ARE,Emiratos Arabes Unidos,5864281.0
2011,X,27,Combustibles minerales (gas natural),ARG,Argentina,1200021109.0
2011,X,27,Combustibles minerales (gas natural),BEL,Belgica,4408122.0
2011,X,27,Combustibles minerales (gas natural),BRA,Brasil,2639066717.0
2011,X,27,Combustibles minerales (gas natural),CAN,Canada,13150689.0
2011,X,27,Combustibles minerales (gas natural),CHE,Suiza,7344019.0
2011,X,27,Combustibles minerales (gas natural),CHL,Chile,760556.0
2011,X,27,Combustibles minerales (gas natural),CHN,China,7671441.0
2011,X,27,Combustibles minerales (gas natural),COL,Colombia,4843634.0
2011,X,27,Combustibles minerales (gas natural),DEU,Alemania,17951552.0
2011,X,27,Combustibles minerales (gas natural),ECU,Ecuador,14737093.0
2011,X,27,Combustibles minerales (gas natural),ESP,Espania,2969913.0
2011,X,27,Combustibles minerales (gas natural),GBR,Reino Unido,14033024.0
2011,X,27,Combustibles minerales (gas natural),IND,India,15157744.0
2011,X,27,Combustibles minerales (gas natural),JPN,Japon,5330695.0
2011,X,27,Combustibles minerales (gas natural),KOR,Corea del Sur,2405109.0
2011,X,27,Combustibles minerales (gas natural),NLD,Paises Bajos,10853007.0
2011,X,27,Combustibles minerales (gas natural),PER,Peru,8616224.0
2011,X,27,Combustibles minerales (gas natural),ROW,Resto del mundo,81809190.0
2011,X,27,Combustibles minerales (gas natural),RUS,Rusia,6671464.0
2011,X,27,Combustibles minerales (gas natural),USA,Estados Unidos,8183731.0
2011,X,44,Madera y manufacturas de madera,ARG,Argentina,16602724.0
2011,X,44,Madera y manufacturas de madera,BEL,Belgica,117778.0
2011,X,44,Madera y manufacturas de madera,BRA,Brasil,557916.0
2011,X,44,Madera y manufacturas de madera,CAN,Canada,269362.0
2011,X,44,Madera y manufacturas de madera,COL,Colombia,169474.0
2011,X,44,Madera y manufacturas de madera,DEU,Alemania,423235.0
2011,X,44,Madera y manufacturas de madera,GBR,Reino Unido,137437.0
2011,X,44,Madera y manufacturas de madera,IND,India,358371.0
2011,X,44,Madera y manufacturas de madera,JPN,Japon,370458.0
2011,X,44,Madera y manufacturas de madera,NLD,Paises Bajos,210039.0
2011,X,44,Madera y manufacturas de madera,PER,Peru,12276401.0
2011,X,44,Madera y manufacturas de madera,ROW,Resto del mundo,61447434.0
2011,X,44,Madera y manufacturas de madera,RUS,Rusia,264803.0
2011,X,44,Madera y manufacturas de madera,USA,Estados Unidos,23940298.0
2011,X,71,"Metales y piedras preciosas (oro, plata metalica, joyeria)",ARE,Emiratos Arabes Unidos,176026323.0
2011,X,71,"Metales y piedras preciosas (oro, plata metalica, joyeria)",ARG,Argentina,165439.0
2011,X,71,"Metales y piedras preciosas (oro, plata metalica, joyeria)",BEL,Belgica,1047105.0
2011,X,71,"Metales y piedras preciosas (oro, plata metalica, joyeria)",BRA,Brasil,400977.0
2011,X,71,"Metales y piedras preciosas (oro, plata metalica, joyeria)",CAN,Canada,48698827.0
2011,X,71,"Metales y piedras preciosas (oro, plata metalica, joyeria)",CHE,Suiza,144992086.0
2011,X,71,"Metales y piedras preciosas (oro, plata metalica, joyeria)",CHL,Chile,2134563.0
2011,X,71,"Metales y piedras preciosas (oro, plata metalica, joyeria)",CHN,China,2086048.0
2011,X,71,"Metales y piedras preciosas (oro, plata metalica, joyeria)",COL,Colombia,572364.0
2011,X,71,"Metales y piedras preciosas (oro, plata metalica, joyeria)",DEU,Alemania,1110870.0
2011,X,71,"Metales y piedras preciosas (oro, plata metalica, joyeria)",ECU,Ecuador,1135940.0
2011,X,71,"Metales y piedras preciosas (oro, plata metalica, joyeria)",ESP,Espania,527260.0
2011,X,71,"Metales y piedras preciosas (oro, plata metalica, joyeria)",GBR,Reino Unido,460406.0
2011,X,71,"Metales y piedras preciosas (oro, plata metalica, joyeria)",IND,India,295774063.0
2011,X,71,"Metales y piedras preciosas (oro, plata metalica, joyeria)",JPN,Japon,364506.0
2011,X,71,"Metales y piedras preciosas (oro, plata metalica, joyeria)",KOR,Corea del Sur,862323.0
2011,X,71,"Metales y piedras preciosas (oro, plata metalica, joyeria)",NLD,Paises Bajos,224521.0
2011,X,71,"Metales y piedras preciosas (oro, plata metalica, joyeria)",PER,Peru,213851.0
2011,X,71,"Metales y piedras preciosas (oro, plata metalica, joyeria)",ROW,Resto del mundo,124706728.0
2011,X,71,"Metales y piedras preciosas (oro, plata metalica, joyeria)",RUS,Rusia,16016182.0
2011,X,71,"Metales y piedras preciosas (oro, plata metalica, joyeria)",USA,Estados Unidos,122137151.0
2011,X,80,Estanio y sus manufacturas,ARE,Emiratos Arabes Unidos,495258.0
2011,X,80,Estanio y sus manufacturas,ARG,Argentina,1262046.0
2011,X,80,Estanio y sus manufacturas,BEL,Belgica,39592979.0
2011,X,80,Estanio y sus manufacturas,BRA,Brasil,54532759.0
2011,X,80,Estanio y sus manufacturas,CAN,Canada,284739.0
2011,X,80,Estanio y sus manufacturas,CHL,Chile,107667.0
2011,X,80,Estanio y sus manufacturas,CHN,China,336461.0
2011,X,80,Estanio y sus manufacturas,COL,Colombia,246663.0
2011,X,80,Estanio y sus manufacturas,DEU,Alemania,2320739.0
2011,X,80,Estanio y sus manufacturas,ECU,Ecuador,537555.0
2011,X,80,Estanio y sus manufacturas,GBR,Reino Unido,116708.0
2011,X,80,Estanio y sus manufacturas,IND,India,476030.0
2011,X,80,Estanio y sus manufacturas,JPN,Japon,207335.0
2011,X,80,Estanio y sus manufacturas,KOR,Corea del Sur,7226145.0
2011,X,80,Estanio y sus manufacturas,NLD,Paises Bajos,39792150.0
2011,X,80,Estanio y sus manufacturas,PER,Peru,318974.0
2011,X,80,Estanio y sus manufacturas,ROW,Resto del mundo,133890042.0
2011,X,80,Estanio y sus manufacturas,RUS,Rusia,230192.0
2011,X,80,Estanio y sus manufacturas,USA,Estados Unidos,109448046.0
2011,X,99,Otros productos no especificados,ARE,Emiratos Arabes Unidos,10020118.0
2011,X,99,Otros productos no especificados,ARG,Argentina,90219474.0
2011,X,99,Otros productos no especificados,BEL,Belgica,3739172.0
2011,X,99,Otros productos no especificados,BRA,Brasil,128719741.0
2011,X,99,Otros productos no especificados,CAN,Canada,1537893.0
2011,X,99,Otros productos no especificados,CHE,Suiza,289485.0
2011,X,99,Otros productos no especificados,CHL,Chile,70918348.0
2011,X,99,Otros productos no especificados,CHN,China,98013996.0
2011,X,99,Otros productos no especificados,COL,Colombia,2799328.0
2011,X,99,Otros productos no especificados,DEU,Alemania,1868947.0
2011,X,99,Otros productos no especificados,ECU,Ecuador,767877.0
2011,X,99,Otros productos no especificados,ESP,Espania,530443.0
2011,X,99,Otros productos no especificados,GBR,Reino Unido,810355.0
2011,X,99,Otros productos no especificados,IND,India,5663177.0
2011,X,99,Otros productos no especificados,JPN,Japon,692871.0
2011,X,99,Otros productos no especificados,KOR,Corea del Sur,3678277.0
2011,X,99,Otros productos no especificados,NLD,Paises Bajos,1122090.0
2011,X,99,Otros productos no especificados,PER,Peru,108555623.0
2011,X,99,Otros productos no especificados,ROW,Resto del mundo,385817778.0
2011,X,99,Otros productos no especificados,RUS,Rusia,354070.0
2011,X,99,Otros productos no especificados,USA,Estados Unidos,195809019.0
2012,M,10,Cereales (trigo),ARG,Argentina,117070012.0
2012,M,10,Cereales (trigo),BRA,Brasil,27895277.0
2012,M,10,Cereales (trigo),ROW,Resto del mundo,63530367.0
2012,M,10,Cereales (trigo),USA,Estados Unidos,49204344.0
2012,M,27,"Combustibles (diesel, gasolinas)",ARG,Argentina,208292534.0
2012,M,27,"Combustibles (diesel, gasolinas)",CHL,Chile,250204305.0
2012,M,27,"Combustibles (diesel, gasolinas)",PER,Peru,102122093.0
2012,M,27,"Combustibles (diesel, gasolinas)",ROW,Resto del mundo,324758979.0
2012,M,27,"Combustibles (diesel, gasolinas)",USA,Estados Unidos,231322089.0
2012,M,30,Productos farmaceuticos,ARG,Argentina,42703715.0
2012,M,30,Productos farmaceuticos,CHN,China,56989911.0
2012,M,30,Productos farmaceuticos,DEU,Alemania,52611794.0
2012,M,30,Productos farmaceuticos,ROW,Resto del mundo,208031842.0
2012,M,30,Productos farmaceuticos,USA,Estados Unidos,69162737.0
2012,M,31,Abonos (fertilizantes),CHN,China,66676196.0
2012,M,31,Abonos (fertilizantes),ROW,Resto del mundo,187678956.0
2012,M,31,Abonos (fertilizantes),RUS,Rusia,50554481.0
2012,M,31,Abonos (fertilizantes),USA,Estados Unidos,38690367.0
2012,M,39,Plasticos y sus manufacturas,BRA,Brasil,132753766.0
2012,M,39,Plasticos y sus manufacturas,CHN,China,157890057.0
2012,M,39,Plasticos y sus manufacturas,ROW,Resto del mundo,245735805.0
2012,M,39,Plasticos y sus manufacturas,USA,Estados Unidos,64920373.0
2012,M,72,"Fundicion, hierro y acero",BRA,Brasil,141775895.0
2012,M,72,"Fundicion, hierro y acero",CHN,China,180447083.0
2012,M,72,"Fundicion, hierro y acero",PER,Peru,63458307.0
2012,M,72,"Fundicion, hierro y acero",ROW,Resto del mundo,215618716.0
2012,M,84,Maquinas y aparatos mecanicos,BRA,Brasil,293388088.0
2012,M,84,Maquinas y aparatos mecanicos,CHN,China,466459407.0
2012,M,84,Maquinas y aparatos mecanicos,DEU,Alemania,128982034.0
2012,M,84,Maquinas y aparatos mecanicos,ROW,Resto del mundo,456545170.0
2012,M,84,Maquinas y aparatos mecanicos,USA,Estados Unidos,200825300.0
2012,M,85,Maquinas y material electrico,BRA,Brasil,129825180.0
2012,M,85,Maquinas y material electrico,CHN,China,380210368.0
2012,M,85,Maquinas y material electrico,ROW,Resto del mundo,420889316.0
2012,M,85,Maquinas y material electrico,USA,Estados Unidos,99875136.0
2012,M,87,Vehiculos automoviles y partes,BRA,Brasil,203399128.0
2012,M,87,Vehiculos automoviles y partes,CHN,China,367065733.0
2012,M,87,Vehiculos automoviles y partes,JPN,Japon,204602217.0
2012,M,87,Vehiculos automoviles y partes,ROW,Resto del mundo,314655804.0
2012,M,87,Vehiculos automoviles y partes,USA,Estados Unidos,112877118.0
2012,M,99,Otros productos no especificados,BRA,Brasil,219044103.0
2012,M,99,Otros productos no especificados,CHN,China,289825902.0
2012,M,99,Otros productos no especificados,PER,Peru,149041183.0
2012,M,99,Otros productos no especificados,ROW,Resto del mundo,655439629.0
2012,M,99,Otros productos no especificados,USA,Estados Unidos,146949183.0
2012,X,02,Carnes (bovina),ARE,Emiratos Arabes Unidos,122088.0
2012,X,02,Carnes (bovina),CAN,Canada,163277.0
2012,X,02,Carnes (bovina),CHL,Chile,180342.0
2012,X,02,Carnes (bovina),CHN,China,36674772.0
2012,X,02,Carnes (bovina),ECU,Ecuador,2452880.0
2012,X,02,Carnes (bovina),ESP,Espania,108652.0
2012,X,02,Carnes (bovina),GBR,Reino Unido,539677.0
2012,X,02,Carnes (bovina),PER,Peru,5135812.0
2012,X,02,Carnes (bovina),ROW,Resto del mundo,7736379.0
2012,X,02,Carnes (bovina),RUS,Rusia,164978.0
2012,X,08,Frutas y frutos (castania / nuez del Brasil),ARE,Emiratos Arabes Unidos,301411.0
2012,X,08,Frutas y frutos (castania / nuez del Brasil),ARG,Argentina,156417.0
2012,X,08,Frutas y frutos (castania / nuez del Brasil),CAN,Canada,685298.0
2012,X,08,Frutas y frutos (castania / nuez del Brasil),CHE,Suiza,351570.0
2012,X,08,Frutas y frutos (castania / nuez del Brasil),CHL,Chile,446721.0
2012,X,08,Frutas y frutos (castania / nuez del Brasil),COL,Colombia,359479.0
2012,X,08,Frutas y frutos (castania / nuez del Brasil),DEU,Alemania,3053599.0
2012,X,08,Frutas y frutos (castania / nuez del Brasil),ESP,Espania,18702812.0
2012,X,08,Frutas y frutos (castania / nuez del Brasil),GBR,Reino Unido,36383781.0
2012,X,08,Frutas y frutos (castania / nuez del Brasil),IND,India,395398.0
2012,X,08,Frutas y frutos (castania / nuez del Brasil),JPN,Japon,229786.0
2012,X,08,Frutas y frutos (castania / nuez del Brasil),KOR,Corea del Sur,215281.0
2012,X,08,Frutas y frutos (castania / nuez del Brasil),NLD,Paises Bajos,34447049.0
2012,X,08,Frutas y frutos (castania / nuez del Brasil),ROW,Resto del mundo,64087645.0
2012,X,08,Frutas y frutos (castania / nuez del Brasil),USA,Estados Unidos,28551312.0
2012,X,12,Semillas oleaginosas (grano de soya),ARE,Emiratos Arabes Unidos,209782.0
2012,X,12,Semillas oleaginosas (grano de soya),ARG,Argentina,38913055.0
2012,X,12,Semillas oleaginosas (grano de soya),BEL,Belgica,150086.0
2012,X,12,Semillas oleaginosas (grano de soya),BRA,Brasil,1115756.0
2012,X,12,Semillas oleaginosas (grano de soya),CHE,Suiza,185597.0
2012,X,12,Semillas oleaginosas (grano de soya),CHL,Chile,410584.0
2012,X,12,Semillas oleaginosas (grano de soya),CHN,China,315829.0
2012,X,12,Semillas oleaginosas (grano de soya),COL,Colombia,44595935.0
2012,X,12,Semillas oleaginosas (grano de soya),DEU,Alemania,352627.0
2012,X,12,Semillas oleaginosas (grano de soya),ECU,Ecuador,462614.0
2012,X,12,Semillas oleaginosas (grano de soya),ESP,Espania,130945.0
2012,X,12,Semillas oleaginosas (grano de soya),GBR,Reino Unido,1699358.0
2012,X,12,Semillas oleaginosas (grano de soya),JPN,Japon,343879.0
2012,X,12,Semillas oleaginosas (grano de soya),KOR,Corea del Sur,469232.0
2012,X,12,Semillas oleaginosas (grano de soya),NLD,Paises Bajos,241087.0
2012,X,12,Semillas oleaginosas (grano de soya),PER,Peru,44836814.0
2012,X,12,Semillas oleaginosas (grano de soya),ROW,Resto del mundo,80680096.0
2012,X,12,Semillas oleaginosas (grano de soya),RUS,Rusia,248728.0
2012,X,12,Semillas oleaginosas (grano de soya),USA,Estados Unidos,214642.0
2012,X,15,Grasas y aceites (aceite de soya),ARG,Argentina,368766.0
2012,X,15,Grasas y aceites (aceite de soya),BEL,Belgica,592526.0
2012,X,15,Grasas y aceites (aceite de soya),CAN,Canada,1420426.0
2012,X,15,Grasas y aceites (aceite de soya),CHE,Suiza,312162.0
2012,X,15,Grasas y aceites (aceite de soya),CHL,Chile,33665142.0
2012,X,15,Grasas y aceites (aceite de soya),CHN,China,134221.0
2012,X,15,Grasas y aceites (aceite de soya),COL,Colombia,92100930.0
2012,X,15,Grasas y aceites (aceite de soya),DEU,Alemania,775888.0
2012,X,15,Grasas y aceites (aceite de soya),ECU,Ecuador,50142886.0
2012,X,15,Grasas y aceites (aceite de soya),ESP,Espania,2244981.0
2012,X,15,Grasas y aceites (aceite de soya),GBR,Reino Unido,863561.0
2012,X,15,Grasas y aceites (aceite de soya),IND,India,280998.0
2012,X,15,Grasas y aceites (aceite de soya),JPN,Japon,948089.0
2012,X,15,Grasas y aceites (aceite de soya),KOR,Corea del Sur,276856.0
2012,X,15,Grasas y aceites (aceite de soya),NLD,Paises Bajos,281926.0
2012,X,15,Grasas y aceites (aceite de soya),PER,Peru,80940892.0
2012,X,15,Grasas y aceites (aceite de soya),ROW,Resto del mundo,84714370.0
2012,X,15,Grasas y aceites (aceite de soya),RUS,Rusia,977167.0
2012,X,15,Grasas y aceites (aceite de soya),USA,Estados Unidos,2778905.0
2012,X,23,Residuos de la industria alimentaria (torta de soya),ARE,Emiratos Arabes Unidos,549855.0
2012,X,23,Residuos de la industria alimentaria (torta de soya),ARG,Argentina,1894353.0
2012,X,23,Residuos de la industria alimentaria (torta de soya),BEL,Belgica,571363.0
2012,X,23,Residuos de la industria alimentaria (torta de soya),BRA,Brasil,1244889.0
2012,X,23,Residuos de la industria alimentaria (torta de soya),CAN,Canada,202821.0
2012,X,23,Residuos de la industria alimentaria (torta de soya),CHE,Suiza,5163819.0
2012,X,23,Residuos de la industria alimentaria (torta de soya),CHL,Chile,57266522.0
2012,X,23,Residuos de la industria alimentaria (torta de soya),CHN,China,1719181.0
2012,X,23,Residuos de la industria alimentaria (torta de soya),COL,Colombia,199829410.0
2012,X,23,Residuos de la industria alimentaria (torta de soya),DEU,Alemania,457902.0
2012,X,23,Residuos de la industria alimentaria (torta de soya),ECU,Ecuador,140925306.0
2012,X,23,Residuos de la industria alimentaria (torta de soya),ESP,Espania,718239.0
2012,X,23,Residuos de la industria alimentaria (torta de soya),GBR,Reino Unido,249399.0
2012,X,23,Residuos de la industria alimentaria (torta de soya),IND,India,9263211.0
2012,X,23,Residuos de la industria alimentaria (torta de soya),JPN,Japon,108587.0
2012,X,23,Residuos de la industria alimentaria (torta de soya),NLD,Paises Bajos,663532.0
2012,X,23,Residuos de la industria alimentaria (torta de soya),PER,Peru,208345180.0
2012,X,23,Residuos de la industria alimentaria (torta de soya),ROW,Resto del mundo,92786064.0
2012,X,23,Residuos de la industria alimentaria (torta de soya),RUS,Rusia,1407159.0
2012,X,23,Residuos de la industria alimentaria (torta de soya),USA,Estados Unidos,1329222.0
2012,X,25,"Sal, azufre, boratos (ulexita)",ARE,Emiratos Arabes Unidos,343808.0
2012,X,25,"Sal, azufre, boratos (ulexita)",BRA,Brasil,18988601.0
2012,X,25,"Sal, azufre, boratos (ulexita)",CAN,Canada,117111.0
2012,X,25,"Sal, azufre, boratos (ulexita)",CHE,Suiza,1028517.0
2012,X,25,"Sal, azufre, boratos (ulexita)",CHN,China,9803044.0
2012,X,25,"Sal, azufre, boratos (ulexita)",ECU,Ecuador,301501.0
2012,X,25,"Sal, azufre, boratos (ulexita)",ESP,Espania,362947.0
2012,X,25,"Sal, azufre, boratos (ulexita)",GBR,Reino Unido,163264.0
2012,X,25,"Sal, azufre, boratos (ulexita)",IND,India,218371.0
2012,X,25,"Sal, azufre, boratos (ulexita)",NLD,Paises Bajos,143002.0
2012,X,25,"Sal, azufre, boratos (ulexita)",PER,Peru,792819.0
2012,X,25,"Sal, azufre, boratos (ulexita)",ROW,Resto del mundo,45518730.0
2012,X,25,"Sal, azufre, boratos (ulexita)",USA,Estados Unidos,23044765.0
2012,X,26,"Minerales metaliferos (zinc, plomo, plata en concentrado)",ARE,Emiratos Arabes Unidos,1720526.0
2012,X,26,"Minerales metaliferos (zinc, plomo, plata en concentrado)",ARG,Argentina,1084691.0
2012,X,26,"Minerales metaliferos (zinc, plomo, plata en concentrado)",BEL,Belgica,162355414.0
2012,X,26,"Minerales metaliferos (zinc, plomo, plata en concentrado)",BRA,Brasil,3088687.0
2012,X,26,"Minerales metaliferos (zinc, plomo, plata en concentrado)",CAN,Canada,14252509.0
2012,X,26,"Minerales metaliferos (zinc, plomo, plata en concentrado)",CHE,Suiza,2090238.0
2012,X,26,"Minerales metaliferos (zinc, plomo, plata en concentrado)",CHL,Chile,675674.0
2012,X,26,"Minerales metaliferos (zinc, plomo, plata en concentrado)",CHN,China,312444169.0
2012,X,26,"Minerales metaliferos (zinc, plomo, plata en concentrado)",COL,Colombia,379588.0
2012,X,26,"Minerales metaliferos (zinc, plomo, plata en concentrado)",DEU,Alemania,571920.0
2012,X,26,"Minerales metaliferos (zinc, plomo, plata en concentrado)",ECU,Ecuador,4762115.0
2012,X,26,"Minerales metaliferos (zinc, plomo, plata en concentrado)",ESP,Espania,124795045.0
2012,X,26,"Minerales metaliferos (zinc, plomo, plata en concentrado)",GBR,Reino Unido,157677.0
2012,X,26,"Minerales metaliferos (zinc, plomo, plata en concentrado)",IND,India,170040066.0
2012,X,26,"Minerales metaliferos (zinc, plomo, plata en concentrado)",JPN,Japon,275470862.0
2012,X,26,"Minerales metaliferos (zinc, plomo, plata en concentrado)",KOR,Corea del Sur,165008904.0
2012,X,26,"Minerales metaliferos (zinc, plomo, plata en concentrado)",NLD,Paises Bajos,90594569.0
2012,X,26,"Minerales metaliferos (zinc, plomo, plata en concentrado)",PER,Peru,11246673.0
2012,X,26,"Minerales metaliferos (zinc, plomo, plata en concentrado)",ROW,Resto del mundo,207913013.0
2012,X,26,"Minerales metaliferos (zinc, plomo, plata en concentrado)",RUS,Rusia,1228472.0
2012,X,26,"Minerales metaliferos (zinc, plomo, plata en concentrado)",USA,Estados Unidos,732597.0
2012,X,27,Combustibles minerales (gas natural),ARE,Emiratos Arabes Unidos,6854227.0
2012,X,27,Combustibles minerales (gas natural),ARG,Argentina,1683137181.0
2012,X,27,Combustibles minerales (gas natural),BEL,Belgica,13072176.0
2012,X,27,Combustibles minerales (gas natural),BRA,Brasil,3395113407.0
2012,X,27,Combustibles minerales (gas natural),CAN,Canada,8124673.0
2012,X,27,Combustibles minerales (gas natural),CHE,Suiza,32611021.0
2012,X,27,Combustibles minerales (gas natural),CHL,Chile,11733625.0
2012,X,27,Combustibles minerales (gas natural),CHN,China,2824549.0
2012,X,27,Combustibles minerales (gas natural),COL,Colombia,13430083.0
2012,X,27,Combustibles minerales (gas natural),DEU,Alemania,2992421.0
2012,X,27,Combustibles minerales (gas natural),ECU,Ecuador,3813515.0
2012,X,27,Combustibles minerales (gas natural),ESP,Espania,8049466.0
2012,X,27,Combustibles minerales (gas natural),GBR,Reino Unido,3243365.0
2012,X,27,Combustibles minerales (gas natural),IND,India,4774501.0
2012,X,27,Combustibles minerales (gas natural),JPN,Japon,9344933.0
2012,X,27,Combustibles minerales (gas natural),KOR,Corea del Sur,18206499.0
2012,X,27,Combustibles minerales (gas natural),NLD,Paises Bajos,10714178.0
2012,X,27,Combustibles minerales (gas natural),PER,Peru,18300383.0
2012,X,27,Combustibles minerales (gas natural),ROW,Resto del mundo,98771523.0
2012,X,27,Combustibles minerales (gas natural),RUS,Rusia,12528359.0
2012,X,27,Combustibles minerales (gas natural),USA,Estados Unidos,2088875.0
2012,X,44,Madera y manufacturas de madera,ARG,Argentina,21376898.0
2012,X,44,Madera y manufacturas de madera,BEL,Belgica,291708.0
2012,X,44,Madera y manufacturas de madera,CAN,Canada,681369.0
2012,X,44,Madera y manufacturas de madera,CHE,Suiza,766263.0
2012,X,44,Madera y manufacturas de madera,CHL,Chile,133199.0
2012,X,44,Madera y manufacturas de madera,CHN,China,623948.0
2012,X,44,Madera y manufacturas de madera,COL,Colombia,340938.0
2012,X,44,Madera y manufacturas de madera,DEU,Alemania,161567.0
2012,X,44,Madera y manufacturas de madera,ECU,Ecuador,381365.0
2012,X,44,Madera y manufacturas de madera,ESP,Espania,279058.0
2012,X,44,Madera y manufacturas de madera,IND,India,482461.0
2012,X,44,Madera y manufacturas de madera,JPN,Japon,329113.0
2012,X,44,Madera y manufacturas de madera,NLD,Paises Bajos,370071.0
2012,X,44,Madera y manufacturas de madera,PER,Peru,14220863.0
2012,X,44,Madera y manufacturas de madera,ROW,Resto del mundo,74814087.0
2012,X,44,Madera y manufacturas de madera,RUS,Rusia,198152.0
2012,X,44,Madera y manufacturas de madera,USA,Estados Unidos,25878624.0
2012,X,71,"Metales y piedras preciosas (oro, plata metalica, joyeria)",ARE,Emiratos Arabes Unidos,184777276.0
2012,X,71,"Metales y piedras preciosas (oro, plata metalica, joyeria)",ARG,Argentina,1243304.0
2012,X,71,"Metales y piedras preciosas (oro, plata metalica, joyeria)",BEL,Belgica,2953399.0
2012,X,71,"Metales y piedras preciosas (oro, plata metalica, joyeria)",BRA,Brasil,756884.0
2012,X,71,"Metales y piedras preciosas (oro, plata metalica, joyeria)",CAN,Canada,58918639.0
2012,X,71,"Metales y piedras preciosas (oro, plata metalica, joyeria)",CHE,Suiza,167374833.0
2012,X,71,"Metales y piedras preciosas (oro, plata metalica, joyeria)",CHL,Chile,2440483.0
2012,X,71,"Metales y piedras preciosas (oro, plata metalica, joyeria)",CHN,China,5987001.0
2012,X,71,"Metales y piedras preciosas (oro, plata metalica, joyeria)",COL,Colombia,610081.0
2012,X,71,"Metales y piedras preciosas (oro, plata metalica, joyeria)",DEU,Alemania,189279.0
2012,X,71,"Metales y piedras preciosas (oro, plata metalica, joyeria)",ECU,Ecuador,1082413.0
2012,X,71,"Metales y piedras preciosas (oro, plata metalica, joyeria)",ESP,Espania,7353418.0
2012,X,71,"Metales y piedras preciosas (oro, plata metalica, joyeria)",GBR,Reino Unido,990003.0
2012,X,71,"Metales y piedras preciosas (oro, plata metalica, joyeria)",IND,India,415247461.0
2012,X,71,"Metales y piedras preciosas (oro, plata metalica, joyeria)",JPN,Japon,1600515.0
2012,X,71,"Metales y piedras preciosas (oro, plata metalica, joyeria)",KOR,Corea del Sur,3246229.0
2012,X,71,"Metales y piedras preciosas (oro, plata metalica, joyeria)",NLD,Paises Bajos,1591290.0
2012,X,71,"Metales y piedras preciosas (oro, plata metalica, joyeria)",PER,Peru,542887.0
2012,X,71,"Metales y piedras preciosas (oro, plata metalica, joyeria)",ROW,Resto del mundo,149263589.0
2012,X,71,"Metales y piedras preciosas (oro, plata metalica, joyeria)",RUS,Rusia,6728707.0
2012,X,71,"Metales y piedras preciosas (oro, plata metalica, joyeria)",USA,Estados Unidos,133207871.0
2012,X,80,Estanio y sus manufacturas,ARE,Emiratos Arabes Unidos,281164.0
2012,X,80,Estanio y sus manufacturas,ARG,Argentina,367250.0
2012,X,80,Estanio y sus manufacturas,BEL,Belgica,49134493.0
2012,X,80,Estanio y sus manufacturas,BRA,Brasil,70266180.0
2012,X,80,Estanio y sus manufacturas,CAN,Canada,495957.0
2012,X,80,Estanio y sus manufacturas,CHE,Suiza,2236842.0
2012,X,80,Estanio y sus manufacturas,CHL,Chile,1411139.0
2012,X,80,Estanio y sus manufacturas,CHN,China,481166.0
2012,X,80,Estanio y sus manufacturas,COL,Colombia,1943770.0
2012,X,80,Estanio y sus manufacturas,DEU,Alemania,499030.0
2012,X,80,Estanio y sus manufacturas,ECU,Ecuador,264509.0
2012,X,80,Estanio y sus manufacturas,ESP,Espania,421911.0
2012,X,80,Estanio y sus manufacturas,GBR,Reino Unido,1177052.0
2012,X,80,Estanio y sus manufacturas,IND,India,516243.0
2012,X,80,Estanio y sus manufacturas,JPN,Japon,2258310.0
2012,X,80,Estanio y sus manufacturas,KOR,Corea del Sur,4031784.0
2012,X,80,Estanio y sus manufacturas,NLD,Paises Bajos,42617397.0
2012,X,80,Estanio y sus manufacturas,PER,Peru,259556.0
2012,X,80,Estanio y sus manufacturas,ROW,Resto del mundo,165135692.0
2012,X,80,Estanio y sus manufacturas,RUS,Rusia,471343.0
2012,X,80,Estanio y sus manufacturas,USA,Estados Unidos,144509528.0
2012,X,99,Otros productos no especificados,ARE,Emiratos Arabes Unidos,2170491.0
2012,X,99,Otros productos no especificados,ARG,Argentina,107285173.0
2012,X,99,Otros productos no especificados,BEL,Belgica,309017.0
2012,X,99,Otros productos no especificados,BRA,Brasil,183722807.0
2012,X,99,Otros productos no especificados,CAN,Canada,2788748.0
2012,X,99,Otros productos no especificados,CHE,Suiza,527161.0
2012,X,99,Otros productos no especificados,CHL,Chile,109847096.0
2012,X,99,Otros productos no especificados,CHN,China,156480321.0
2012,X,99,Otros productos no especificados,COL,Colombia,5552444.0
2012,X,99,Otros productos no especificados,DEU,Alemania,1545290.0
2012,X,99,Otros productos no especificados,ECU,Ecuador,10120078.0
2012,X,99,Otros productos no especificados,ESP,Espania,2392491.0
2012,X,99,Otros productos no especificados,GBR,Reino Unido,1415116.0
2012,X,99,Otros productos no especificados,IND,India,938918.0
2012,X,99,Otros productos no especificados,JPN,Japon,3393275.0
2012,X,99,Otros productos no especificados,KOR,Corea del Sur,1682287.0
2012,X,99,Otros productos no especificados,NLD,Paises Bajos,1005400.0
2012,X,99,Otros productos no especificados,PER,Peru,141626944.0
2012,X,99,Otros productos no especificados,ROW,Resto del mundo,492502002.0
2012,X,99,Otros productos no especificados,RUS,Rusia,355010.0
2012,X,99,Otros productos no especificados,USA,Estados Unidos,264277163.0
2013,M,10,Cereales (trigo),ARG,Argentina,134618304.0
2013,M,10,Cereales (trigo),BRA,Brasil,27004532.0
2013,M,10,Cereales (trigo),ROW,Resto del mundo,69890462.0
2013,M,10,Cereales (trigo),USA,Estados Unidos,59456701.0
2013,M,27,"Combustibles (diesel, gasolinas)",ARG,Argentina,228905238.0
2013,M,27,"Combustibles (diesel, gasolinas)",CHL,Chile,296137477.0
2013,M,27,"Combustibles (diesel, gasolinas)",PER,Peru,121406894.0
2013,M,27,"Combustibles (diesel, gasolinas)",ROW,Resto del mundo,347791156.0
2013,M,27,"Combustibles (diesel, gasolinas)",USA,Estados Unidos,266629235.0
2013,M,30,Productos farmaceuticos,ARG,Argentina,48654942.0
2013,M,30,Productos farmaceuticos,CHN,China,58739592.0
2013,M,30,Productos farmaceuticos,DEU,Alemania,52523279.0
2013,M,30,Productos farmaceuticos,ROW,Resto del mundo,233808414.0
2013,M,30,Productos farmaceuticos,USA,Estados Unidos,91223774.0
2013,M,31,Abonos (fertilizantes),CHN,China,70214297.0
2013,M,31,Abonos (fertilizantes),ROW,Resto del mundo,210949166.0
2013,M,31,Abonos (fertilizantes),RUS,Rusia,61570071.0
2013,M,31,Abonos (fertilizantes),USA,Estados Unidos,45226466.0
2013,M,39,Plasticos y sus manufacturas,BRA,Brasil,133231355.0
2013,M,39,Plasticos y sus manufacturas,CHN,China,170325534.0
2013,M,39,Plasticos y sus manufacturas,ROW,Resto del mundo,298126734.0
2013,M,39,Plasticos y sus manufacturas,USA,Estados Unidos,77246377.0
2013,M,72,"Fundicion, hierro y acero",BRA,Brasil,155363991.0
2013,M,72,"Fundicion, hierro y acero",CHN,China,208568548.0
2013,M,72,"Fundicion, hierro y acero",PER,Peru,69217123.0
2013,M,72,"Fundicion, hierro y acero",ROW,Resto del mundo,245780337.0
2013,M,84,Maquinas y aparatos mecanicos,BRA,Brasil,317355162.0
2013,M,84,Maquinas y aparatos mecanicos,CHN,China,519460265.0
2013,M,84,Maquinas y aparatos mecanicos,DEU,Alemania,135272629.0
2013,M,84,Maquinas y aparatos mecanicos,ROW,Resto del mundo,492476575.0
2013,M,84,Maquinas y aparatos mecanicos,USA,Estados Unidos,281255370.0
2013,M,85,Maquinas y material electrico,BRA,Brasil,140325678.0
2013,M,85,Maquinas y material electrico,CHN,China,485019518.0
2013,M,85,Maquinas y material electrico,ROW,Resto del mundo,421865190.0
2013,M,85,Maquinas y material electrico,USA,Estados Unidos,116669614.0
2013,M,87,Vehiculos automoviles y partes,BRA,Brasil,214792365.0
2013,M,87,Vehiculos automoviles y partes,CHN,China,406811077.0
2013,M,87,Vehiculos automoviles y partes,JPN,Japon,234723779.0
2013,M,87,Vehiculos automoviles y partes,ROW,Resto del mundo,367940912.0
2013,M,87,Vehiculos automoviles y partes,USA,Estados Unidos,133591867.0
2013,M,99,Otros productos no especificados,BRA,Brasil,295347469.0
2013,M,99,Otros productos no especificados,CHN,China,305034400.0
2013,M,99,Otros productos no especificados,PER,Peru,189527513.0
2013,M,99,Otros productos no especificados,ROW,Resto del mundo,683517762.0
2013,M,99,Otros productos no especificados,USA,Estados Unidos,175402856.0
2013,X,02,Carnes (bovina),ARE,Emiratos Arabes Unidos,143459.0
2013,X,02,Carnes (bovina),CHE,Suiza,132573.0
2013,X,02,Carnes (bovina),CHN,China,38840748.0
2013,X,02,Carnes (bovina),COL,Colombia,121854.0
2013,X,02,Carnes (bovina),DEU,Alemania,356117.0
2013,X,02,Carnes (bovina),ECU,Ecuador,3166905.0
2013,X,02,Carnes (bovina),IND,India,206814.0
2013,X,02,Carnes (bovina),PER,Peru,6546899.0
2013,X,02,Carnes (bovina),ROW,Resto del mundo,8631527.0
2013,X,02,Carnes (bovina),RUS,Rusia,389153.0
2013,X,02,Carnes (bovina),USA,Estados Unidos,225862.0
2013,X,08,Frutas y frutos (castania / nuez del Brasil),ARE,Emiratos Arabes Unidos,3315035.0
2013,X,08,Frutas y frutos (castania / nuez del Brasil),ARG,Argentina,259565.0
2013,X,08,Frutas y frutos (castania / nuez del Brasil),BEL,Belgica,226682.0
2013,X,08,Frutas y frutos (castania / nuez del Brasil),BRA,Brasil,148751.0
2013,X,08,Frutas y frutos (castania / nuez del Brasil),CAN,Canada,197086.0
2013,X,08,Frutas y frutos (castania / nuez del Brasil),CHN,China,164682.0
2013,X,08,Frutas y frutos (castania / nuez del Brasil),COL,Colombia,1118154.0
2013,X,08,Frutas y frutos (castania / nuez del Brasil),DEU,Alemania,116425.0
2013,X,08,Frutas y frutos (castania / nuez del Brasil),ECU,Ecuador,649471.0
2013,X,08,Frutas y frutos (castania / nuez del Brasil),ESP,Espania,18818846.0
2013,X,08,Frutas y frutos (castania / nuez del Brasil),GBR,Reino Unido,41341154.0
2013,X,08,Frutas y frutos (castania / nuez del Brasil),JPN,Japon,316344.0
2013,X,08,Frutas y frutos (castania / nuez del Brasil),KOR,Corea del Sur,324662.0
2013,X,08,Frutas y frutos (castania / nuez del Brasil),NLD,Paises Bajos,29576944.0
2013,X,08,Frutas y frutos (castania / nuez del Brasil),ROW,Resto del mundo,65865041.0
2013,X,08,Frutas y frutos (castania / nuez del Brasil),RUS,Rusia,197628.0
2013,X,08,Frutas y frutos (castania / nuez del Brasil),USA,Estados Unidos,28682897.0
2013,X,12,Semillas oleaginosas (grano de soya),ARE,Emiratos Arabes Unidos,912563.0
2013,X,12,Semillas oleaginosas (grano de soya),ARG,Argentina,43148301.0
2013,X,12,Semillas oleaginosas (grano de soya),BEL,Belgica,1968596.0
2013,X,12,Semillas oleaginosas (grano de soya),BRA,Brasil,250528.0
2013,X,12,Semillas oleaginosas (grano de soya),CAN,Canada,132367.0
2013,X,12,Semillas oleaginosas (grano de soya),CHE,Suiza,844725.0
2013,X,12,Semillas oleaginosas (grano de soya),CHL,Chile,226825.0
2013,X,12,Semillas oleaginosas (grano de soya),COL,Colombia,39784557.0
2013,X,12,Semillas oleaginosas (grano de soya),DEU,Alemania,282314.0
2013,X,12,Semillas oleaginosas (grano de soya),ESP,Espania,311314.0
2013,X,12,Semillas oleaginosas (grano de soya),GBR,Reino Unido,134382.0
2013,X,12,Semillas oleaginosas (grano de soya),IND,India,1213540.0
2013,X,12,Semillas oleaginosas (grano de soya),JPN,Japon,304828.0
2013,X,12,Semillas oleaginosas (grano de soya),KOR,Corea del Sur,185107.0
2013,X,12,Semillas oleaginosas (grano de soya),NLD,Paises Bajos,146312.0
2013,X,12,Semillas oleaginosas (grano de soya),PER,Peru,43743043.0
2013,X,12,Semillas oleaginosas (grano de soya),ROW,Resto del mundo,81945934.0
2013,X,12,Semillas oleaginosas (grano de soya),RUS,Rusia,109801.0
2013,X,12,Semillas oleaginosas (grano de soya),USA,Estados Unidos,122411.0
2013,X,15,Grasas y aceites (aceite de soya),ARE,Emiratos Arabes Unidos,1367069.0
2013,X,15,Grasas y aceites (aceite de soya),ARG,Argentina,2551860.0
2013,X,15,Grasas y aceites (aceite de soya),BRA,Brasil,978803.0
2013,X,15,Grasas y aceites (aceite de soya),CAN,Canada,470176.0
2013,X,15,Grasas y aceites (aceite de soya),CHL,Chile,34213835.0
2013,X,15,Grasas y aceites (aceite de soya),CHN,China,687961.0
2013,X,15,Grasas y aceites (aceite de soya),COL,Colombia,94634241.0
2013,X,15,Grasas y aceites (aceite de soya),DEU,Alemania,317608.0
2013,X,15,Grasas y aceites (aceite de soya),ECU,Ecuador,52062326.0
2013,X,15,Grasas y aceites (aceite de soya),ESP,Espania,533315.0
2013,X,15,Grasas y aceites (aceite de soya),GBR,Reino Unido,3332865.0
2013,X,15,Grasas y aceites (aceite de soya),IND,India,174273.0
2013,X,15,Grasas y aceites (aceite de soya),JPN,Japon,1361727.0
2013,X,15,Grasas y aceites (aceite de soya),KOR,Corea del Sur,388927.0
2013,X,15,Grasas y aceites (aceite de soya),NLD,Paises Bajos,273976.0
2013,X,15,Grasas y aceites (aceite de soya),PER,Peru,85784054.0
2013,X,15,Grasas y aceites (aceite de soya),ROW,Resto del mundo,86069296.0
2013,X,15,Grasas y aceites (aceite de soya),RUS,Rusia,132534.0
2013,X,15,Grasas y aceites (aceite de soya),USA,Estados Unidos,219657.0
2013,X,23,Residuos de la industria alimentaria (torta de soya),ARE,Emiratos Arabes Unidos,1016348.0
2013,X,23,Residuos de la industria alimentaria (torta de soya),ARG,Argentina,465481.0
2013,X,23,Residuos de la industria alimentaria (torta de soya),BEL,Belgica,469442.0
2013,X,23,Residuos de la industria alimentaria (torta de soya),BRA,Brasil,2064346.0
2013,X,23,Residuos de la industria alimentaria (torta de soya),CAN,Canada,737060.0
2013,X,23,Residuos de la industria alimentaria (torta de soya),CHE,Suiza,398680.0
2013,X,23,Residuos de la industria alimentaria (torta de soya),CHL,Chile,60829188.0
2013,X,23,Residuos de la industria alimentaria (torta de soya),CHN,China,375660.0
2013,X,23,Residuos de la industria alimentaria (torta de soya),COL,Colombia,228336646.0
2013,X,23,Residuos de la industria alimentaria (torta de soya),DEU,Alemania,370164.0
2013,X,23,Residuos de la industria alimentaria (torta de soya),ECU,Ecuador,154210180.0
2013,X,23,Residuos de la industria alimentaria (torta de soya),ESP,Espania,372931.0
2013,X,23,Residuos de la industria alimentaria (torta de soya),GBR,Reino Unido,1381543.0
2013,X,23,Residuos de la industria alimentaria (torta de soya),IND,India,777985.0
2013,X,23,Residuos de la industria alimentaria (torta de soya),JPN,Japon,325368.0
2013,X,23,Residuos de la industria alimentaria (torta de soya),KOR,Corea del Sur,273701.0
2013,X,23,Residuos de la industria alimentaria (torta de soya),NLD,Paises Bajos,462889.0
2013,X,23,Residuos de la industria alimentaria (torta de soya),PER,Peru,225043601.0
2013,X,23,Residuos de la industria alimentaria (torta de soya),ROW,Resto del mundo,86803971.0
2013,X,23,Residuos de la industria alimentaria (torta de soya),RUS,Rusia,929809.0
2013,X,23,Residuos de la industria alimentaria (torta de soya),USA,Estados Unidos,527283.0
2013,X,25,"Sal, azufre, boratos (ulexita)",BEL,Belgica,958651.0
2013,X,25,"Sal, azufre, boratos (ulexita)",BRA,Brasil,22379991.0
2013,X,25,"Sal, azufre, boratos (ulexita)",CAN,Canada,111105.0
2013,X,25,"Sal, azufre, boratos (ulexita)",CHN,China,10122947.0
2013,X,25,"Sal, azufre, boratos (ulexita)",DEU,Alemania,560807.0
2013,X,25,"Sal, azufre, boratos (ulexita)",ESP,Espania,309946.0
2013,X,25,"Sal, azufre, boratos (ulexita)",GBR,Reino Unido,115655.0
2013,X,25,"Sal, azufre, boratos (ulexita)",JPN,Japon,361972.0
2013,X,25,"Sal, azufre, boratos (ulexita)",ROW,Resto del mundo,46868666.0
2013,X,25,"Sal, azufre, boratos (ulexita)",RUS,Rusia,134585.0
2013,X,25,"Sal, azufre, boratos (ulexita)",USA,Estados Unidos,21977485.0
2013,X,26,"Minerales metaliferos (zinc, plomo, plata en concentrado)",ARE,Emiratos Arabes Unidos,4436789.0
2013,X,26,"Minerales metaliferos (zinc, plomo, plata en concentrado)",ARG,Argentina,2615567.0
2013,X,26,"Minerales metaliferos (zinc, plomo, plata en concentrado)",BEL,Belgica,158148082.0
2013,X,26,"Minerales metaliferos (zinc, plomo, plata en concentrado)",BRA,Brasil,1569262.0
2013,X,26,"Minerales metaliferos (zinc, plomo, plata en concentrado)",CAN,Canada,18185831.0
2013,X,26,"Minerales metaliferos (zinc, plomo, plata en concentrado)",CHE,Suiza,727562.0
2013,X,26,"Minerales metaliferos (zinc, plomo, plata en concentrado)",CHL,Chile,1067809.0
2013,X,26,"Minerales metaliferos (zinc, plomo, plata en concentrado)",CHN,China,312756339.0
2013,X,26,"Minerales metaliferos (zinc, plomo, plata en concentrado)",COL,Colombia,5568407.0
2013,X,26,"Minerales metaliferos (zinc, plomo, plata en concentrado)",DEU,Alemania,3035148.0
2013,X,26,"Minerales metaliferos (zinc, plomo, plata en concentrado)",ECU,Ecuador,1089584.0
2013,X,26,"Minerales metaliferos (zinc, plomo, plata en concentrado)",ESP,Espania,123498648.0
2013,X,26,"Minerales metaliferos (zinc, plomo, plata en concentrado)",GBR,Reino Unido,711851.0
2013,X,26,"Minerales metaliferos (zinc, plomo, plata en concentrado)",IND,India,143097731.0
2013,X,26,"Minerales metaliferos (zinc, plomo, plata en concentrado)",JPN,Japon,271248181.0
2013,X,26,"Minerales metaliferos (zinc, plomo, plata en concentrado)",KOR,Corea del Sur,174729970.0
2013,X,26,"Minerales metaliferos (zinc, plomo, plata en concentrado)",NLD,Paises Bajos,90079040.0
2013,X,26,"Minerales metaliferos (zinc, plomo, plata en concentrado)",PER,Peru,2501059.0
2013,X,26,"Minerales metaliferos (zinc, plomo, plata en concentrado)",ROW,Resto del mundo,212984312.0
2013,X,26,"Minerales metaliferos (zinc, plomo, plata en concentrado)",RUS,Rusia,3436831.0
2013,X,26,"Minerales metaliferos (zinc, plomo, plata en concentrado)",USA,Estados Unidos,856551.0
2013,X,27,Combustibles minerales (gas natural),ARE,Emiratos Arabes Unidos,10072037.0
2013,X,27,Combustibles minerales (gas natural),ARG,Argentina,1702201128.0
2013,X,27,Combustibles minerales (gas natural),BEL,Belgica,16033519.0
2013,X,27,Combustibles minerales (gas natural),BRA,Brasil,3637673804.0
2013,X,27,Combustibles minerales (gas natural),CAN,Canada,6349758.0
2013,X,27,Combustibles minerales (gas natural),CHE,Suiza,6829047.0
2013,X,27,Combustibles minerales (gas natural),CHL,Chile,5533187.0
2013,X,27,Combustibles minerales (gas natural),CHN,China,9752316.0
2013,X,27,Combustibles minerales (gas natural),COL,Colombia,13423988.0
2013,X,27,Combustibles minerales (gas natural),DEU,Alemania,5457957.0
2013,X,27,Combustibles minerales (gas natural),ECU,Ecuador,4560438.0
2013,X,27,Combustibles minerales (gas natural),ESP,Espania,14985397.0
2013,X,27,Combustibles minerales (gas natural),GBR,Reino Unido,3226438.0
2013,X,27,Combustibles minerales (gas natural),IND,India,8195564.0
2013,X,27,Combustibles minerales (gas natural),JPN,Japon,7760450.0
2013,X,27,Combustibles minerales (gas natural),KOR,Corea del Sur,5991837.0
2013,X,27,Combustibles minerales (gas natural),NLD,Paises Bajos,28502271.0
2013,X,27,Combustibles minerales (gas natural),PER,Peru,3134874.0
2013,X,27,Combustibles minerales (gas natural),ROW,Resto del mundo,117461452.0
2013,X,27,Combustibles minerales (gas natural),RUS,Rusia,12124852.0
2013,X,27,Combustibles minerales (gas natural),USA,Estados Unidos,22543721.0
2013,X,44,Madera y manufacturas de madera,ARE,Emiratos Arabes Unidos,114671.0
2013,X,44,Madera y manufacturas de madera,ARG,Argentina,19364956.0
2013,X,44,Madera y manufacturas de madera,BEL,Belgica,159363.0
2013,X,44,Madera y manufacturas de madera,CAN,Canada,1111836.0
2013,X,44,Madera y manufacturas de madera,CHL,Chile,142792.0
2013,X,44,Madera y manufacturas de madera,COL,Colombia,213078.0
2013,X,44,Madera y manufacturas de madera,ECU,Ecuador,958593.0
2013,X,44,Madera y manufacturas de madera,IND,India,184945.0
2013,X,44,Madera y manufacturas de madera,JPN,Japon,233035.0
2013,X,44,Madera y manufacturas de madera,KOR,Corea del Sur,239202.0
2013,X,44,Madera y manufacturas de madera,NLD,Paises Bajos,997380.0
2013,X,44,Madera y manufacturas de madera,PER,Peru,13353225.0
2013,X,44,Madera y manufacturas de madera,ROW,Resto del mundo,70135319.0
2013,X,44,Madera y manufacturas de madera,RUS,Rusia,379758.0
2013,X,44,Madera y manufacturas de madera,USA,Estados Unidos,27931039.0
2013,X,71,"Metales y piedras preciosas (oro, plata metalica, joyeria)",ARE,Emiratos Arabes Unidos,188407523.0
2013,X,71,"Metales y piedras preciosas (oro, plata metalica, joyeria)",ARG,Argentina,1560958.0
2013,X,71,"Metales y piedras preciosas (oro, plata metalica, joyeria)",BEL,Belgica,2125870.0
2013,X,71,"Metales y piedras preciosas (oro, plata metalica, joyeria)",BRA,Brasil,2106882.0
2013,X,71,"Metales y piedras preciosas (oro, plata metalica, joyeria)",CAN,Canada,50301801.0
2013,X,71,"Metales y piedras preciosas (oro, plata metalica, joyeria)",CHE,Suiza,157727236.0
2013,X,71,"Metales y piedras preciosas (oro, plata metalica, joyeria)",CHL,Chile,1254784.0
2013,X,71,"Metales y piedras preciosas (oro, plata metalica, joyeria)",CHN,China,740732.0
2013,X,71,"Metales y piedras preciosas (oro, plata metalica, joyeria)",COL,Colombia,987035.0
2013,X,71,"Metales y piedras preciosas (oro, plata metalica, joyeria)",DEU,Alemania,1482692.0
2013,X,71,"Metales y piedras preciosas (oro, plata metalica, joyeria)",ECU,Ecuador,337937.0
2013,X,71,"Metales y piedras preciosas (oro, plata metalica, joyeria)",ESP,Espania,2819664.0
2013,X,71,"Metales y piedras preciosas (oro, plata metalica, joyeria)",GBR,Reino Unido,2107298.0
2013,X,71,"Metales y piedras preciosas (oro, plata metalica, joyeria)",IND,India,400957878.0
2013,X,71,"Metales y piedras preciosas (oro, plata metalica, joyeria)",JPN,Japon,7949873.0
2013,X,71,"Metales y piedras preciosas (oro, plata metalica, joyeria)",KOR,Corea del Sur,2069911.0
2013,X,71,"Metales y piedras preciosas (oro, plata metalica, joyeria)",NLD,Paises Bajos,772001.0
2013,X,71,"Metales y piedras preciosas (oro, plata metalica, joyeria)",PER,Peru,3697114.0
2013,X,71,"Metales y piedras preciosas (oro, plata metalica, joyeria)",ROW,Resto del mundo,160649615.0
2013,X,71,"Metales y piedras preciosas (oro, plata metalica, joyeria)",RUS,Rusia,508138.0
2013,X,71,"Metales y piedras preciosas (oro, plata metalica, joyeria)",USA,Estados Unidos,125867461.0
2013,X,80,Estanio y sus manufacturas,ARE,Emiratos Arabes Unidos,1403443.0
2013,X,80,Estanio y sus manufacturas,ARG,Argentina,1001185.0
2013,X,80,Estanio y sus manufacturas,BEL,Belgica,46752334.0
2013,X,80,Estanio y sus manufacturas,BRA,Brasil,69534970.0
2013,X,80,Estanio y sus manufacturas,CAN,Canada,1687154.0
2013,X,80,Estanio y sus manufacturas,CHE,Suiza,874833.0
2013,X,80,Estanio y sus manufacturas,CHL,Chile,284757.0
2013,X,80,Estanio y sus manufacturas,CHN,China,390552.0
2013,X,80,Estanio y sus manufacturas,COL,Colombia,1875764.0
2013,X,80,Estanio y sus manufacturas,DEU,Alemania,497918.0
2013,X,80,Estanio y sus manufacturas,ECU,Ecuador,742024.0
2013,X,80,Estanio y sus manufacturas,ESP,Espania,1333353.0
2013,X,80,Estanio y sus manufacturas,GBR,Reino Unido,321801.0
2013,X,80,Estanio y sus manufacturas,IND,India,406556.0
2013,X,80,Estanio y sus manufacturas,JPN,Japon,1637432.0
2013,X,80,Estanio y sus manufacturas,KOR,Corea del Sur,385161.0
2013,X,80,Estanio y sus manufacturas,NLD,Paises Bajos,43642445.0
2013,X,80,Estanio y sus manufacturas,PER,Peru,268528.0
2013,X,80,Estanio y sus manufacturas,ROW,Resto del mundo,164326665.0
2013,X,80,Estanio y sus manufacturas,RUS,Rusia,2303592.0
2013,X,80,Estanio y sus manufacturas,USA,Estados Unidos,147893708.0
2013,X,99,Otros productos no especificados,ARE,Emiratos Arabes Unidos,3153286.0
2013,X,99,Otros productos no especificados,ARG,Argentina,143148967.0
2013,X,99,Otros productos no especificados,BEL,Belgica,335428.0
2013,X,99,Otros productos no especificados,BRA,Brasil,168389337.0
2013,X,99,Otros productos no especificados,CAN,Canada,2476573.0
2013,X,99,Otros productos no especificados,CHE,Suiza,4381708.0
2013,X,99,Otros productos no especificados,CHL,Chile,113836710.0
2013,X,99,Otros productos no especificados,CHN,China,153249670.0
2013,X,99,Otros productos no especificados,COL,Colombia,3519726.0
2013,X,99,Otros productos no especificados,DEU,Alemania,862644.0
2013,X,99,Otros productos no especificados,ECU,Ecuador,777944.0
2013,X,99,Otros productos no especificados,ESP,Espania,1766541.0
2013,X,99,Otros productos no especificados,GBR,Reino Unido,491761.0
2013,X,99,Otros productos no especificados,IND,India,1698847.0
2013,X,99,Otros productos no especificados,JPN,Japon,1040291.0
2013,X,99,Otros productos no especificados,KOR,Corea del Sur,3371892.0
2013,X,99,Otros productos no especificados,NLD,Paises Bajos,1207477.0
2013,X,99,Otros productos no especificados,PER,Peru,152417576.0
2013,X,99,Otros productos no especificados,ROW,Resto del mundo,585133275.0
2013,X,99,Otros productos no especificados,RUS,Rusia,4393381.0
2013,X,99,Otros productos no especificados,USA,Estados Unidos,249378339.0
2014,M,10,Cereales (trigo),ARG,Argentina,138268704.0
2014,M,10,Cereales (trigo),BRA,Brasil,32135826.0
2014,M,10,Cereales (trigo),ROW,Resto del mundo,74420213.0
2014,M,10,Cereales (trigo),USA,Estados Unidos,69275257.0
2014,M,27,"Combustibles (diesel, gasolinas)",ARG,Argentina,253218083.0
2014,M,27,"Combustibles (diesel, gasolinas)",CHL,Chile,302178170.0
2014,M,27,"Combustibles (diesel, gasolinas)",PER,Peru,139503838.0
2014,M,27,"Combustibles (diesel, gasolinas)",ROW,Resto del mundo,380034823.0
2014,M,27,"Combustibles (diesel, gasolinas)",USA,Estados Unidos,286165086.0
2014,M,30,Productos farmaceuticos,ARG,Argentina,59843433.0
2014,M,30,Productos farmaceuticos,CHN,China,60307870.0
2014,M,30,Productos farmaceuticos,DEU,Alemania,62360163.0
2014,M,30,Productos farmaceuticos,ROW,Resto del mundo,239942997.0
2014,M,30,Productos farmaceuticos,USA,Estados Unidos,101045537.0
2014,M,31,Abonos (fertilizantes),CHN,China,77407707.0
2014,M,31,Abonos (fertilizantes),ROW,Resto del mundo,228230548.0
2014,M,31,Abonos (fertilizantes),RUS,Rusia,63586672.0
2014,M,31,Abonos (fertilizantes),USA,Estados Unidos,49575073.0
2014,M,39,Plasticos y sus manufacturas,BRA,Brasil,142933985.0
2014,M,39,Plasticos y sus manufacturas,CHN,China,170987823.0
2014,M,39,Plasticos y sus manufacturas,ROW,Resto del mundo,329697941.0
2014,M,39,Plasticos y sus manufacturas,USA,Estados Unidos,89280251.0
2014,M,72,"Fundicion, hierro y acero",BRA,Brasil,170604129.0
2014,M,72,"Fundicion, hierro y acero",CHN,China,218804885.0
2014,M,72,"Fundicion, hierro y acero",PER,Peru,74780792.0
2014,M,72,"Fundicion, hierro y acero",ROW,Resto del mundo,268710194.0
2014,M,84,Maquinas y aparatos mecanicos,BRA,Brasil,326715431.0
2014,M,84,Maquinas y aparatos mecanicos,CHN,China,581540944.0
2014,M,84,Maquinas y aparatos mecanicos,DEU,Alemania,157033268.0
2014,M,84,Maquinas y aparatos mecanicos,ROW,Resto del mundo,539942635.0
2014,M,84,Maquinas y aparatos mecanicos,USA,Estados Unidos,279367723.0
2014,M,85,Maquinas y material electrico,BRA,Brasil,130104146.0
2014,M,85,Maquinas y material electrico,CHN,China,491620161.0
2014,M,85,Maquinas y material electrico,ROW,Resto del mundo,485685157.0
2014,M,85,Maquinas y material electrico,USA,Estados Unidos,148990536.0
2014,M,87,Vehiculos automoviles y partes,BRA,Brasil,238205486.0
2014,M,87,Vehiculos automoviles y partes,CHN,China,436288373.0
2014,M,87,Vehiculos automoviles y partes,JPN,Japon,241217111.0
2014,M,87,Vehiculos automoviles y partes,ROW,Resto del mundo,409199031.0
2014,M,87,Vehiculos automoviles y partes,USA,Estados Unidos,140889999.0
2014,M,99,Otros productos no especificados,BRA,Brasil,280999879.0
2014,M,99,Otros productos no especificados,CHN,China,354362008.0
2014,M,99,Otros productos no especificados,PER,Peru,194717561.0
2014,M,99,Otros productos no especificados,ROW,Resto del mundo,775613092.0
2014,M,99,Otros productos no especificados,USA,Estados Unidos,174207460.0
2014,X,02,Carnes (bovina),ARE,Emiratos Arabes Unidos,164691.0
2014,X,02,Carnes (bovina),BEL,Belgica,400311.0
2014,X,02,Carnes (bovina),BRA,Brasil,121792.0
2014,X,02,Carnes (bovina),CHL,Chile,106389.0
2014,X,02,Carnes (bovina),CHN,China,45442000.0
2014,X,02,Carnes (bovina),COL,Colombia,131286.0
2014,X,02,Carnes (bovina),DEU,Alemania,187365.0
2014,X,02,Carnes (bovina),ECU,Ecuador,3081945.0
2014,X,02,Carnes (bovina),ESP,Espania,217685.0
2014,X,02,Carnes (bovina),JPN,Japon,187969.0
2014,X,02,Carnes (bovina),NLD,Paises Bajos,408937.0
2014,X,02,Carnes (bovina),PER,Peru,6184800.0
2014,X,02,Carnes (bovina),ROW,Resto del mundo,9137755.0
2014,X,08,Frutas y frutos (castania / nuez del Brasil),ARE,Emiratos Arabes Unidos,436329.0
2014,X,08,Frutas y frutos (castania / nuez del Brasil),BEL,Belgica,296017.0
2014,X,08,Frutas y frutos (castania / nuez del Brasil),BRA,Brasil,363071.0
2014,X,08,Frutas y frutos (castania / nuez del Brasil),CAN,Canada,626815.0
2014,X,08,Frutas y frutos (castania / nuez del Brasil),CHE,Suiza,266835.0
2014,X,08,Frutas y frutos (castania / nuez del Brasil),CHL,Chile,169561.0
2014,X,08,Frutas y frutos (castania / nuez del Brasil),COL,Colombia,942350.0
2014,X,08,Frutas y frutos (castania / nuez del Brasil),DEU,Alemania,327917.0
2014,X,08,Frutas y frutos (castania / nuez del Brasil),ECU,Ecuador,236760.0
2014,X,08,Frutas y frutos (castania / nuez del Brasil),ESP,Espania,20310099.0
2014,X,08,Frutas y frutos (castania / nuez del Brasil),GBR,Reino Unido,35812386.0
2014,X,08,Frutas y frutos (castania / nuez del Brasil),IND,India,331096.0
2014,X,08,Frutas y frutos (castania / nuez del Brasil),JPN,Japon,792382.0
2014,X,08,Frutas y frutos (castania / nuez del Brasil),KOR,Corea del Sur,352043.0
2014,X,08,Frutas y frutos (castania / nuez del Brasil),NLD,Paises Bajos,38019929.0
2014,X,08,Frutas y frutos (castania / nuez del Brasil),PER,Peru,829381.0
2014,X,08,Frutas y frutos (castania / nuez del Brasil),ROW,Resto del mundo,70629703.0
2014,X,08,Frutas y frutos (castania / nuez del Brasil),RUS,Rusia,137172.0
2014,X,08,Frutas y frutos (castania / nuez del Brasil),USA,Estados Unidos,27574438.0
2014,X,12,Semillas oleaginosas (grano de soya),ARE,Emiratos Arabes Unidos,195171.0
2014,X,12,Semillas oleaginosas (grano de soya),ARG,Argentina,43916000.0
2014,X,12,Semillas oleaginosas (grano de soya),BEL,Belgica,596201.0
2014,X,12,Semillas oleaginosas (grano de soya),BRA,Brasil,201354.0
2014,X,12,Semillas oleaginosas (grano de soya),CAN,Canada,280057.0
2014,X,12,Semillas oleaginosas (grano de soya),CHE,Suiza,429678.0
2014,X,12,Semillas oleaginosas (grano de soya),CHL,Chile,1271241.0
2014,X,12,Semillas oleaginosas (grano de soya),CHN,China,131448.0
2014,X,12,Semillas oleaginosas (grano de soya),COL,Colombia,40244940.0
2014,X,12,Semillas oleaginosas (grano de soya),ECU,Ecuador,350628.0
2014,X,12,Semillas oleaginosas (grano de soya),ESP,Espania,345738.0
2014,X,12,Semillas oleaginosas (grano de soya),GBR,Reino Unido,565319.0
2014,X,12,Semillas oleaginosas (grano de soya),IND,India,180127.0
2014,X,12,Semillas oleaginosas (grano de soya),JPN,Japon,238981.0
2014,X,12,Semillas oleaginosas (grano de soya),KOR,Corea del Sur,414995.0
2014,X,12,Semillas oleaginosas (grano de soya),NLD,Paises Bajos,1019847.0
2014,X,12,Semillas oleaginosas (grano de soya),PER,Peru,45309706.0
2014,X,12,Semillas oleaginosas (grano de soya),ROW,Resto del mundo,84602608.0
2014,X,12,Semillas oleaginosas (grano de soya),RUS,Rusia,117162.0
2014,X,12,Semillas oleaginosas (grano de soya),USA,Estados Unidos,192059.0
2014,X,15,Grasas y aceites (aceite de soya),ARE,Emiratos Arabes Unidos,414479.0
2014,X,15,Grasas y aceites (aceite de soya),ARG,Argentina,1166801.0
2014,X,15,Grasas y aceites (aceite de soya),BEL,Belgica,210313.0
2014,X,15,Grasas y aceites (aceite de soya),BRA,Brasil,341800.0
2014,X,15,Grasas y aceites (aceite de soya),CAN,Canada,737225.0
2014,X,15,Grasas y aceites (aceite de soya),CHE,Suiza,494032.0
2014,X,15,Grasas y aceites (aceite de soya),CHL,Chile,38743960.0
2014,X,15,Grasas y aceites (aceite de soya),CHN,China,461972.0
2014,X,15,Grasas y aceites (aceite de soya),COL,Colombia,97077218.0
2014,X,15,Grasas y aceites (aceite de soya),DEU,Alemania,1852888.0
2014,X,15,Grasas y aceites (aceite de soya),ECU,Ecuador,58109442.0
2014,X,15,Grasas y aceites (aceite de soya),ESP,Espania,1953036.0
2014,X,15,Grasas y aceites (aceite de soya),GBR,Reino Unido,1260695.0
2014,X,15,Grasas y aceites (aceite de soya),IND,India,490351.0
2014,X,15,Grasas y aceites (aceite de soya),JPN,Japon,1671050.0
2014,X,15,Grasas y aceites (aceite de soya),KOR,Corea del Sur,1054169.0
2014,X,15,Grasas y aceites (aceite de soya),NLD,Paises Bajos,266939.0
2014,X,15,Grasas y aceites (aceite de soya),PER,Peru,85310400.0
2014,X,15,Grasas y aceites (aceite de soya),ROW,Resto del mundo,93901906.0
2014,X,15,Grasas y aceites (aceite de soya),RUS,Rusia,130857.0
2014,X,15,Grasas y aceites (aceite de soya),USA,Estados Unidos,548070.0
2014,X,23,Residuos de la industria alimentaria (torta de soya),ARE,Emiratos Arabes Unidos,143166.0
2014,X,23,Residuos de la industria alimentaria (torta de soya),ARG,Argentina,501558.0
2014,X,23,Residuos de la industria alimentaria (torta de soya),BEL,Belgica,528146.0
2014,X,23,Residuos de la industria alimentaria (torta de soya),BRA,Brasil,3187287.0
2014,X,23,Residuos de la industria alimentaria (torta de soya),CAN,Canada,924068.0
2014,X,23,Residuos de la industria alimentaria (torta de soya),CHE,Suiza,1434074.0
2014,X,23,Residuos de la industria alimentaria (torta de soya),CHL,Chile,63911866.0
2014,X,23,Residuos de la industria alimentaria (torta de soya),CHN,China,346174.0
2014,X,23,Residuos de la industria alimentaria (torta de soya),COL,Colombia,251608520.0
2014,X,23,Residuos de la industria alimentaria (torta de soya),DEU,Alemania,433782.0
2014,X,23,Residuos de la industria alimentaria (torta de soya),ECU,Ecuador,165695545.0
2014,X,23,Residuos de la industria alimentaria (torta de soya),ESP,Espania,626613.0
2014,X,23,Residuos de la industria alimentaria (torta de soya),GBR,Reino Unido,3174275.0
2014,X,23,Residuos de la industria alimentaria (torta de soya),IND,India,347076.0
2014,X,23,Residuos de la industria alimentaria (torta de soya),JPN,Japon,357054.0
2014,X,23,Residuos de la industria alimentaria (torta de soya),KOR,Corea del Sur,1008607.0
2014,X,23,Residuos de la industria alimentaria (torta de soya),NLD,Paises Bajos,4961665.0
2014,X,23,Residuos de la industria alimentaria (torta de soya),PER,Peru,222042247.0
2014,X,23,Residuos de la industria alimentaria (torta de soya),ROW,Resto del mundo,95907357.0
2014,X,23,Residuos de la industria alimentaria (torta de soya),RUS,Rusia,8701539.0
2014,X,23,Residuos de la industria alimentaria (torta de soya),USA,Estados Unidos,1725676.0
2014,X,25,"Sal, azufre, boratos (ulexita)",ARE,Emiratos Arabes Unidos,160755.0
2014,X,25,"Sal, azufre, boratos (ulexita)",BRA,Brasil,22933497.0
2014,X,25,"Sal, azufre, boratos (ulexita)",CHN,China,11845356.0
2014,X,25,"Sal, azufre, boratos (ulexita)",COL,Colombia,330301.0
2014,X,25,"Sal, azufre, boratos (ulexita)",DEU,Alemania,405583.0
2014,X,25,"Sal, azufre, boratos (ulexita)",ECU,Ecuador,138355.0
2014,X,25,"Sal, azufre, boratos (ulexita)",ESP,Espania,361542.0
2014,X,25,"Sal, azufre, boratos (ulexita)",GBR,Reino Unido,756426.0
2014,X,25,"Sal, azufre, boratos (ulexita)",IND,India,161115.0
2014,X,25,"Sal, azufre, boratos (ulexita)",NLD,Paises Bajos,461274.0
2014,X,25,"Sal, azufre, boratos (ulexita)",PER,Peru,161720.0
2014,X,25,"Sal, azufre, boratos (ulexita)",ROW,Resto del mundo,45594280.0
2014,X,25,"Sal, azufre, boratos (ulexita)",RUS,Rusia,120578.0
2014,X,25,"Sal, azufre, boratos (ulexita)",USA,Estados Unidos,26556148.0
2014,X,26,"Minerales metaliferos (zinc, plomo, plata en concentrado)",ARE,Emiratos Arabes Unidos,7379815.0
2014,X,26,"Minerales metaliferos (zinc, plomo, plata en concentrado)",ARG,Argentina,7906294.0
2014,X,26,"Minerales metaliferos (zinc, plomo, plata en concentrado)",BEL,Belgica,154124486.0
2014,X,26,"Minerales metaliferos (zinc, plomo, plata en concentrado)",BRA,Brasil,1898713.0
2014,X,26,"Minerales metaliferos (zinc, plomo, plata en concentrado)",CAN,Canada,1335300.0
2014,X,26,"Minerales metaliferos (zinc, plomo, plata en concentrado)",CHE,Suiza,7634145.0
2014,X,26,"Minerales metaliferos (zinc, plomo, plata en concentrado)",CHL,Chile,672951.0
2014,X,26,"Minerales metaliferos (zinc, plomo, plata en concentrado)",CHN,China,324967516.0
2014,X,26,"Minerales metaliferos (zinc, plomo, plata en concentrado)",COL,Colombia,672693.0
2014,X,26,"Minerales metaliferos (zinc, plomo, plata en concentrado)",DEU,Alemania,4263810.0
2014,X,26,"Minerales metaliferos (zinc, plomo, plata en concentrado)",ECU,Ecuador,339231.0
2014,X,26,"Minerales metaliferos (zinc, plomo, plata en concentrado)",ESP,Espania,130103202.0
2014,X,26,"Minerales metaliferos (zinc, plomo, plata en concentrado)",GBR,Reino Unido,1983661.0
2014,X,26,"Minerales metaliferos (zinc, plomo, plata en concentrado)",IND,India,150371816.0
2014,X,26,"Minerales metaliferos (zinc, plomo, plata en concentrado)",JPN,Japon,278557294.0
2014,X,26,"Minerales metaliferos (zinc, plomo, plata en concentrado)",KOR,Corea del Sur,172937413.0
2014,X,26,"Minerales metaliferos (zinc, plomo, plata en concentrado)",NLD,Paises Bajos,94733107.0
2014,X,26,"Minerales metaliferos (zinc, plomo, plata en concentrado)",PER,Peru,1313819.0
2014,X,26,"Minerales metaliferos (zinc, plomo, plata en concentrado)",ROW,Resto del mundo,196499188.0
2014,X,26,"Minerales metaliferos (zinc, plomo, plata en concentrado)",RUS,Rusia,3288639.0
2014,X,26,"Minerales metaliferos (zinc, plomo, plata en concentrado)",USA,Estados Unidos,3807327.0
2014,X,27,Combustibles minerales (gas natural),ARE,Emiratos Arabes Unidos,5378256.0
2014,X,27,Combustibles minerales (gas natural),ARG,Argentina,1798393712.0
2014,X,27,Combustibles minerales (gas natural),BEL,Belgica,3637981.0
2014,X,27,Combustibles minerales (gas natural),BRA,Brasil,3958210949.0
2014,X,27,Combustibles minerales (gas natural),CAN,Canada,3683231.0
2014,X,27,Combustibles minerales (gas natural),CHE,Suiza,27439521.0
2014,X,27,Combustibles minerales (gas natural),CHL,Chile,16977907.0
2014,X,27,Combustibles minerales (gas natural),CHN,China,7451113.0
2014,X,27,Combustibles minerales (gas natural),COL,Colombia,9901064.0
2014,X,27,Combustibles minerales (gas natural),DEU,Alemania,24438207.0
2014,X,27,Combustibles minerales (gas natural),ECU,Ecuador,12756969.0
2014,X,27,Combustibles minerales (gas natural),ESP,Espania,6028848.0
2014,X,27,Combustibles minerales (gas natural),GBR,Reino Unido,14296221.0
2014,X,27,Combustibles minerales (gas natural),IND,India,16894776.0
2014,X,27,Combustibles minerales (gas natural),JPN,Japon,2877085.0
2014,X,27,Combustibles minerales (gas natural),KOR,Corea del Sur,13968728.0
2014,X,27,Combustibles minerales (gas natural),NLD,Paises Bajos,10334045.0
2014,X,27,Combustibles minerales (gas natural),PER,Peru,13740469.0
2014,X,27,Combustibles minerales (gas natural),ROW,Resto del mundo,110278460.0
2014,X,27,Combustibles minerales (gas natural),RUS,Rusia,4428379.0
2014,X,27,Combustibles minerales (gas natural),USA,Estados Unidos,7703582.0
2014,X,44,Madera y manufacturas de madera,ARE,Emiratos Arabes Unidos,122617.0
2014,X,44,Madera y manufacturas de madera,ARG,Argentina,18605165.0
2014,X,44,Madera y manufacturas de madera,BEL,Belgica,691170.0
2014,X,44,Madera y manufacturas de madera,CAN,Canada,290205.0
2014,X,44,Madera y manufacturas de madera,CHE,Suiza,557241.0
2014,X,44,Madera y manufacturas de madera,CHL,Chile,174489.0
2014,X,44,Madera y manufacturas de madera,CHN,China,1038911.0
2014,X,44,Madera y manufacturas de madera,IND,India,107682.0
2014,X,44,Madera y manufacturas de madera,KOR,Corea del Sur,103406.0
2014,X,44,Madera y manufacturas de madera,PER,Peru,12636886.0
2014,X,44,Madera y manufacturas de madera,ROW,Resto del mundo,70911996.0
2014,X,44,Madera y manufacturas de madera,RUS,Rusia,166167.0
2014,X,44,Madera y manufacturas de madera,USA,Estados Unidos,26562590.0
2014,X,71,"Metales y piedras preciosas (oro, plata metalica, joyeria)",ARE,Emiratos Arabes Unidos,184356878.0
2014,X,71,"Metales y piedras preciosas (oro, plata metalica, joyeria)",ARG,Argentina,959040.0
2014,X,71,"Metales y piedras preciosas (oro, plata metalica, joyeria)",BEL,Belgica,792796.0
2014,X,71,"Metales y piedras preciosas (oro, plata metalica, joyeria)",BRA,Brasil,2966188.0
2014,X,71,"Metales y piedras preciosas (oro, plata metalica, joyeria)",CAN,Canada,49824411.0
2014,X,71,"Metales y piedras preciosas (oro, plata metalica, joyeria)",CHE,Suiza,178328793.0
2014,X,71,"Metales y piedras preciosas (oro, plata metalica, joyeria)",CHL,Chile,3306459.0
2014,X,71,"Metales y piedras preciosas (oro, plata metalica, joyeria)",CHN,China,1007298.0
2014,X,71,"Metales y piedras preciosas (oro, plata metalica, joyeria)",COL,Colombia,2686056.0
2014,X,71,"Metales y piedras preciosas (oro, plata metalica, joyeria)",DEU,Alemania,1926011.0
2014,X,71,"Metales y piedras preciosas (oro, plata metalica, joyeria)",ECU,Ecuador,9691971.0
2014,X,71,"Metales y piedras preciosas (oro, plata metalica, joyeria)",ESP,Espania,1083940.0
2014,X,71,"Metales y piedras preciosas (oro, plata metalica, joyeria)",GBR,Reino Unido,3260799.0
2014,X,71,"Metales y piedras preciosas (oro, plata metalica, joyeria)",IND,India,368085373.0
2014,X,71,"Metales y piedras preciosas (oro, plata metalica, joyeria)",JPN,Japon,669631.0
2014,X,71,"Metales y piedras preciosas (oro, plata metalica, joyeria)",KOR,Corea del Sur,1423741.0
2014,X,71,"Metales y piedras preciosas (oro, plata metalica, joyeria)",NLD,Paises Bajos,2380306.0
2014,X,71,"Metales y piedras preciosas (oro, plata metalica, joyeria)",PER,Peru,332278.0
2014,X,71,"Metales y piedras preciosas (oro, plata metalica, joyeria)",ROW,Resto del mundo,153558166.0
2014,X,71,"Metales y piedras preciosas (oro, plata metalica, joyeria)",RUS,Rusia,4257166.0
2014,X,71,"Metales y piedras preciosas (oro, plata metalica, joyeria)",USA,Estados Unidos,132524429.0
2014,X,80,Estanio y sus manufacturas,ARE,Emiratos Arabes Unidos,1931119.0
2014,X,80,Estanio y sus manufacturas,ARG,Argentina,1388803.0
2014,X,80,Estanio y sus manufacturas,BEL,Belgica,46234164.0
2014,X,80,Estanio y sus manufacturas,BRA,Brasil,81106433.0
2014,X,80,Estanio y sus manufacturas,CAN,Canada,435800.0
2014,X,80,Estanio y sus manufacturas,CHE,Suiza,1466611.0
2014,X,80,Estanio y sus manufacturas,CHL,Chile,454733.0
2014,X,80,Estanio y sus manufacturas,CHN,China,981830.0
2014,X,80,Estanio y sus manufacturas,COL,Colombia,524097.0
2014,X,80,Estanio y sus manufacturas,DEU,Alemania,1804619.0
2014,X,80,Estanio y sus manufacturas,ESP,Espania,707073.0
2014,X,80,Estanio y sus manufacturas,GBR,Reino Unido,139374.0
2014,X,80,Estanio y sus manufacturas,IND,India,1114619.0
2014,X,80,Estanio y sus manufacturas,JPN,Japon,1202654.0
2014,X,80,Estanio y sus manufacturas,KOR,Corea del Sur,1286511.0
2014,X,80,Estanio y sus manufacturas,NLD,Paises Bajos,42002103.0
2014,X,80,Estanio y sus manufacturas,PER,Peru,814950.0
2014,X,80,Estanio y sus manufacturas,ROW,Resto del mundo,162984262.0
2014,X,80,Estanio y sus manufacturas,RUS,Rusia,226139.0
2014,X,80,Estanio y sus manufacturas,USA,Estados Unidos,149646615.0
2014,X,99,Otros productos no especificados,ARE,Emiratos Arabes Unidos,793172.0
2014,X,99,Otros productos no especificados,ARG,Argentina,122995651.0
2014,X,99,Otros productos no especificados,BEL,Belgica,370286.0
2014,X,99,Otros productos no especificados,BRA,Brasil,211965218.0
2014,X,99,Otros productos no especificados,CAN,Canada,4802515.0
2014,X,99,Otros productos no especificados,CHE,Suiza,977418.0
2014,X,99,Otros productos no especificados,CHL,Chile,119628641.0
2014,X,99,Otros productos no especificados,CHN,China,162050420.0
2014,X,99,Otros productos no especificados,COL,Colombia,2869470.0
2014,X,99,Otros productos no especificados,DEU,Alemania,2074806.0
2014,X,99,Otros productos no especificados,ECU,Ecuador,2739445.0
2014,X,99,Otros productos no especificados,ESP,Espania,3853206.0
2014,X,99,Otros productos no especificados,GBR,Reino Unido,26087871.0
2014,X,99,Otros productos no especificados,IND,India,3004053.0
2014,X,99,Otros productos no especificados,JPN,Japon,2116637.0
2014,X,99,Otros productos no especificados,KOR,Corea del Sur,2760709.0
2014,X,99,Otros productos no especificados,NLD,Paises Bajos,3876961.0
2014,X,99,Otros productos no especificados,PER,Peru,165976781.0
2014,X,99,Otros productos no especificados,ROW,Resto del mundo,580297516.0
2014,X,99,Otros productos no especificados,RUS,Rusia,5090710.0
2014,X,99,Otros productos no especificados,USA,Estados Unidos,319074846.0
2015,M,10,Cereales (trigo),ARG,Argentina,126661039.0
2015,M,10,Cereales (trigo),BRA,Brasil,29277323.0
2015,M,10,Cereales (trigo),ROW,Resto del mundo,75486625.0
2015,M,10,Cereales (trigo),USA,Estados Unidos,63865013.0
2015,M,27,"Combustibles (diesel, gasolinas)",ARG,Argentina,247494401.0
2015,M,27,"Combustibles (diesel, gasolinas)",CHL,Chile,267863396.0
2015,M,27,"Combustibles (diesel, gasolinas)",PER,Peru,124495452.0
2015,M,27,"Combustibles (diesel, gasolinas)",ROW,Resto del mundo,384264399.0
2015,M,27,"Combustibles (diesel, gasolinas)",USA,Estados Unidos,255472352.0
2015,M,30,Productos farmaceuticos,ARG,Argentina,47445971.0
2015,M,30,Productos farmaceuticos,CHN,China,60704930.0
2015,M,30,Productos farmaceuticos,DEU,Alemania,56712384.0
2015,M,30,Productos farmaceuticos,ROW,Resto del mundo,230753585.0
2015,M,30,Productos farmaceuticos,USA,Estados Unidos,96533131.0
2015,M,31,Abonos (fertilizantes),CHN,China,88113756.0
2015,M,31,Abonos (fertilizantes),ROW,Resto del mundo,191232829.0
2015,M,31,Abonos (fertilizantes),RUS,Rusia,67071555.0
2015,M,31,Abonos (fertilizantes),USA,Estados Unidos,47301860.0
2015,M,39,Plasticos y sus manufacturas,BRA,Brasil,138104345.0
2015,M,39,Plasticos y sus manufacturas,CHN,China,175176312.0
2015,M,39,Plasticos y sus manufacturas,ROW,Resto del mundo,291603448.0
2015,M,39,Plasticos y sus manufacturas,USA,Estados Unidos,84125896.0
2015,M,72,"Fundicion, hierro y acero",BRA,Brasil,166496080.0
2015,M,72,"Fundicion, hierro y acero",CHN,China,199982627.0
2015,M,72,"Fundicion, hierro y acero",PER,Peru,73228827.0
2015,M,72,"Fundicion, hierro y acero",ROW,Resto del mundo,249302466.0
2015,M,84,Maquinas y aparatos mecanicos,BRA,Brasil,298232263.0
2015,M,84,Maquinas y aparatos mecanicos,CHN,China,552760629.0
2015,M,84,Maquinas y aparatos mecanicos,DEU,Alemania,145368811.0
2015,M,84,Maquinas y aparatos mecanicos,ROW,Resto del mundo,532660410.0
2015,M,84,Maquinas y aparatos mecanicos,USA,Estados Unidos,242717887.0
2015,M,85,Maquinas y material electrico,BRA,Brasil,143323168.0
2015,M,85,Maquinas y material electrico,CHN,China,461469335.0
2015,M,85,Maquinas y material electrico,ROW,Resto del mundo,454024524.0
2015,M,85,Maquinas y material electrico,USA,Estados Unidos,122342973.0
2015,M,87,Vehiculos automoviles y partes,BRA,Brasil,245273689.0
2015,M,87,Vehiculos automoviles y partes,CHN,China,366960511.0
2015,M,87,Vehiculos automoviles y partes,JPN,Japon,260563169.0
2015,M,87,Vehiculos automoviles y partes,ROW,Resto del mundo,368987284.0
2015,M,87,Vehiculos automoviles y partes,USA,Estados Unidos,136235347.0
2015,M,99,Otros productos no especificados,BRA,Brasil,262792720.0
2015,M,99,Otros productos no especificados,CHN,China,325996526.0
2015,M,99,Otros productos no especificados,PER,Peru,172095158.0
2015,M,99,Otros productos no especificados,ROW,Resto del mundo,736041441.0
2015,M,99,Otros productos no especificados,USA,Estados Unidos,176384155.0
2015,X,02,Carnes (bovina),ARE,Emiratos Arabes Unidos,116645.0
2015,X,02,Carnes (bovina),CAN,Canada,363812.0
2015,X,02,Carnes (bovina),CHE,Suiza,133502.0
2015,X,02,Carnes (bovina),CHL,Chile,106612.0
2015,X,02,Carnes (bovina),CHN,China,39595187.0
2015,X,02,Carnes (bovina),COL,Colombia,449964.0
2015,X,02,Carnes (bovina),ECU,Ecuador,2827837.0
2015,X,02,Carnes (bovina),IND,India,137311.0
2015,X,02,Carnes (bovina),NLD,Paises Bajos,290067.0
2015,X,02,Carnes (bovina),PER,Peru,5563064.0
2015,X,02,Carnes (bovina),ROW,Resto del mundo,8129173.0
2015,X,08,Frutas y frutos (castania / nuez del Brasil),ARE,Emiratos Arabes Unidos,244364.0
2015,X,08,Frutas y frutos (castania / nuez del Brasil),ARG,Argentina,119158.0
2015,X,08,Frutas y frutos (castania / nuez del Brasil),BRA,Brasil,150173.0
2015,X,08,Frutas y frutos (castania / nuez del Brasil),CHL,Chile,1005667.0
2015,X,08,Frutas y frutos (castania / nuez del Brasil),DEU,Alemania,222100.0
2015,X,08,Frutas y frutos (castania / nuez del Brasil),ECU,Ecuador,190823.0
2015,X,08,Frutas y frutos (castania / nuez del Brasil),ESP,Espania,14697242.0
2015,X,08,Frutas y frutos (castania / nuez del Brasil),GBR,Reino Unido,24565862.0
2015,X,08,Frutas y frutos (castania / nuez del Brasil),IND,India,1017704.0
2015,X,08,Frutas y frutos (castania / nuez del Brasil),JPN,Japon,521402.0
2015,X,08,Frutas y frutos (castania / nuez del Brasil),KOR,Corea del Sur,119035.0
2015,X,08,Frutas y frutos (castania / nuez del Brasil),NLD,Paises Bajos,27337842.0
2015,X,08,Frutas y frutos (castania / nuez del Brasil),PER,Peru,426572.0
2015,X,08,Frutas y frutos (castania / nuez del Brasil),ROW,Resto del mundo,52966186.0
2015,X,08,Frutas y frutos (castania / nuez del Brasil),RUS,Rusia,321456.0
2015,X,08,Frutas y frutos (castania / nuez del Brasil),USA,Estados Unidos,19578851.0
2015,X,12,Semillas oleaginosas (grano de soya),ARE,Emiratos Arabes Unidos,217958.0
2015,X,12,Semillas oleaginosas (grano de soya),ARG,Argentina,27352222.0
2015,X,12,Semillas oleaginosas (grano de soya),BRA,Brasil,133864.0
2015,X,12,Semillas oleaginosas (grano de soya),CAN,Canada,1180060.0
2015,X,12,Semillas oleaginosas (grano de soya),CHE,Suiza,106903.0
2015,X,12,Semillas oleaginosas (grano de soya),CHL,Chile,1550992.0
2015,X,12,Semillas oleaginosas (grano de soya),COL,Colombia,26431854.0
2015,X,12,Semillas oleaginosas (grano de soya),DEU,Alemania,299748.0
2015,X,12,Semillas oleaginosas (grano de soya),ECU,Ecuador,108184.0
2015,X,12,Semillas oleaginosas (grano de soya),GBR,Reino Unido,905912.0
2015,X,12,Semillas oleaginosas (grano de soya),IND,India,145638.0
2015,X,12,Semillas oleaginosas (grano de soya),KOR,Corea del Sur,238650.0
2015,X,12,Semillas oleaginosas (grano de soya),PER,Peru,30808524.0
2015,X,12,Semillas oleaginosas (grano de soya),ROW,Resto del mundo,61298047.0
2015,X,12,Semillas oleaginosas (grano de soya),RUS,Rusia,146100.0
2015,X,12,Semillas oleaginosas (grano de soya),USA,Estados Unidos,220895.0
2015,X,15,Grasas y aceites (aceite de soya),ARE,Emiratos Arabes Unidos,168595.0
2015,X,15,Grasas y aceites (aceite de soya),BRA,Brasil,777112.0
2015,X,15,Grasas y aceites (aceite de soya),CAN,Canada,1538771.0
2015,X,15,Grasas y aceites (aceite de soya),CHE,Suiza,892700.0
2015,X,15,Grasas y aceites (aceite de soya),CHL,Chile,30211546.0
2015,X,15,Grasas y aceites (aceite de soya),CHN,China,651565.0
2015,X,15,Grasas y aceites (aceite de soya),COL,Colombia,68436971.0
2015,X,15,Grasas y aceites (aceite de soya),DEU,Alemania,208286.0
2015,X,15,Grasas y aceites (aceite de soya),ECU,Ecuador,42901681.0
2015,X,15,Grasas y aceites (aceite de soya),ESP,Espania,564241.0
2015,X,15,Grasas y aceites (aceite de soya),IND,India,568241.0
2015,X,15,Grasas y aceites (aceite de soya),JPN,Japon,161776.0
2015,X,15,Grasas y aceites (aceite de soya),KOR,Corea del Sur,653792.0
2015,X,15,Grasas y aceites (aceite de soya),PER,Peru,69945036.0
2015,X,15,Grasas y aceites (aceite de soya),ROW,Resto del mundo,63056230.0
2015,X,15,Grasas y aceites (aceite de soya),RUS,Rusia,276070.0
2015,X,15,Grasas y aceites (aceite de soya),USA,Estados Unidos,576046.0
2015,X,23,Residuos de la industria alimentaria (torta de soya),ARE,Emiratos Arabes Unidos,1167114.0
2015,X,23,Residuos de la industria alimentaria (torta de soya),ARG,Argentina,1031502.0
2015,X,23,Residuos de la industria alimentaria (torta de soya),BEL,Belgica,1163561.0
2015,X,23,Residuos de la industria alimentaria (torta de soya),CAN,Canada,471179.0
2015,X,23,Residuos de la industria alimentaria (torta de soya),CHE,Suiza,588481.0
2015,X,23,Residuos de la industria alimentaria (torta de soya),CHL,Chile,46504190.0
2015,X,23,Residuos de la industria alimentaria (torta de soya),CHN,China,568012.0
2015,X,23,Residuos de la industria alimentaria (torta de soya),COL,Colombia,176274518.0
2015,X,23,Residuos de la industria alimentaria (torta de soya),DEU,Alemania,1665135.0
2015,X,23,Residuos de la industria alimentaria (torta de soya),ECU,Ecuador,117683866.0
2015,X,23,Residuos de la industria alimentaria (torta de soya),ESP,Espania,317505.0
2015,X,23,Residuos de la industria alimentaria (torta de soya),GBR,Reino Unido,1605760.0
2015,X,23,Residuos de la industria alimentaria (torta de soya),IND,India,2368892.0
2015,X,23,Residuos de la industria alimentaria (torta de soya),JPN,Japon,4642242.0
2015,X,23,Residuos de la industria alimentaria (torta de soya),KOR,Corea del Sur,1755676.0
2015,X,23,Residuos de la industria alimentaria (torta de soya),NLD,Paises Bajos,4151747.0
2015,X,23,Residuos de la industria alimentaria (torta de soya),PER,Peru,169699182.0
2015,X,23,Residuos de la industria alimentaria (torta de soya),ROW,Resto del mundo,69870138.0
2015,X,23,Residuos de la industria alimentaria (torta de soya),RUS,Rusia,320226.0
2015,X,23,Residuos de la industria alimentaria (torta de soya),USA,Estados Unidos,382149.0
2015,X,25,"Sal, azufre, boratos (ulexita)",ARE,Emiratos Arabes Unidos,152155.0
2015,X,25,"Sal, azufre, boratos (ulexita)",ARG,Argentina,125096.0
2015,X,25,"Sal, azufre, boratos (ulexita)",BRA,Brasil,17389188.0
2015,X,25,"Sal, azufre, boratos (ulexita)",CAN,Canada,118280.0
2015,X,25,"Sal, azufre, boratos (ulexita)",CHN,China,7461823.0
2015,X,25,"Sal, azufre, boratos (ulexita)",DEU,Alemania,699722.0
2015,X,25,"Sal, azufre, boratos (ulexita)",PER,Peru,1088703.0
2015,X,25,"Sal, azufre, boratos (ulexita)",ROW,Resto del mundo,32168649.0
2015,X,25,"Sal, azufre, boratos (ulexita)",RUS,Rusia,517802.0
2015,X,25,"Sal, azufre, boratos (ulexita)",USA,Estados Unidos,19549698.0
2015,X,26,"Minerales metaliferos (zinc, plomo, plata en concentrado)",ARE,Emiratos Arabes Unidos,2030528.0
2015,X,26,"Minerales metaliferos (zinc, plomo, plata en concentrado)",ARG,Argentina,1278508.0
2015,X,26,"Minerales metaliferos (zinc, plomo, plata en concentrado)",BEL,Belgica,109600543.0
2015,X,26,"Minerales metaliferos (zinc, plomo, plata en concentrado)",BRA,Brasil,1263199.0
2015,X,26,"Minerales metaliferos (zinc, plomo, plata en concentrado)",CAN,Canada,4298715.0
2015,X,26,"Minerales metaliferos (zinc, plomo, plata en concentrado)",CHE,Suiza,2435891.0
2015,X,26,"Minerales metaliferos (zinc, plomo, plata en concentrado)",CHL,Chile,2327138.0
2015,X,26,"Minerales metaliferos (zinc, plomo, plata en concentrado)",CHN,China,231304141.0
2015,X,26,"Minerales metaliferos (zinc, plomo, plata en concentrado)",COL,Colombia,2015585.0
2015,X,26,"Minerales metaliferos (zinc, plomo, plata en concentrado)",DEU,Alemania,2259860.0
2015,X,26,"Minerales metaliferos (zinc, plomo, plata en concentrado)",ECU,Ecuador,2820109.0
2015,X,26,"Minerales metaliferos (zinc, plomo, plata en concentrado)",ESP,Espania,86838784.0
2015,X,26,"Minerales metaliferos (zinc, plomo, plata en concentrado)",GBR,Reino Unido,4903568.0
2015,X,26,"Minerales metaliferos (zinc, plomo, plata en concentrado)",IND,India,113084687.0
2015,X,26,"Minerales metaliferos (zinc, plomo, plata en concentrado)",JPN,Japon,199271679.0
2015,X,26,"Minerales metaliferos (zinc, plomo, plata en concentrado)",KOR,Corea del Sur,140481414.0
2015,X,26,"Minerales metaliferos (zinc, plomo, plata en concentrado)",NLD,Paises Bajos,66889415.0
2015,X,26,"Minerales metaliferos (zinc, plomo, plata en concentrado)",PER,Peru,2789346.0
2015,X,26,"Minerales metaliferos (zinc, plomo, plata en concentrado)",ROW,Resto del mundo,146527550.0
2015,X,26,"Minerales metaliferos (zinc, plomo, plata en concentrado)",RUS,Rusia,2099640.0
2015,X,26,"Minerales metaliferos (zinc, plomo, plata en concentrado)",USA,Estados Unidos,2333154.0
2015,X,27,Combustibles minerales (gas natural),ARE,Emiratos Arabes Unidos,2514991.0
2015,X,27,Combustibles minerales (gas natural),ARG,Argentina,1148473968.0
2015,X,27,Combustibles minerales (gas natural),BEL,Belgica,38110027.0
2015,X,27,Combustibles minerales (gas natural),BRA,Brasil,2427242399.0
2015,X,27,Combustibles minerales (gas natural),CAN,Canada,4852572.0
2015,X,27,Combustibles minerales (gas natural),CHE,Suiza,4072189.0
2015,X,27,Combustibles minerales (gas natural),CHL,Chile,6050969.0
2015,X,27,Combustibles minerales (gas natural),CHN,China,10520496.0
2015,X,27,Combustibles minerales (gas natural),COL,Colombia,6192089.0
2015,X,27,Combustibles minerales (gas natural),DEU,Alemania,12490406.0
2015,X,27,Combustibles minerales (gas natural),ECU,Ecuador,1208308.0
2015,X,27,Combustibles minerales (gas natural),ESP,Espania,1150227.0
2015,X,27,Combustibles minerales (gas natural),GBR,Reino Unido,2454942.0
2015,X,27,Combustibles minerales (gas natural),IND,India,1961113.0
2015,X,27,Combustibles minerales (gas natural),JPN,Japon,7121182.0
2015,X,27,Combustibles minerales (gas natural),KOR,Corea del Sur,1815422.0
2015,X,27,Combustibles minerales (gas natural),NLD,Paises Bajos,3615837.0
2015,X,27,Combustibles minerales (gas natural),PER,Peru,17158176.0
2015,X,27,Combustibles minerales (gas natural),ROW,Resto del mundo,72984836.0
2015,X,27,Combustibles minerales (gas natural),RUS,Rusia,5091074.0
2015,X,27,Combustibles minerales (gas natural),USA,Estados Unidos,13477818.0
2015,X,44,Madera y manufacturas de madera,ARE,Emiratos Arabes Unidos,147838.0
2015,X,44,Madera y manufacturas de madera,ARG,Argentina,13093965.0
2015,X,44,Madera y manufacturas de madera,BEL,Belgica,467574.0
2015,X,44,Madera y manufacturas de madera,BRA,Brasil,255547.0
2015,X,44,Madera y manufacturas de madera,CAN,Canada,349973.0
2015,X,44,Madera y manufacturas de madera,CHL,Chile,189991.0
2015,X,44,Madera y manufacturas de madera,CHN,China,119965.0
2015,X,44,Madera y manufacturas de madera,DEU,Alemania,279998.0
2015,X,44,Madera y manufacturas de madera,ECU,Ecuador,741570.0
2015,X,44,Madera y manufacturas de madera,KOR,Corea del Sur,199695.0
2015,X,44,Madera y manufacturas de madera,PER,Peru,8979242.0
2015,X,44,Madera y manufacturas de madera,ROW,Resto del mundo,45256975.0
2015,X,44,Madera y manufacturas de madera,USA,Estados Unidos,18907299.0
2015,X,71,"Metales y piedras preciosas (oro, plata metalica, joyeria)",ARE,Emiratos Arabes Unidos,133716726.0
2015,X,71,"Metales y piedras preciosas (oro, plata metalica, joyeria)",ARG,Argentina,1705562.0
2015,X,71,"Metales y piedras preciosas (oro, plata metalica, joyeria)",BEL,Belgica,1906865.0
2015,X,71,"Metales y piedras preciosas (oro, plata metalica, joyeria)",BRA,Brasil,3752740.0
2015,X,71,"Metales y piedras preciosas (oro, plata metalica, joyeria)",CAN,Canada,36633238.0
2015,X,71,"Metales y piedras preciosas (oro, plata metalica, joyeria)",CHE,Suiza,123389484.0
2015,X,71,"Metales y piedras preciosas (oro, plata metalica, joyeria)",CHL,Chile,1318478.0
2015,X,71,"Metales y piedras preciosas (oro, plata metalica, joyeria)",CHN,China,1221748.0
2015,X,71,"Metales y piedras preciosas (oro, plata metalica, joyeria)",COL,Colombia,1001697.0
2015,X,71,"Metales y piedras preciosas (oro, plata metalica, joyeria)",DEU,Alemania,2215278.0
2015,X,71,"Metales y piedras preciosas (oro, plata metalica, joyeria)",ECU,Ecuador,3652815.0
2015,X,71,"Metales y piedras preciosas (oro, plata metalica, joyeria)",GBR,Reino Unido,4126394.0
2015,X,71,"Metales y piedras preciosas (oro, plata metalica, joyeria)",IND,India,293816174.0
2015,X,71,"Metales y piedras preciosas (oro, plata metalica, joyeria)",JPN,Japon,1500834.0
2015,X,71,"Metales y piedras preciosas (oro, plata metalica, joyeria)",KOR,Corea del Sur,806674.0
2015,X,71,"Metales y piedras preciosas (oro, plata metalica, joyeria)",NLD,Paises Bajos,162667.0
2015,X,71,"Metales y piedras preciosas (oro, plata metalica, joyeria)",PER,Peru,1488771.0
2015,X,71,"Metales y piedras preciosas (oro, plata metalica, joyeria)",ROW,Resto del mundo,108578845.0
2015,X,71,"Metales y piedras preciosas (oro, plata metalica, joyeria)",RUS,Rusia,265496.0
2015,X,71,"Metales y piedras preciosas (oro, plata metalica, joyeria)",USA,Estados Unidos,94669163.0
2015,X,80,Estanio y sus manufacturas,ARE,Emiratos Arabes Unidos,256851.0
2015,X,80,Estanio y sus manufacturas,ARG,Argentina,530652.0
2015,X,80,Estanio y sus manufacturas,BEL,Belgica,34273480.0
2015,X,80,Estanio y sus manufacturas,BRA,Brasil,54147745.0
2015,X,80,Estanio y sus manufacturas,CAN,Canada,175247.0
2015,X,80,Estanio y sus manufacturas,CHE,Suiza,2519352.0
2015,X,80,Estanio y sus manufacturas,CHL,Chile,875183.0
2015,X,80,Estanio y sus manufacturas,CHN,China,229642.0
2015,X,80,Estanio y sus manufacturas,COL,Colombia,371746.0
2015,X,80,Estanio y sus manufacturas,DEU,Alemania,1615876.0
2015,X,80,Estanio y sus manufacturas,ECU,Ecuador,114975.0
2015,X,80,Estanio y sus manufacturas,ESP,Espania,197684.0
2015,X,80,Estanio y sus manufacturas,GBR,Reino Unido,1045526.0
2015,X,80,Estanio y sus manufacturas,IND,India,452163.0
2015,X,80,Estanio y sus manufacturas,JPN,Japon,942895.0
2015,X,80,Estanio y sus manufacturas,KOR,Corea del Sur,732086.0
2015,X,80,Estanio y sus manufacturas,NLD,Paises Bajos,37128278.0
2015,X,80,Estanio y sus manufacturas,PER,Peru,1267655.0
2015,X,80,Estanio y sus manufacturas,ROW,Resto del mundo,117204634.0
2015,X,80,Estanio y sus manufacturas,RUS,Rusia,182431.0
2015,X,80,Estanio y sus manufacturas,USA,Estados Unidos,105163294.0
2015,X,99,Otros productos no especificados,ARE,Emiratos Arabes Unidos,2377530.0
2015,X,99,Otros productos no especificados,ARG,Argentina,92223954.0
2015,X,99,Otros productos no especificados,BEL,Belgica,3183116.0
2015,X,99,Otros productos no especificados,BRA,Brasil,145103685.0
2015,X,99,Otros productos no especificados,CAN,Canada,3679400.0
2015,X,99,Otros productos no especificados,CHE,Suiza,652706.0
2015,X,99,Otros productos no especificados,CHL,Chile,87181157.0
2015,X,99,Otros productos no especificados,CHN,China,123946543.0
2015,X,99,Otros productos no especificados,COL,Colombia,5432728.0
2015,X,99,Otros productos no especificados,DEU,Alemania,1541874.0
2015,X,99,Otros productos no especificados,ECU,Ecuador,2331120.0
2015,X,99,Otros productos no especificados,ESP,Espania,280247.0
2015,X,99,Otros productos no especificados,GBR,Reino Unido,465999.0
2015,X,99,Otros productos no especificados,IND,India,2380412.0
2015,X,99,Otros productos no especificados,JPN,Japon,890410.0
2015,X,99,Otros productos no especificados,KOR,Corea del Sur,1406121.0
2015,X,99,Otros productos no especificados,NLD,Paises Bajos,2516437.0
2015,X,99,Otros productos no especificados,PER,Peru,126090408.0
2015,X,99,Otros productos no especificados,ROW,Resto del mundo,411659460.0
2015,X,99,Otros productos no especificados,RUS,Rusia,7199808.0
2015,X,99,Otros productos no especificados,USA,Estados Unidos,218995690.0
2016,M,10,Cereales (trigo),ARG,Argentina,116401861.0
2016,M,10,Cereales (trigo),BRA,Brasil,23868834.0
2016,M,10,Cereales (trigo),ROW,Resto del mundo,65783264.0
2016,M,10,Cereales (trigo),USA,Estados Unidos,50266041.0
2016,M,27,"Combustibles (diesel, gasolinas)",ARG,Argentina,191812467.0
2016,M,27,"Combustibles (diesel, gasolinas)",CHL,Chile,233619709.0
2016,M,27,"Combustibles (diesel, gasolinas)",PER,Peru,116400050.0
2016,M,27,"Combustibles (diesel, gasolinas)",ROW,Resto del mundo,333893739.0
2016,M,27,"Combustibles (diesel, gasolinas)",USA,Estados Unidos,234994035.0
2016,M,30,Productos farmaceuticos,ARG,Argentina,43744967.0
2016,M,30,Productos farmaceuticos,CHN,China,47920564.0
2016,M,30,Productos farmaceuticos,DEU,Alemania,51273990.0
2016,M,30,Productos farmaceuticos,ROW,Resto del mundo,211218454.0
2016,M,30,Productos farmaceuticos,USA,Estados Unidos,73042025.0
2016,M,31,Abonos (fertilizantes),CHN,China,68162356.0
2016,M,31,Abonos (fertilizantes),ROW,Resto del mundo,183653082.0
2016,M,31,Abonos (fertilizantes),RUS,Rusia,47802578.0
2016,M,31,Abonos (fertilizantes),USA,Estados Unidos,42141983.0
2016,M,39,Plasticos y sus manufacturas,BRA,Brasil,122251251.0
2016,M,39,Plasticos y sus manufacturas,CHN,China,139494626.0
2016,M,39,Plasticos y sus manufacturas,ROW,Resto del mundo,263992141.0
2016,M,39,Plasticos y sus manufacturas,USA,Estados Unidos,72341982.0
2016,M,72,"Fundicion, hierro y acero",BRA,Brasil,163114587.0
2016,M,72,"Fundicion, hierro y acero",CHN,China,167520015.0
2016,M,72,"Fundicion, hierro y acero",PER,Peru,55667745.0
2016,M,72,"Fundicion, hierro y acero",ROW,Resto del mundo,211777653.0
2016,M,84,Maquinas y aparatos mecanicos,BRA,Brasil,281662859.0
2016,M,84,Maquinas y aparatos mecanicos,CHN,China,468314332.0
2016,M,84,Maquinas y aparatos mecanicos,DEU,Alemania,119715314.0
2016,M,84,Maquinas y aparatos mecanicos,ROW,Resto del mundo,462515788.0
2016,M,84,Maquinas y aparatos mecanicos,USA,Estados Unidos,205711708.0
2016,M,85,Maquinas y material electrico,BRA,Brasil,117694096.0
2016,M,85,Maquinas y material electrico,CHN,China,424028224.0
2016,M,85,Maquinas y material electrico,ROW,Resto del mundo,380140480.0
2016,M,85,Maquinas y material electrico,USA,Estados Unidos,103417200.0
2016,M,87,Vehiculos automoviles y partes,BRA,Brasil,186838570.0
2016,M,87,Vehiculos automoviles y partes,CHN,China,361810502.0
2016,M,87,Vehiculos automoviles y partes,JPN,Japon,187662509.0
2016,M,87,Vehiculos automoviles y partes,ROW,Resto del mundo,337557327.0
2016,M,87,Vehiculos automoviles y partes,USA,Estados Unidos,122291092.0
2016,M,99,Otros productos no especificados,BRA,Brasil,256057158.0
2016,M,99,Otros productos no especificados,CHN,China,266586729.0
2016,M,99,Otros productos no especificados,PER,Peru,144146086.0
2016,M,99,Otros productos no especificados,ROW,Resto del mundo,640805372.0
2016,M,99,Otros productos no especificados,USA,Estados Unidos,144884656.0
2016,X,02,Carnes (bovina),CAN,Canada,176340.0
2016,X,02,Carnes (bovina),CHN,China,38969666.0
2016,X,02,Carnes (bovina),DEU,Alemania,116398.0
2016,X,02,Carnes (bovina),ECU,Ecuador,3559704.0
2016,X,02,Carnes (bovina),ESP,Espania,220553.0
2016,X,02,Carnes (bovina),GBR,Reino Unido,381715.0
2016,X,02,Carnes (bovina),IND,India,104355.0
2016,X,02,Carnes (bovina),JPN,Japon,179699.0
2016,X,02,Carnes (bovina),PER,Peru,5934075.0
2016,X,02,Carnes (bovina),ROW,Resto del mundo,9112404.0
2016,X,08,Frutas y frutos (castania / nuez del Brasil),ARE,Emiratos Arabes Unidos,392351.0
2016,X,08,Frutas y frutos (castania / nuez del Brasil),ARG,Argentina,223145.0
2016,X,08,Frutas y frutos (castania / nuez del Brasil),BEL,Belgica,625618.0
2016,X,08,Frutas y frutos (castania / nuez del Brasil),CAN,Canada,198314.0
2016,X,08,Frutas y frutos (castania / nuez del Brasil),CHE,Suiza,189055.0
2016,X,08,Frutas y frutos (castania / nuez del Brasil),CHN,China,577030.0
2016,X,08,Frutas y frutos (castania / nuez del Brasil),COL,Colombia,171744.0
2016,X,08,Frutas y frutos (castania / nuez del Brasil),DEU,Alemania,136815.0
2016,X,08,Frutas y frutos (castania / nuez del Brasil),ECU,Ecuador,197904.0
2016,X,08,Frutas y frutos (castania / nuez del Brasil),ESP,Espania,11245051.0
2016,X,08,Frutas y frutos (castania / nuez del Brasil),GBR,Reino Unido,23609418.0
2016,X,08,Frutas y frutos (castania / nuez del Brasil),IND,India,383560.0
2016,X,08,Frutas y frutos (castania / nuez del Brasil),JPN,Japon,111173.0
2016,X,08,Frutas y frutos (castania / nuez del Brasil),KOR,Corea del Sur,314263.0
2016,X,08,Frutas y frutos (castania / nuez del Brasil),NLD,Paises Bajos,20664011.0
2016,X,08,Frutas y frutos (castania / nuez del Brasil),PER,Peru,409554.0
2016,X,08,Frutas y frutos (castania / nuez del Brasil),ROW,Resto del mundo,48514502.0
2016,X,08,Frutas y frutos (castania / nuez del Brasil),USA,Estados Unidos,17238495.0
2016,X,12,Semillas oleaginosas (grano de soya),ARG,Argentina,23929106.0
2016,X,12,Semillas oleaginosas (grano de soya),BEL,Belgica,376762.0
2016,X,12,Semillas oleaginosas (grano de soya),CHL,Chile,452776.0
2016,X,12,Semillas oleaginosas (grano de soya),CHN,China,148250.0
2016,X,12,Semillas oleaginosas (grano de soya),COL,Colombia,24078638.0
2016,X,12,Semillas oleaginosas (grano de soya),DEU,Alemania,124654.0
2016,X,12,Semillas oleaginosas (grano de soya),ECU,Ecuador,538823.0
2016,X,12,Semillas oleaginosas (grano de soya),GBR,Reino Unido,140518.0
2016,X,12,Semillas oleaginosas (grano de soya),IND,India,268107.0
2016,X,12,Semillas oleaginosas (grano de soya),KOR,Corea del Sur,282931.0
2016,X,12,Semillas oleaginosas (grano de soya),NLD,Paises Bajos,811940.0
2016,X,12,Semillas oleaginosas (grano de soya),PER,Peru,24899198.0
2016,X,12,Semillas oleaginosas (grano de soya),ROW,Resto del mundo,48423058.0
2016,X,12,Semillas oleaginosas (grano de soya),RUS,Rusia,495781.0
2016,X,12,Semillas oleaginosas (grano de soya),USA,Estados Unidos,119636.0
2016,X,15,Grasas y aceites (aceite de soya),ARE,Emiratos Arabes Unidos,263444.0
2016,X,15,Grasas y aceites (aceite de soya),ARG,Argentina,1367971.0
2016,X,15,Grasas y aceites (aceite de soya),BEL,Belgica,809633.0
2016,X,15,Grasas y aceites (aceite de soya),BRA,Brasil,369040.0
2016,X,15,Grasas y aceites (aceite de soya),CAN,Canada,697450.0
2016,X,15,Grasas y aceites (aceite de soya),CHE,Suiza,223461.0
2016,X,15,Grasas y aceites (aceite de soya),CHL,Chile,24913295.0
2016,X,15,Grasas y aceites (aceite de soya),CHN,China,484645.0
2016,X,15,Grasas y aceites (aceite de soya),COL,Colombia,58735559.0
2016,X,15,Grasas y aceites (aceite de soya),DEU,Alemania,164013.0
2016,X,15,Grasas y aceites (aceite de soya),ECU,Ecuador,39055460.0
2016,X,15,Grasas y aceites (aceite de soya),ESP,Espania,1125764.0
2016,X,15,Grasas y aceites (aceite de soya),GBR,Reino Unido,232645.0
2016,X,15,Grasas y aceites (aceite de soya),JPN,Japon,543218.0
2016,X,15,Grasas y aceites (aceite de soya),KOR,Corea del Sur,1646576.0
2016,X,15,Grasas y aceites (aceite de soya),PER,Peru,57820505.0
2016,X,15,Grasas y aceites (aceite de soya),ROW,Resto del mundo,58591758.0
2016,X,15,Grasas y aceites (aceite de soya),RUS,Rusia,152044.0
2016,X,15,Grasas y aceites (aceite de soya),USA,Estados Unidos,247816.0
2016,X,23,Residuos de la industria alimentaria (torta de soya),ARE,Emiratos Arabes Unidos,1982674.0
2016,X,23,Residuos de la industria alimentaria (torta de soya),ARG,Argentina,1447830.0
2016,X,23,Residuos de la industria alimentaria (torta de soya),BEL,Belgica,182355.0
2016,X,23,Residuos de la industria alimentaria (torta de soya),BRA,Brasil,367444.0
2016,X,23,Residuos de la industria alimentaria (torta de soya),CAN,Canada,293704.0
2016,X,23,Residuos de la industria alimentaria (torta de soya),CHE,Suiza,4341964.0
2016,X,23,Residuos de la industria alimentaria (torta de soya),CHL,Chile,38454468.0
2016,X,23,Residuos de la industria alimentaria (torta de soya),CHN,China,786445.0
2016,X,23,Residuos de la industria alimentaria (torta de soya),COL,Colombia,157754834.0
2016,X,23,Residuos de la industria alimentaria (torta de soya),DEU,Alemania,938417.0
2016,X,23,Residuos de la industria alimentaria (torta de soya),ECU,Ecuador,101354747.0
2016,X,23,Residuos de la industria alimentaria (torta de soya),ESP,Espania,739989.0
2016,X,23,Residuos de la industria alimentaria (torta de soya),GBR,Reino Unido,694136.0
2016,X,23,Residuos de la industria alimentaria (torta de soya),IND,India,1371766.0
2016,X,23,Residuos de la industria alimentaria (torta de soya),JPN,Japon,821288.0
2016,X,23,Residuos de la industria alimentaria (torta de soya),KOR,Corea del Sur,155921.0
2016,X,23,Residuos de la industria alimentaria (torta de soya),NLD,Paises Bajos,889251.0
2016,X,23,Residuos de la industria alimentaria (torta de soya),PER,Peru,153855416.0
2016,X,23,Residuos de la industria alimentaria (torta de soya),ROW,Resto del mundo,60041042.0
2016,X,23,Residuos de la industria alimentaria (torta de soya),RUS,Rusia,1132383.0
2016,X,23,Residuos de la industria alimentaria (torta de soya),USA,Estados Unidos,490268.0
2016,X,25,"Sal, azufre, boratos (ulexita)",ARG,Argentina,121102.0
2016,X,25,"Sal, azufre, boratos (ulexita)",BRA,Brasil,13528581.0
2016,X,25,"Sal, azufre, boratos (ulexita)",CAN,Canada,153060.0
2016,X,25,"Sal, azufre, boratos (ulexita)",CHE,Suiza,151711.0
2016,X,25,"Sal, azufre, boratos (ulexita)",CHL,Chile,278403.0
2016,X,25,"Sal, azufre, boratos (ulexita)",CHN,China,7727392.0
2016,X,25,"Sal, azufre, boratos (ulexita)",ECU,Ecuador,111652.0
2016,X,25,"Sal, azufre, boratos (ulexita)",KOR,Corea del Sur,124343.0
2016,X,25,"Sal, azufre, boratos (ulexita)",ROW,Resto del mundo,28865093.0
2016,X,25,"Sal, azufre, boratos (ulexita)",RUS,Rusia,362225.0
2016,X,25,"Sal, azufre, boratos (ulexita)",USA,Estados Unidos,17355420.0
2016,X,26,"Minerales metaliferos (zinc, plomo, plata en concentrado)",ARE,Emiratos Arabes Unidos,2049136.0
2016,X,26,"Minerales metaliferos (zinc, plomo, plata en concentrado)",ARG,Argentina,422797.0
2016,X,26,"Minerales metaliferos (zinc, plomo, plata en concentrado)",BEL,Belgica,87052421.0
2016,X,26,"Minerales metaliferos (zinc, plomo, plata en concentrado)",BRA,Brasil,5490696.0
2016,X,26,"Minerales metaliferos (zinc, plomo, plata en concentrado)",CAN,Canada,3032032.0
2016,X,26,"Minerales metaliferos (zinc, plomo, plata en concentrado)",CHE,Suiza,1402254.0
2016,X,26,"Minerales metaliferos (zinc, plomo, plata en concentrado)",CHL,Chile,846524.0
2016,X,26,"Minerales metaliferos (zinc, plomo, plata en concentrado)",CHN,China,223926948.0
2016,X,26,"Minerales metaliferos (zinc, plomo, plata en concentrado)",COL,Colombia,1069289.0
2016,X,26,"Minerales metaliferos (zinc, plomo, plata en concentrado)",DEU,Alemania,7315391.0
2016,X,26,"Minerales metaliferos (zinc, plomo, plata en concentrado)",ECU,Ecuador,1400257.0
2016,X,26,"Minerales metaliferos (zinc, plomo, plata en concentrado)",ESP,Espania,78194564.0
2016,X,26,"Minerales metaliferos (zinc, plomo, plata en concentrado)",GBR,Reino Unido,655489.0
2016,X,26,"Minerales metaliferos (zinc, plomo, plata en concentrado)",IND,India,93714132.0
2016,X,26,"Minerales metaliferos (zinc, plomo, plata en concentrado)",JPN,Japon,175238657.0
2016,X,26,"Minerales metaliferos (zinc, plomo, plata en concentrado)",KOR,Corea del Sur,116464047.0
2016,X,26,"Minerales metaliferos (zinc, plomo, plata en concentrado)",NLD,Paises Bajos,56666500.0
2016,X,26,"Minerales metaliferos (zinc, plomo, plata en concentrado)",PER,Peru,3849445.0
2016,X,26,"Minerales metaliferos (zinc, plomo, plata en concentrado)",ROW,Resto del mundo,129787509.0
2016,X,26,"Minerales metaliferos (zinc, plomo, plata en concentrado)",RUS,Rusia,864332.0
2016,X,26,"Minerales metaliferos (zinc, plomo, plata en concentrado)",USA,Estados Unidos,738220.0
2016,X,27,Combustibles minerales (gas natural),ARE,Emiratos Arabes Unidos,16554936.0
2016,X,27,Combustibles minerales (gas natural),ARG,Argentina,793789515.0
2016,X,27,Combustibles minerales (gas natural),BEL,Belgica,4920215.0
2016,X,27,Combustibles minerales (gas natural),BRA,Brasil,1852673551.0
2016,X,27,Combustibles minerales (gas natural),CAN,Canada,1790540.0
2016,X,27,Combustibles minerales (gas natural),CHE,Suiza,4874275.0
2016,X,27,Combustibles minerales (gas natural),CHL,Chile,4986387.0
2016,X,27,Combustibles minerales (gas natural),CHN,China,2163126.0
2016,X,27,Combustibles minerales (gas natural),COL,Colombia,18536772.0
2016,X,27,Combustibles minerales (gas natural),DEU,Alemania,3540072.0
2016,X,27,Combustibles minerales (gas natural),ECU,Ecuador,1430572.0
2016,X,27,Combustibles minerales (gas natural),ESP,Espania,4406956.0
2016,X,27,Combustibles minerales (gas natural),GBR,Reino Unido,4125519.0
2016,X,27,Combustibles minerales (gas natural),IND,India,1309041.0
2016,X,27,Combustibles minerales (gas natural),JPN,Japon,4560759.0
2016,X,27,Combustibles minerales (gas natural),KOR,Corea del Sur,8061205.0
2016,X,27,Combustibles minerales (gas natural),NLD,Paises Bajos,8717459.0
2016,X,27,Combustibles minerales (gas natural),PER,Peru,11638429.0
2016,X,27,Combustibles minerales (gas natural),ROW,Resto del mundo,54713760.0
2016,X,27,Combustibles minerales (gas natural),RUS,Rusia,2141166.0
2016,X,27,Combustibles minerales (gas natural),USA,Estados Unidos,577556.0
2016,X,44,Madera y manufacturas de madera,ARG,Argentina,10251074.0
2016,X,44,Madera y manufacturas de madera,BRA,Brasil,103253.0
2016,X,44,Madera y manufacturas de madera,CHL,Chile,174554.0
2016,X,44,Madera y manufacturas de madera,CHN,China,103403.0
2016,X,44,Madera y manufacturas de madera,DEU,Alemania,235457.0
2016,X,44,Madera y manufacturas de madera,ECU,Ecuador,129738.0
2016,X,44,Madera y manufacturas de madera,GBR,Reino Unido,948486.0
2016,X,44,Madera y manufacturas de madera,IND,India,173214.0
2016,X,44,Madera y manufacturas de madera,KOR,Corea del Sur,130726.0
2016,X,44,Madera y manufacturas de madera,NLD,Paises Bajos,117045.0
2016,X,44,Madera y manufacturas de madera,PER,Peru,7138340.0
2016,X,44,Madera y manufacturas de madera,ROW,Resto del mundo,38795202.0
2016,X,44,Madera y manufacturas de madera,RUS,Rusia,189310.0
2016,X,44,Madera y manufacturas de madera,USA,Estados Unidos,13778458.0
2016,X,71,"Metales y piedras preciosas (oro, plata metalica, joyeria)",ARE,Emiratos Arabes Unidos,130939615.0
2016,X,71,"Metales y piedras preciosas (oro, plata metalica, joyeria)",ARG,Argentina,2838921.0
2016,X,71,"Metales y piedras preciosas (oro, plata metalica, joyeria)",BEL,Belgica,805440.0
2016,X,71,"Metales y piedras preciosas (oro, plata metalica, joyeria)",BRA,Brasil,2907566.0
2016,X,71,"Metales y piedras preciosas (oro, plata metalica, joyeria)",CAN,Canada,31360435.0
2016,X,71,"Metales y piedras preciosas (oro, plata metalica, joyeria)",CHE,Suiza,99269774.0
2016,X,71,"Metales y piedras preciosas (oro, plata metalica, joyeria)",CHL,Chile,374746.0
2016,X,71,"Metales y piedras preciosas (oro, plata metalica, joyeria)",CHN,China,3335405.0
2016,X,71,"Metales y piedras preciosas (oro, plata metalica, joyeria)",COL,Colombia,6228713.0
2016,X,71,"Metales y piedras preciosas (oro, plata metalica, joyeria)",DEU,Alemania,995269.0
2016,X,71,"Metales y piedras preciosas (oro, plata metalica, joyeria)",ECU,Ecuador,1151436.0
2016,X,71,"Metales y piedras preciosas (oro, plata metalica, joyeria)",ESP,Espania,858312.0
2016,X,71,"Metales y piedras preciosas (oro, plata metalica, joyeria)",GBR,Reino Unido,413691.0
2016,X,71,"Metales y piedras preciosas (oro, plata metalica, joyeria)",IND,India,260609427.0
2016,X,71,"Metales y piedras preciosas (oro, plata metalica, joyeria)",JPN,Japon,265394.0
2016,X,71,"Metales y piedras preciosas (oro, plata metalica, joyeria)",KOR,Corea del Sur,469612.0
2016,X,71,"Metales y piedras preciosas (oro, plata metalica, joyeria)",NLD,Paises Bajos,603511.0
2016,X,71,"Metales y piedras preciosas (oro, plata metalica, joyeria)",PER,Peru,394769.0
2016,X,71,"Metales y piedras preciosas (oro, plata metalica, joyeria)",ROW,Resto del mundo,104660761.0
2016,X,71,"Metales y piedras preciosas (oro, plata metalica, joyeria)",RUS,Rusia,201322.0
2016,X,71,"Metales y piedras preciosas (oro, plata metalica, joyeria)",USA,Estados Unidos,77448348.0
2016,X,80,Estanio y sus manufacturas,ARE,Emiratos Arabes Unidos,215464.0
2016,X,80,Estanio y sus manufacturas,ARG,Argentina,539445.0
2016,X,80,Estanio y sus manufacturas,BEL,Belgica,30310560.0
2016,X,80,Estanio y sus manufacturas,BRA,Brasil,47766124.0
2016,X,80,Estanio y sus manufacturas,CAN,Canada,392441.0
2016,X,80,Estanio y sus manufacturas,CHE,Suiza,146194.0
2016,X,80,Estanio y sus manufacturas,CHL,Chile,232596.0
2016,X,80,Estanio y sus manufacturas,CHN,China,1087290.0
2016,X,80,Estanio y sus manufacturas,COL,Colombia,930569.0
2016,X,80,Estanio y sus manufacturas,DEU,Alemania,1266171.0
2016,X,80,Estanio y sus manufacturas,ECU,Ecuador,1877488.0
2016,X,80,Estanio y sus manufacturas,ESP,Espania,395711.0
2016,X,80,Estanio y sus manufacturas,JPN,Japon,1119974.0
2016,X,80,Estanio y sus manufacturas,KOR,Corea del Sur,267382.0
2016,X,80,Estanio y sus manufacturas,NLD,Paises Bajos,33222574.0
2016,X,80,Estanio y sus manufacturas,PER,Peru,2098456.0
2016,X,80,Estanio y sus manufacturas,ROW,Resto del mundo,96420539.0
2016,X,80,Estanio y sus manufacturas,RUS,Rusia,794208.0
2016,X,80,Estanio y sus manufacturas,USA,Estados Unidos,94313288.0
2016,X,99,Otros productos no especificados,ARE,Emiratos Arabes Unidos,2164233.0
2016,X,99,Otros productos no especificados,ARG,Argentina,74348364.0
2016,X,99,Otros productos no especificados,BEL,Belgica,2008628.0
2016,X,99,Otros productos no especificados,BRA,Brasil,118402526.0
2016,X,99,Otros productos no especificados,CAN,Canada,4446815.0
2016,X,99,Otros productos no especificados,CHE,Suiza,2011591.0
2016,X,99,Otros productos no especificados,CHL,Chile,70780409.0
2016,X,99,Otros productos no especificados,CHN,China,102109168.0
2016,X,99,Otros productos no especificados,COL,Colombia,3564059.0
2016,X,99,Otros productos no especificados,DEU,Alemania,589863.0
2016,X,99,Otros productos no especificados,ECU,Ecuador,1159665.0
2016,X,99,Otros productos no especificados,ESP,Espania,3104546.0
2016,X,99,Otros productos no especificados,GBR,Reino Unido,899673.0
2016,X,99,Otros productos no especificados,IND,India,1139112.0
2016,X,99,Otros productos no especificados,JPN,Japon,4125456.0
2016,X,99,Otros productos no especificados,KOR,Corea del Sur,1506525.0
2016,X,99,Otros productos no especificados,NLD,Paises Bajos,640309.0
2016,X,99,Otros productos no especificados,PER,Peru,103808919.0
2016,X,99,Otros productos no especificados,ROW,Resto del mundo,356431325.0
2016,X,99,Otros productos no especificados,RUS,Rusia,1560270.0
2016,X,99,Otros productos no especificados,USA,Estados Unidos,207992431.0
2017,M,10,Cereales (trigo),ARG,Argentina,128191298.0
2017,M,10,Cereales (trigo),BRA,Brasil,26735649.0
2017,M,10,Cereales (trigo),ROW,Resto del mundo,69541177.0
2017,M,10,Cereales (trigo),USA,Estados Unidos,54681876.0
2017,M,27,"Combustibles (diesel, gasolinas)",ARG,Argentina,241392286.0
2017,M,27,"Combustibles (diesel, gasolinas)",CHL,Chile,267344492.0
2017,M,27,"Combustibles (diesel, gasolinas)",PER,Peru,121257948.0
2017,M,27,"Combustibles (diesel, gasolinas)",ROW,Resto del mundo,335831159.0
2017,M,27,"Combustibles (diesel, gasolinas)",USA,Estados Unidos,243824114.0
2017,M,30,Productos farmaceuticos,ARG,Argentina,44786644.0
2017,M,30,Productos farmaceuticos,CHN,China,53435436.0
2017,M,30,Productos farmaceuticos,DEU,Alemania,54078238.0
2017,M,30,Productos farmaceuticos,ROW,Resto del mundo,227884831.0
2017,M,30,Productos farmaceuticos,USA,Estados Unidos,85064850.0
2017,M,31,Abonos (fertilizantes),CHN,China,66580698.0
2017,M,31,Abonos (fertilizantes),ROW,Resto del mundo,203411154.0
2017,M,31,Abonos (fertilizantes),RUS,Rusia,57158699.0
2017,M,31,Abonos (fertilizantes),USA,Estados Unidos,45049448.0
2017,M,39,Plasticos y sus manufacturas,BRA,Brasil,117554471.0
2017,M,39,Plasticos y sus manufacturas,CHN,China,168501778.0
2017,M,39,Plasticos y sus manufacturas,ROW,Resto del mundo,286466542.0
2017,M,39,Plasticos y sus manufacturas,USA,Estados Unidos,78827209.0
2017,M,72,"Fundicion, hierro y acero",BRA,Brasil,163533348.0
2017,M,72,"Fundicion, hierro y acero",CHN,China,185077759.0
2017,M,72,"Fundicion, hierro y acero",PER,Peru,67182245.0
2017,M,72,"Fundicion, hierro y acero",ROW,Resto del mundo,235556647.0
2017,M,84,Maquinas y aparatos mecanicos,BRA,Brasil,273523065.0
2017,M,84,Maquinas y aparatos mecanicos,CHN,China,520784759.0
2017,M,84,Maquinas y aparatos mecanicos,DEU,Alemania,141426840.0
2017,M,84,Maquinas y aparatos mecanicos,ROW,Resto del mundo,485415026.0
2017,M,84,Maquinas y aparatos mecanicos,USA,Estados Unidos,253750310.0
2017,M,85,Maquinas y material electrico,BRA,Brasil,152016187.0
2017,M,85,Maquinas y material electrico,CHN,China,493743153.0
2017,M,85,Maquinas y material electrico,ROW,Resto del mundo,362558421.0
2017,M,85,Maquinas y material electrico,USA,Estados Unidos,108282239.0
2017,M,87,Vehiculos automoviles y partes,BRA,Brasil,199677053.0
2017,M,87,Vehiculos automoviles y partes,CHN,China,374875629.0
2017,M,87,Vehiculos automoviles y partes,JPN,Japon,248402834.0
2017,M,87,Vehiculos automoviles y partes,ROW,Resto del mundo,345075594.0
2017,M,87,Vehiculos automoviles y partes,USA,Estados Unidos,134668889.0
2017,M,99,Otros productos no especificados,BRA,Brasil,254682875.0
2017,M,99,Otros productos no especificados,CHN,China,340626895.0
2017,M,99,Otros productos no especificados,PER,Peru,166570355.0
2017,M,99,Otros productos no especificados,ROW,Resto del mundo,678542947.0
2017,M,99,Otros productos no especificados,USA,Estados Unidos,141426928.0
2017,X,02,Carnes (bovina),ARE,Emiratos Arabes Unidos,156521.0
2017,X,02,Carnes (bovina),BEL,Belgica,181954.0
2017,X,02,Carnes (bovina),BRA,Brasil,120574.0
2017,X,02,Carnes (bovina),CHE,Suiza,146135.0
2017,X,02,Carnes (bovina),CHL,Chile,125072.0
2017,X,02,Carnes (bovina),CHN,China,56996467.0
2017,X,02,Carnes (bovina),ECU,Ecuador,4492923.0
2017,X,02,Carnes (bovina),KOR,Corea del Sur,448868.0
2017,X,02,Carnes (bovina),PER,Peru,8455223.0
2017,X,02,Carnes (bovina),ROW,Resto del mundo,12215987.0
2017,X,02,Carnes (bovina),RUS,Rusia,164875.0
2017,X,02,Carnes (bovina),USA,Estados Unidos,747903.0
2017,X,08,Frutas y frutos (castania / nuez del Brasil),ARE,Emiratos Arabes Unidos,282156.0
2017,X,08,Frutas y frutos (castania / nuez del Brasil),ARG,Argentina,116793.0
2017,X,08,Frutas y frutos (castania / nuez del Brasil),BEL,Belgica,217378.0
2017,X,08,Frutas y frutos (castania / nuez del Brasil),BRA,Brasil,180991.0
2017,X,08,Frutas y frutos (castania / nuez del Brasil),CHE,Suiza,207053.0
2017,X,08,Frutas y frutos (castania / nuez del Brasil),CHL,Chile,286085.0
2017,X,08,Frutas y frutos (castania / nuez del Brasil),CHN,China,471905.0
2017,X,08,Frutas y frutos (castania / nuez del Brasil),COL,Colombia,145114.0
2017,X,08,Frutas y frutos (castania / nuez del Brasil),DEU,Alemania,202902.0
2017,X,08,Frutas y frutos (castania / nuez del Brasil),ECU,Ecuador,1797123.0
2017,X,08,Frutas y frutos (castania / nuez del Brasil),ESP,Espania,15340356.0
2017,X,08,Frutas y frutos (castania / nuez del Brasil),GBR,Reino Unido,29895036.0
2017,X,08,Frutas y frutos (castania / nuez del Brasil),IND,India,544888.0
2017,X,08,Frutas y frutos (castania / nuez del Brasil),JPN,Japon,213684.0
2017,X,08,Frutas y frutos (castania / nuez del Brasil),KOR,Corea del Sur,126037.0
2017,X,08,Frutas y frutos (castania / nuez del Brasil),NLD,Paises Bajos,26431658.0
2017,X,08,Frutas y frutos (castania / nuez del Brasil),PER,Peru,172701.0
2017,X,08,Frutas y frutos (castania / nuez del Brasil),ROW,Resto del mundo,56960204.0
2017,X,08,Frutas y frutos (castania / nuez del Brasil),RUS,Rusia,212665.0
2017,X,08,Frutas y frutos (castania / nuez del Brasil),USA,Estados Unidos,23441947.0
2017,X,12,Semillas oleaginosas (grano de soya),ARE,Emiratos Arabes Unidos,452027.0
2017,X,12,Semillas oleaginosas (grano de soya),ARG,Argentina,27505783.0
2017,X,12,Semillas oleaginosas (grano de soya),BEL,Belgica,660008.0
2017,X,12,Semillas oleaginosas (grano de soya),CAN,Canada,121855.0
2017,X,12,Semillas oleaginosas (grano de soya),CHL,Chile,177713.0
2017,X,12,Semillas oleaginosas (grano de soya),CHN,China,113196.0
2017,X,12,Semillas oleaginosas (grano de soya),COL,Colombia,29366592.0
2017,X,12,Semillas oleaginosas (grano de soya),ECU,Ecuador,156233.0
2017,X,12,Semillas oleaginosas (grano de soya),ESP,Espania,173634.0
2017,X,12,Semillas oleaginosas (grano de soya),GBR,Reino Unido,120326.0
2017,X,12,Semillas oleaginosas (grano de soya),IND,India,146652.0
2017,X,12,Semillas oleaginosas (grano de soya),JPN,Japon,402935.0
2017,X,12,Semillas oleaginosas (grano de soya),KOR,Corea del Sur,389006.0
2017,X,12,Semillas oleaginosas (grano de soya),NLD,Paises Bajos,390010.0
2017,X,12,Semillas oleaginosas (grano de soya),PER,Peru,29221135.0
2017,X,12,Semillas oleaginosas (grano de soya),ROW,Resto del mundo,58843149.0
2017,X,12,Semillas oleaginosas (grano de soya),RUS,Rusia,126886.0
2017,X,12,Semillas oleaginosas (grano de soya),USA,Estados Unidos,700495.0
2017,X,15,Grasas y aceites (aceite de soya),ARE,Emiratos Arabes Unidos,738611.0
2017,X,15,Grasas y aceites (aceite de soya),ARG,Argentina,444742.0
2017,X,15,Grasas y aceites (aceite de soya),CAN,Canada,180632.0
2017,X,15,Grasas y aceites (aceite de soya),CHE,Suiza,140178.0
2017,X,15,Grasas y aceites (aceite de soya),CHL,Chile,30426232.0
2017,X,15,Grasas y aceites (aceite de soya),CHN,China,3643492.0
2017,X,15,Grasas y aceites (aceite de soya),COL,Colombia,80022509.0
2017,X,15,Grasas y aceites (aceite de soya),ECU,Ecuador,47201546.0
2017,X,15,Grasas y aceites (aceite de soya),ESP,Espania,195251.0
2017,X,15,Grasas y aceites (aceite de soya),GBR,Reino Unido,1106251.0
2017,X,15,Grasas y aceites (aceite de soya),IND,India,648119.0
2017,X,15,Grasas y aceites (aceite de soya),JPN,Japon,1257667.0
2017,X,15,Grasas y aceites (aceite de soya),KOR,Corea del Sur,1021562.0
2017,X,15,Grasas y aceites (aceite de soya),NLD,Paises Bajos,1241631.0
2017,X,15,Grasas y aceites (aceite de soya),PER,Peru,72564255.0
2017,X,15,Grasas y aceites (aceite de soya),ROW,Resto del mundo,71270235.0
2017,X,15,Grasas y aceites (aceite de soya),RUS,Rusia,200715.0
2017,X,15,Grasas y aceites (aceite de soya),USA,Estados Unidos,153673.0
2017,X,23,Residuos de la industria alimentaria (torta de soya),ARE,Emiratos Arabes Unidos,1547644.0
2017,X,23,Residuos de la industria alimentaria (torta de soya),ARG,Argentina,882795.0
2017,X,23,Residuos de la industria alimentaria (torta de soya),BEL,Belgica,2446899.0
2017,X,23,Residuos de la industria alimentaria (torta de soya),BRA,Brasil,504248.0
2017,X,23,Residuos de la industria alimentaria (torta de soya),CAN,Canada,828634.0
2017,X,23,Residuos de la industria alimentaria (torta de soya),CHE,Suiza,7237529.0
2017,X,23,Residuos de la industria alimentaria (torta de soya),CHL,Chile,51245484.0
2017,X,23,Residuos de la industria alimentaria (torta de soya),CHN,China,1388665.0
2017,X,23,Residuos de la industria alimentaria (torta de soya),COL,Colombia,176046634.0
2017,X,23,Residuos de la industria alimentaria (torta de soya),DEU,Alemania,1229957.0
2017,X,23,Residuos de la industria alimentaria (torta de soya),ECU,Ecuador,126872320.0
2017,X,23,Residuos de la industria alimentaria (torta de soya),ESP,Espania,1789395.0
2017,X,23,Residuos de la industria alimentaria (torta de soya),GBR,Reino Unido,808209.0
2017,X,23,Residuos de la industria alimentaria (torta de soya),IND,India,406545.0
2017,X,23,Residuos de la industria alimentaria (torta de soya),JPN,Japon,243263.0
2017,X,23,Residuos de la industria alimentaria (torta de soya),KOR,Corea del Sur,606968.0
2017,X,23,Residuos de la industria alimentaria (torta de soya),NLD,Paises Bajos,2428219.0
2017,X,23,Residuos de la industria alimentaria (torta de soya),PER,Peru,204682804.0
2017,X,23,Residuos de la industria alimentaria (torta de soya),ROW,Resto del mundo,83345053.0
2017,X,23,Residuos de la industria alimentaria (torta de soya),RUS,Rusia,305984.0
2017,X,23,Residuos de la industria alimentaria (torta de soya),USA,Estados Unidos,733812.0
2017,X,25,"Sal, azufre, boratos (ulexita)",ARE,Emiratos Arabes Unidos,456234.0
2017,X,25,"Sal, azufre, boratos (ulexita)",ARG,Argentina,291822.0
2017,X,25,"Sal, azufre, boratos (ulexita)",BEL,Belgica,128699.0
2017,X,25,"Sal, azufre, boratos (ulexita)",BRA,Brasil,15034453.0
2017,X,25,"Sal, azufre, boratos (ulexita)",CHL,Chile,1309372.0
2017,X,25,"Sal, azufre, boratos (ulexita)",CHN,China,8742158.0
2017,X,25,"Sal, azufre, boratos (ulexita)",DEU,Alemania,111732.0
2017,X,25,"Sal, azufre, boratos (ulexita)",ECU,Ecuador,148616.0
2017,X,25,"Sal, azufre, boratos (ulexita)",IND,India,189194.0
2017,X,25,"Sal, azufre, boratos (ulexita)",KOR,Corea del Sur,122969.0
2017,X,25,"Sal, azufre, boratos (ulexita)",ROW,Resto del mundo,38384635.0
2017,X,25,"Sal, azufre, boratos (ulexita)",USA,Estados Unidos,21453958.0
2017,X,26,"Minerales metaliferos (zinc, plomo, plata en concentrado)",ARE,Emiratos Arabes Unidos,7650345.0
2017,X,26,"Minerales metaliferos (zinc, plomo, plata en concentrado)",ARG,Argentina,2815042.0
2017,X,26,"Minerales metaliferos (zinc, plomo, plata en concentrado)",BEL,Belgica,119662034.0
2017,X,26,"Minerales metaliferos (zinc, plomo, plata en concentrado)",BRA,Brasil,689571.0
2017,X,26,"Minerales metaliferos (zinc, plomo, plata en concentrado)",CAN,Canada,5111875.0
2017,X,26,"Minerales metaliferos (zinc, plomo, plata en concentrado)",CHE,Suiza,5107690.0
2017,X,26,"Minerales metaliferos (zinc, plomo, plata en concentrado)",CHL,Chile,607669.0
2017,X,26,"Minerales metaliferos (zinc, plomo, plata en concentrado)",CHN,China,273843651.0
2017,X,26,"Minerales metaliferos (zinc, plomo, plata en concentrado)",COL,Colombia,2985511.0
2017,X,26,"Minerales metaliferos (zinc, plomo, plata en concentrado)",DEU,Alemania,1286749.0
2017,X,26,"Minerales metaliferos (zinc, plomo, plata en concentrado)",ECU,Ecuador,9285714.0
2017,X,26,"Minerales metaliferos (zinc, plomo, plata en concentrado)",ESP,Espania,97064809.0
2017,X,26,"Minerales metaliferos (zinc, plomo, plata en concentrado)",GBR,Reino Unido,384500.0
2017,X,26,"Minerales metaliferos (zinc, plomo, plata en concentrado)",IND,India,110206691.0
2017,X,26,"Minerales metaliferos (zinc, plomo, plata en concentrado)",JPN,Japon,212007552.0
2017,X,26,"Minerales metaliferos (zinc, plomo, plata en concentrado)",KOR,Corea del Sur,139740490.0
2017,X,26,"Minerales metaliferos (zinc, plomo, plata en concentrado)",NLD,Paises Bajos,80527724.0
2017,X,26,"Minerales metaliferos (zinc, plomo, plata en concentrado)",PER,Peru,519255.0
2017,X,26,"Minerales metaliferos (zinc, plomo, plata en concentrado)",ROW,Resto del mundo,178677698.0
2017,X,26,"Minerales metaliferos (zinc, plomo, plata en concentrado)",RUS,Rusia,1862180.0
2017,X,26,"Minerales metaliferos (zinc, plomo, plata en concentrado)",USA,Estados Unidos,448875.0
2017,X,27,Combustibles minerales (gas natural),ARE,Emiratos Arabes Unidos,1677364.0
2017,X,27,Combustibles minerales (gas natural),ARG,Argentina,787003656.0
2017,X,27,Combustibles minerales (gas natural),BEL,Belgica,1398403.0
2017,X,27,Combustibles minerales (gas natural),BRA,Brasil,1996286244.0
2017,X,27,Combustibles minerales (gas natural),CAN,Canada,14895486.0
2017,X,27,Combustibles minerales (gas natural),CHE,Suiza,4539671.0
2017,X,27,Combustibles minerales (gas natural),CHL,Chile,1123158.0
2017,X,27,Combustibles minerales (gas natural),CHN,China,1599320.0
2017,X,27,Combustibles minerales (gas natural),COL,Colombia,1299805.0
2017,X,27,Combustibles minerales (gas natural),DEU,Alemania,1513418.0
2017,X,27,Combustibles minerales (gas natural),ECU,Ecuador,14948619.0
2017,X,27,Combustibles minerales (gas natural),ESP,Espania,4492194.0
2017,X,27,Combustibles minerales (gas natural),GBR,Reino Unido,3233319.0
2017,X,27,Combustibles minerales (gas natural),IND,India,7075357.0
2017,X,27,Combustibles minerales (gas natural),JPN,Japon,3659720.0
2017,X,27,Combustibles minerales (gas natural),KOR,Corea del Sur,4041972.0
2017,X,27,Combustibles minerales (gas natural),NLD,Paises Bajos,6829618.0
2017,X,27,Combustibles minerales (gas natural),PER,Peru,12535535.0
2017,X,27,Combustibles minerales (gas natural),ROW,Resto del mundo,53311271.0
2017,X,27,Combustibles minerales (gas natural),RUS,Rusia,792109.0
2017,X,27,Combustibles minerales (gas natural),USA,Estados Unidos,2266595.0
2017,X,44,Madera y manufacturas de madera,ARE,Emiratos Arabes Unidos,114229.0
2017,X,44,Madera y manufacturas de madera,ARG,Argentina,13135758.0
2017,X,44,Madera y manufacturas de madera,BEL,Belgica,142577.0
2017,X,44,Madera y manufacturas de madera,BRA,Brasil,341327.0
2017,X,44,Madera y manufacturas de madera,CAN,Canada,205406.0
2017,X,44,Madera y manufacturas de madera,CHN,China,142412.0
2017,X,44,Madera y manufacturas de madera,COL,Colombia,333387.0
2017,X,44,Madera y manufacturas de madera,GBR,Reino Unido,525164.0
2017,X,44,Madera y manufacturas de madera,JPN,Japon,298787.0
2017,X,44,Madera y manufacturas de madera,KOR,Corea del Sur,377831.0
2017,X,44,Madera y manufacturas de madera,PER,Peru,8449548.0
2017,X,44,Madera y manufacturas de madera,ROW,Resto del mundo,42979596.0
2017,X,44,Madera y manufacturas de madera,USA,Estados Unidos,17175782.0
2017,X,71,"Metales y piedras preciosas (oro, plata metalica, joyeria)",ARE,Emiratos Arabes Unidos,162002425.0
2017,X,71,"Metales y piedras preciosas (oro, plata metalica, joyeria)",ARG,Argentina,5015745.0
2017,X,71,"Metales y piedras preciosas (oro, plata metalica, joyeria)",BEL,Belgica,985636.0
2017,X,71,"Metales y piedras preciosas (oro, plata metalica, joyeria)",BRA,Brasil,2467507.0
2017,X,71,"Metales y piedras preciosas (oro, plata metalica, joyeria)",CAN,Canada,44138427.0
2017,X,71,"Metales y piedras preciosas (oro, plata metalica, joyeria)",CHE,Suiza,127236898.0
2017,X,71,"Metales y piedras preciosas (oro, plata metalica, joyeria)",CHL,Chile,874116.0
2017,X,71,"Metales y piedras preciosas (oro, plata metalica, joyeria)",CHN,China,6916239.0
2017,X,71,"Metales y piedras preciosas (oro, plata metalica, joyeria)",COL,Colombia,1431066.0
2017,X,71,"Metales y piedras preciosas (oro, plata metalica, joyeria)",DEU,Alemania,361030.0
2017,X,71,"Metales y piedras preciosas (oro, plata metalica, joyeria)",ECU,Ecuador,253711.0
2017,X,71,"Metales y piedras preciosas (oro, plata metalica, joyeria)",ESP,Espania,3638364.0
2017,X,71,"Metales y piedras preciosas (oro, plata metalica, joyeria)",GBR,Reino Unido,2785030.0
2017,X,71,"Metales y piedras preciosas (oro, plata metalica, joyeria)",IND,India,318379797.0
2017,X,71,"Metales y piedras preciosas (oro, plata metalica, joyeria)",JPN,Japon,2306821.0
2017,X,71,"Metales y piedras preciosas (oro, plata metalica, joyeria)",KOR,Corea del Sur,657079.0
2017,X,71,"Metales y piedras preciosas (oro, plata metalica, joyeria)",NLD,Paises Bajos,889578.0
2017,X,71,"Metales y piedras preciosas (oro, plata metalica, joyeria)",PER,Peru,422146.0
2017,X,71,"Metales y piedras preciosas (oro, plata metalica, joyeria)",ROW,Resto del mundo,136051007.0
2017,X,71,"Metales y piedras preciosas (oro, plata metalica, joyeria)",RUS,Rusia,1220418.0
2017,X,71,"Metales y piedras preciosas (oro, plata metalica, joyeria)",USA,Estados Unidos,109746617.0
2017,X,80,Estanio y sus manufacturas,ARE,Emiratos Arabes Unidos,1763406.0
2017,X,80,Estanio y sus manufacturas,ARG,Argentina,1037684.0
2017,X,80,Estanio y sus manufacturas,BEL,Belgica,38343873.0
2017,X,80,Estanio y sus manufacturas,BRA,Brasil,57345139.0
2017,X,80,Estanio y sus manufacturas,CAN,Canada,161054.0
2017,X,80,Estanio y sus manufacturas,CHE,Suiza,687077.0
2017,X,80,Estanio y sus manufacturas,CHL,Chile,404739.0
2017,X,80,Estanio y sus manufacturas,CHN,China,182587.0
2017,X,80,Estanio y sus manufacturas,COL,Colombia,630755.0
2017,X,80,Estanio y sus manufacturas,DEU,Alemania,634082.0
2017,X,80,Estanio y sus manufacturas,ECU,Ecuador,211693.0
2017,X,80,Estanio y sus manufacturas,ESP,Espania,805838.0
2017,X,80,Estanio y sus manufacturas,GBR,Reino Unido,613336.0
2017,X,80,Estanio y sus manufacturas,IND,India,756096.0
2017,X,80,Estanio y sus manufacturas,KOR,Corea del Sur,4668052.0
2017,X,80,Estanio y sus manufacturas,NLD,Paises Bajos,35855633.0
2017,X,80,Estanio y sus manufacturas,PER,Peru,404378.0
2017,X,80,Estanio y sus manufacturas,ROW,Resto del mundo,127676875.0
2017,X,80,Estanio y sus manufacturas,RUS,Rusia,956754.0
2017,X,80,Estanio y sus manufacturas,USA,Estados Unidos,120129925.0
2017,X,99,Otros productos no especificados,ARE,Emiratos Arabes Unidos,622304.0
2017,X,99,Otros productos no especificados,ARG,Argentina,102412911.0
2017,X,99,Otros productos no especificados,BEL,Belgica,4388208.0
2017,X,99,Otros productos no especificados,BRA,Brasil,142146418.0
2017,X,99,Otros productos no especificados,CAN,Canada,1608454.0
2017,X,99,Otros productos no especificados,CHE,Suiza,2229467.0
2017,X,99,Otros productos no especificados,CHL,Chile,96111506.0
2017,X,99,Otros productos no especificados,CHN,China,131174620.0
2017,X,99,Otros productos no especificados,COL,Colombia,2490268.0
2017,X,99,Otros productos no especificados,DEU,Alemania,1690825.0
2017,X,99,Otros productos no especificados,ECU,Ecuador,3657448.0
2017,X,99,Otros productos no especificados,ESP,Espania,3930450.0
2017,X,99,Otros productos no especificados,GBR,Reino Unido,1382002.0
2017,X,99,Otros productos no especificados,IND,India,2569820.0
2017,X,99,Otros productos no especificados,JPN,Japon,1559083.0
2017,X,99,Otros productos no especificados,KOR,Corea del Sur,5549217.0
2017,X,99,Otros productos no especificados,NLD,Paises Bajos,1354617.0
2017,X,99,Otros productos no especificados,PER,Peru,141436033.0
2017,X,99,Otros productos no especificados,ROW,Resto del mundo,425980079.0
2017,X,99,Otros productos no especificados,RUS,Rusia,364801.0
2017,X,99,Otros productos no especificados,USA,Estados Unidos,238334463.0
2018,M,10,Cereales (trigo),ARG,Argentina,132606805.0
2018,M,10,Cereales (trigo),BRA,Brasil,30027803.0
2018,M,10,Cereales (trigo),ROW,Resto del mundo,71878653.0
2018,M,10,Cereales (trigo),USA,Estados Unidos,65366740.0
2018,M,27,"Combustibles (diesel, gasolinas)",ARG,Argentina,241089345.0
2018,M,27,"Combustibles (diesel, gasolinas)",CHL,Chile,265334310.0
2018,M,27,"Combustibles (diesel, gasolinas)",PER,Peru,123274667.0
2018,M,27,"Combustibles (diesel, gasolinas)",ROW,Resto del mundo,397734262.0
2018,M,27,"Combustibles (diesel, gasolinas)",USA,Estados Unidos,272047416.0
2018,M,30,Productos farmaceuticos,ARG,Argentina,56100780.0
2018,M,30,Productos farmaceuticos,CHN,China,60492126.0
2018,M,30,Productos farmaceuticos,DEU,Alemania,55109119.0
2018,M,30,Productos farmaceuticos,ROW,Resto del mundo,231194447.0
2018,M,30,Productos farmaceuticos,USA,Estados Unidos,96903527.0
2018,M,31,Abonos (fertilizantes),CHN,China,80824621.0
2018,M,31,Abonos (fertilizantes),ROW,Resto del mundo,214175836.0
2018,M,31,Abonos (fertilizantes),RUS,Rusia,55043474.0
2018,M,31,Abonos (fertilizantes),USA,Estados Unidos,49796069.0
2018,M,39,Plasticos y sus manufacturas,BRA,Brasil,149736905.0
2018,M,39,Plasticos y sus manufacturas,CHN,China,168772888.0
2018,M,39,Plasticos y sus manufacturas,ROW,Resto del mundo,294181067.0
2018,M,39,Plasticos y sus manufacturas,USA,Estados Unidos,87029139.0
2018,M,72,"Fundicion, hierro y acero",BRA,Brasil,150708540.0
2018,M,72,"Fundicion, hierro y acero",CHN,China,202067634.0
2018,M,72,"Fundicion, hierro y acero",PER,Peru,75507912.0
2018,M,72,"Fundicion, hierro y acero",ROW,Resto del mundo,271435914.0
2018,M,84,Maquinas y aparatos mecanicos,BRA,Brasil,298763808.0
2018,M,84,Maquinas y aparatos mecanicos,CHN,China,559112631.0
2018,M,84,Maquinas y aparatos mecanicos,DEU,Alemania,135944598.0
2018,M,84,Maquinas y aparatos mecanicos,ROW,Resto del mundo,540813733.0
2018,M,84,Maquinas y aparatos mecanicos,USA,Estados Unidos,264645230.0
2018,M,85,Maquinas y material electrico,BRA,Brasil,145356125.0
2018,M,85,Maquinas y material electrico,CHN,China,509866812.0
2018,M,85,Maquinas y material electrico,ROW,Resto del mundo,428792505.0
2018,M,85,Maquinas y material electrico,USA,Estados Unidos,115504558.0
2018,M,87,Vehiculos automoviles y partes,BRA,Brasil,233521603.0
2018,M,87,Vehiculos automoviles y partes,CHN,China,362273110.0
2018,M,87,Vehiculos automoviles y partes,JPN,Japon,287094487.0
2018,M,87,Vehiculos automoviles y partes,ROW,Resto del mundo,393681477.0
2018,M,87,Vehiculos automoviles y partes,USA,Estados Unidos,122869323.0
2018,M,99,Otros productos no especificados,BRA,Brasil,291989232.0
2018,M,99,Otros productos no especificados,CHN,China,323519020.0
2018,M,99,Otros productos no especificados,PER,Peru,181688886.0
2018,M,99,Otros productos no especificados,ROW,Resto del mundo,722418799.0
2018,M,99,Otros productos no especificados,USA,Estados Unidos,179704063.0
2018,X,02,Carnes (bovina),ARE,Emiratos Arabes Unidos,218737.0
2018,X,02,Carnes (bovina),ARG,Argentina,140840.0
2018,X,02,Carnes (bovina),BEL,Belgica,589608.0
2018,X,02,Carnes (bovina),BRA,Brasil,128501.0
2018,X,02,Carnes (bovina),CAN,Canada,136393.0
2018,X,02,Carnes (bovina),CHL,Chile,444461.0
2018,X,02,Carnes (bovina),CHN,China,75355452.0
2018,X,02,Carnes (bovina),COL,Colombia,237076.0
2018,X,02,Carnes (bovina),ECU,Ecuador,5566220.0
2018,X,02,Carnes (bovina),ESP,Espania,116675.0
2018,X,02,Carnes (bovina),GBR,Reino Unido,132929.0
2018,X,02,Carnes (bovina),JPN,Japon,518574.0
2018,X,02,Carnes (bovina),NLD,Paises Bajos,145740.0
2018,X,02,Carnes (bovina),PER,Peru,10204320.0
2018,X,02,Carnes (bovina),ROW,Resto del mundo,14700073.0
2018,X,02,Carnes (bovina),RUS,Rusia,209537.0
2018,X,02,Carnes (bovina),USA,Estados Unidos,177152.0
2018,X,08,Frutas y frutos (castania / nuez del Brasil),ARE,Emiratos Arabes Unidos,109737.0
2018,X,08,Frutas y frutos (castania / nuez del Brasil),ARG,Argentina,293094.0
2018,X,08,Frutas y frutos (castania / nuez del Brasil),BEL,Belgica,102670.0
2018,X,08,Frutas y frutos (castania / nuez del Brasil),BRA,Brasil,248321.0
2018,X,08,Frutas y frutos (castania / nuez del Brasil),CAN,Canada,280063.0
2018,X,08,Frutas y frutos (castania / nuez del Brasil),CHE,Suiza,194402.0
2018,X,08,Frutas y frutos (castania / nuez del Brasil),CHL,Chile,231894.0
2018,X,08,Frutas y frutos (castania / nuez del Brasil),CHN,China,2292993.0
2018,X,08,Frutas y frutos (castania / nuez del Brasil),COL,Colombia,348159.0
2018,X,08,Frutas y frutos (castania / nuez del Brasil),DEU,Alemania,129666.0
2018,X,08,Frutas y frutos (castania / nuez del Brasil),ESP,Espania,18073269.0
2018,X,08,Frutas y frutos (castania / nuez del Brasil),GBR,Reino Unido,35200706.0
2018,X,08,Frutas y frutos (castania / nuez del Brasil),NLD,Paises Bajos,30980051.0
2018,X,08,Frutas y frutos (castania / nuez del Brasil),PER,Peru,327878.0
2018,X,08,Frutas y frutos (castania / nuez del Brasil),ROW,Resto del mundo,65632858.0
2018,X,08,Frutas y frutos (castania / nuez del Brasil),RUS,Rusia,128567.0
2018,X,08,Frutas y frutos (castania / nuez del Brasil),USA,Estados Unidos,27368404.0
2018,X,12,Semillas oleaginosas (grano de soya),ARG,Argentina,32206200.0
2018,X,12,Semillas oleaginosas (grano de soya),CAN,Canada,323794.0
2018,X,12,Semillas oleaginosas (grano de soya),CHE,Suiza,640971.0
2018,X,12,Semillas oleaginosas (grano de soya),CHL,Chile,903332.0
2018,X,12,Semillas oleaginosas (grano de soya),COL,Colombia,30111084.0
2018,X,12,Semillas oleaginosas (grano de soya),DEU,Alemania,958220.0
2018,X,12,Semillas oleaginosas (grano de soya),GBR,Reino Unido,640164.0
2018,X,12,Semillas oleaginosas (grano de soya),JPN,Japon,707205.0
2018,X,12,Semillas oleaginosas (grano de soya),KOR,Corea del Sur,257752.0
2018,X,12,Semillas oleaginosas (grano de soya),NLD,Paises Bajos,290300.0
2018,X,12,Semillas oleaginosas (grano de soya),PER,Peru,29579835.0
2018,X,12,Semillas oleaginosas (grano de soya),ROW,Resto del mundo,66378727.0
2018,X,12,Semillas oleaginosas (grano de soya),RUS,Rusia,376925.0
2018,X,15,Grasas y aceites (aceite de soya),ARE,Emiratos Arabes Unidos,418953.0
2018,X,15,Grasas y aceites (aceite de soya),ARG,Argentina,565466.0
2018,X,15,Grasas y aceites (aceite de soya),BEL,Belgica,8461068.0
2018,X,15,Grasas y aceites (aceite de soya),BRA,Brasil,457954.0
2018,X,15,Grasas y aceites (aceite de soya),CHL,Chile,34597757.0
2018,X,15,Grasas y aceites (aceite de soya),COL,Colombia,87480163.0
2018,X,15,Grasas y aceites (aceite de soya),DEU,Alemania,184247.0
2018,X,15,Grasas y aceites (aceite de soya),ECU,Ecuador,52939883.0
2018,X,15,Grasas y aceites (aceite de soya),ESP,Espania,494399.0
2018,X,15,Grasas y aceites (aceite de soya),GBR,Reino Unido,149005.0
2018,X,15,Grasas y aceites (aceite de soya),JPN,Japon,110949.0
2018,X,15,Grasas y aceites (aceite de soya),KOR,Corea del Sur,724094.0
2018,X,15,Grasas y aceites (aceite de soya),NLD,Paises Bajos,615785.0
2018,X,15,Grasas y aceites (aceite de soya),PER,Peru,87199371.0
2018,X,15,Grasas y aceites (aceite de soya),ROW,Resto del mundo,88225142.0
2018,X,15,Grasas y aceites (aceite de soya),RUS,Rusia,936824.0
2018,X,15,Grasas y aceites (aceite de soya),USA,Estados Unidos,424634.0
2018,X,23,Residuos de la industria alimentaria (torta de soya),ARE,Emiratos Arabes Unidos,2146764.0
2018,X,23,Residuos de la industria alimentaria (torta de soya),ARG,Argentina,694299.0
2018,X,23,Residuos de la industria alimentaria (torta de soya),BEL,Belgica,192619.0
2018,X,23,Residuos de la industria alimentaria (torta de soya),BRA,Brasil,7008259.0
2018,X,23,Residuos de la industria alimentaria (torta de soya),CAN,Canada,472684.0
2018,X,23,Residuos de la industria alimentaria (torta de soya),CHE,Suiza,5394177.0
2018,X,23,Residuos de la industria alimentaria (torta de soya),CHL,Chile,64783211.0
2018,X,23,Residuos de la industria alimentaria (torta de soya),CHN,China,560900.0
2018,X,23,Residuos de la industria alimentaria (torta de soya),COL,Colombia,229280748.0
2018,X,23,Residuos de la industria alimentaria (torta de soya),DEU,Alemania,1661339.0
2018,X,23,Residuos de la industria alimentaria (torta de soya),ECU,Ecuador,147451753.0
2018,X,23,Residuos de la industria alimentaria (torta de soya),ESP,Espania,290956.0
2018,X,23,Residuos de la industria alimentaria (torta de soya),GBR,Reino Unido,1866980.0
2018,X,23,Residuos de la industria alimentaria (torta de soya),IND,India,409595.0
2018,X,23,Residuos de la industria alimentaria (torta de soya),JPN,Japon,1330462.0
2018,X,23,Residuos de la industria alimentaria (torta de soya),KOR,Corea del Sur,469299.0
2018,X,23,Residuos de la industria alimentaria (torta de soya),NLD,Paises Bajos,1235386.0
2018,X,23,Residuos de la industria alimentaria (torta de soya),PER,Peru,211249772.0
2018,X,23,Residuos de la industria alimentaria (torta de soya),ROW,Resto del mundo,94064822.0
2018,X,23,Residuos de la industria alimentaria (torta de soya),RUS,Rusia,2931481.0
2018,X,23,Residuos de la industria alimentaria (torta de soya),USA,Estados Unidos,519646.0
2018,X,25,"Sal, azufre, boratos (ulexita)",ARE,Emiratos Arabes Unidos,550230.0
2018,X,25,"Sal, azufre, boratos (ulexita)",ARG,Argentina,173244.0
2018,X,25,"Sal, azufre, boratos (ulexita)",BEL,Belgica,153774.0
2018,X,25,"Sal, azufre, boratos (ulexita)",BRA,Brasil,19737205.0
2018,X,25,"Sal, azufre, boratos (ulexita)",CAN,Canada,169085.0
2018,X,25,"Sal, azufre, boratos (ulexita)",CHE,Suiza,197396.0
2018,X,25,"Sal, azufre, boratos (ulexita)",CHN,China,10908771.0
2018,X,25,"Sal, azufre, boratos (ulexita)",DEU,Alemania,296345.0
2018,X,25,"Sal, azufre, boratos (ulexita)",ESP,Espania,578480.0
2018,X,25,"Sal, azufre, boratos (ulexita)",KOR,Corea del Sur,253511.0
2018,X,25,"Sal, azufre, boratos (ulexita)",PER,Peru,146241.0
2018,X,25,"Sal, azufre, boratos (ulexita)",ROW,Resto del mundo,42225371.0
2018,X,25,"Sal, azufre, boratos (ulexita)",USA,Estados Unidos,24334921.0
2018,X,26,"Minerales metaliferos (zinc, plomo, plata en concentrado)",ARE,Emiratos Arabes Unidos,3138954.0
2018,X,26,"Minerales metaliferos (zinc, plomo, plata en concentrado)",ARG,Argentina,1708264.0
2018,X,26,"Minerales metaliferos (zinc, plomo, plata en concentrado)",BEL,Belgica,143605728.0
2018,X,26,"Minerales metaliferos (zinc, plomo, plata en concentrado)",BRA,Brasil,3498059.0
2018,X,26,"Minerales metaliferos (zinc, plomo, plata en concentrado)",CAN,Canada,3941084.0
2018,X,26,"Minerales metaliferos (zinc, plomo, plata en concentrado)",CHE,Suiza,3563768.0
2018,X,26,"Minerales metaliferos (zinc, plomo, plata en concentrado)",CHL,Chile,754859.0
2018,X,26,"Minerales metaliferos (zinc, plomo, plata en concentrado)",CHN,China,314272811.0
2018,X,26,"Minerales metaliferos (zinc, plomo, plata en concentrado)",COL,Colombia,5250627.0
2018,X,26,"Minerales metaliferos (zinc, plomo, plata en concentrado)",DEU,Alemania,1317416.0
2018,X,26,"Minerales metaliferos (zinc, plomo, plata en concentrado)",ECU,Ecuador,4426241.0
2018,X,26,"Minerales metaliferos (zinc, plomo, plata en concentrado)",ESP,Espania,107662699.0
2018,X,26,"Minerales metaliferos (zinc, plomo, plata en concentrado)",GBR,Reino Unido,6622603.0
2018,X,26,"Minerales metaliferos (zinc, plomo, plata en concentrado)",IND,India,150713049.0
2018,X,26,"Minerales metaliferos (zinc, plomo, plata en concentrado)",JPN,Japon,269298835.0
2018,X,26,"Minerales metaliferos (zinc, plomo, plata en concentrado)",KOR,Corea del Sur,159785784.0
2018,X,26,"Minerales metaliferos (zinc, plomo, plata en concentrado)",NLD,Paises Bajos,80985892.0
2018,X,26,"Minerales metaliferos (zinc, plomo, plata en concentrado)",PER,Peru,745899.0
2018,X,26,"Minerales metaliferos (zinc, plomo, plata en concentrado)",ROW,Resto del mundo,183371971.0
2018,X,26,"Minerales metaliferos (zinc, plomo, plata en concentrado)",RUS,Rusia,3317235.0
2018,X,26,"Minerales metaliferos (zinc, plomo, plata en concentrado)",USA,Estados Unidos,8987920.0
2018,X,27,Combustibles minerales (gas natural),ARE,Emiratos Arabes Unidos,627411.0
2018,X,27,Combustibles minerales (gas natural),ARG,Argentina,789282006.0
2018,X,27,Combustibles minerales (gas natural),BEL,Belgica,73046094.0
2018,X,27,Combustibles minerales (gas natural),BRA,Brasil,1781235858.0
2018,X,27,Combustibles minerales (gas natural),CAN,Canada,1061388.0
2018,X,27,Combustibles minerales (gas natural),CHE,Suiza,448664.0
2018,X,27,Combustibles minerales (gas natural),CHL,Chile,2830817.0
2018,X,27,Combustibles minerales (gas natural),CHN,China,2461086.0
2018,X,27,Combustibles minerales (gas natural),COL,Colombia,1461356.0
2018,X,27,Combustibles minerales (gas natural),DEU,Alemania,1317384.0
2018,X,27,Combustibles minerales (gas natural),ECU,Ecuador,1143111.0
2018,X,27,Combustibles minerales (gas natural),ESP,Espania,2521353.0
2018,X,27,Combustibles minerales (gas natural),GBR,Reino Unido,6019848.0
2018,X,27,Combustibles minerales (gas natural),IND,India,643366.0
2018,X,27,Combustibles minerales (gas natural),JPN,Japon,502844.0
2018,X,27,Combustibles minerales (gas natural),KOR,Corea del Sur,4996001.0
2018,X,27,Combustibles minerales (gas natural),NLD,Paises Bajos,285669.0
2018,X,27,Combustibles minerales (gas natural),PER,Peru,716592.0
2018,X,27,Combustibles minerales (gas natural),ROW,Resto del mundo,56838939.0
2018,X,27,Combustibles minerales (gas natural),RUS,Rusia,3482895.0
2018,X,27,Combustibles minerales (gas natural),USA,Estados Unidos,895496.0
2018,X,44,Madera y manufacturas de madera,ARG,Argentina,13929989.0
2018,X,44,Madera y manufacturas de madera,BEL,Belgica,1173228.0
2018,X,44,Madera y manufacturas de madera,CHL,Chile,107421.0
2018,X,44,Madera y manufacturas de madera,CHN,China,237604.0
2018,X,44,Madera y manufacturas de madera,COL,Colombia,138265.0
2018,X,44,Madera y manufacturas de madera,ESP,Espania,250645.0
2018,X,44,Madera y manufacturas de madera,GBR,Reino Unido,108827.0
2018,X,44,Madera y manufacturas de madera,IND,India,303769.0
2018,X,44,Madera y manufacturas de madera,JPN,Japon,163541.0
2018,X,44,Madera y manufacturas de madera,NLD,Paises Bajos,432996.0
2018,X,44,Madera y manufacturas de madera,PER,Peru,9051086.0
2018,X,44,Madera y manufacturas de madera,ROW,Resto del mundo,47184130.0
2018,X,44,Madera y manufacturas de madera,RUS,Rusia,220669.0
2018,X,44,Madera y manufacturas de madera,USA,Estados Unidos,17461126.0
2018,X,71,"Metales y piedras preciosas (oro, plata metalica, joyeria)",ARE,Emiratos Arabes Unidos,197749085.0
2018,X,71,"Metales y piedras preciosas (oro, plata metalica, joyeria)",ARG,Argentina,5933021.0
2018,X,71,"Metales y piedras preciosas (oro, plata metalica, joyeria)",BEL,Belgica,1895227.0
2018,X,71,"Metales y piedras preciosas (oro, plata metalica, joyeria)",BRA,Brasil,7306727.0
2018,X,71,"Metales y piedras preciosas (oro, plata metalica, joyeria)",CAN,Canada,52467949.0
2018,X,71,"Metales y piedras preciosas (oro, plata metalica, joyeria)",CHE,Suiza,153381521.0
2018,X,71,"Metales y piedras preciosas (oro, plata metalica, joyeria)",CHL,Chile,1605144.0
2018,X,71,"Metales y piedras preciosas (oro, plata metalica, joyeria)",CHN,China,571629.0
2018,X,71,"Metales y piedras preciosas (oro, plata metalica, joyeria)",COL,Colombia,2005789.0
2018,X,71,"Metales y piedras preciosas (oro, plata metalica, joyeria)",DEU,Alemania,1665349.0
2018,X,71,"Metales y piedras preciosas (oro, plata metalica, joyeria)",ECU,Ecuador,427927.0
2018,X,71,"Metales y piedras preciosas (oro, plata metalica, joyeria)",ESP,Espania,1824568.0
2018,X,71,"Metales y piedras preciosas (oro, plata metalica, joyeria)",GBR,Reino Unido,1477717.0
2018,X,71,"Metales y piedras preciosas (oro, plata metalica, joyeria)",IND,India,360591223.0
2018,X,71,"Metales y piedras preciosas (oro, plata metalica, joyeria)",JPN,Japon,3958941.0
2018,X,71,"Metales y piedras preciosas (oro, plata metalica, joyeria)",KOR,Corea del Sur,1658978.0
2018,X,71,"Metales y piedras preciosas (oro, plata metalica, joyeria)",NLD,Paises Bajos,1454589.0
2018,X,71,"Metales y piedras preciosas (oro, plata metalica, joyeria)",PER,Peru,577725.0
2018,X,71,"Metales y piedras preciosas (oro, plata metalica, joyeria)",ROW,Resto del mundo,155683299.0
2018,X,71,"Metales y piedras preciosas (oro, plata metalica, joyeria)",RUS,Rusia,1999593.0
2018,X,71,"Metales y piedras preciosas (oro, plata metalica, joyeria)",USA,Estados Unidos,138491269.0
2018,X,80,Estanio y sus manufacturas,ARE,Emiratos Arabes Unidos,489561.0
2018,X,80,Estanio y sus manufacturas,ARG,Argentina,1044879.0
2018,X,80,Estanio y sus manufacturas,BEL,Belgica,45611420.0
2018,X,80,Estanio y sus manufacturas,BRA,Brasil,63099292.0
2018,X,80,Estanio y sus manufacturas,CAN,Canada,680402.0
2018,X,80,Estanio y sus manufacturas,CHE,Suiza,619662.0
2018,X,80,Estanio y sus manufacturas,CHL,Chile,892772.0
2018,X,80,Estanio y sus manufacturas,CHN,China,587753.0
2018,X,80,Estanio y sus manufacturas,COL,Colombia,638839.0
2018,X,80,Estanio y sus manufacturas,DEU,Alemania,434272.0
2018,X,80,Estanio y sus manufacturas,ECU,Ecuador,285505.0
2018,X,80,Estanio y sus manufacturas,ESP,Espania,702034.0
2018,X,80,Estanio y sus manufacturas,GBR,Reino Unido,882025.0
2018,X,80,Estanio y sus manufacturas,IND,India,1966596.0
2018,X,80,Estanio y sus manufacturas,JPN,Japon,1188374.0
2018,X,80,Estanio y sus manufacturas,KOR,Corea del Sur,1777678.0
2018,X,80,Estanio y sus manufacturas,NLD,Paises Bajos,44270665.0
2018,X,80,Estanio y sus manufacturas,PER,Peru,1482358.0
2018,X,80,Estanio y sus manufacturas,ROW,Resto del mundo,153092889.0
2018,X,80,Estanio y sus manufacturas,RUS,Rusia,389381.0
2018,X,80,Estanio y sus manufacturas,USA,Estados Unidos,135166673.0
2018,X,99,Otros productos no especificados,ARE,Emiratos Arabes Unidos,2449697.0
2018,X,99,Otros productos no especificados,ARG,Argentina,112994337.0
2018,X,99,Otros productos no especificados,BEL,Belgica,2051381.0
2018,X,99,Otros productos no especificados,BRA,Brasil,172595818.0
2018,X,99,Otros productos no especificados,CAN,Canada,1121837.0
2018,X,99,Otros productos no especificados,CHE,Suiza,2923224.0
2018,X,99,Otros productos no especificados,CHL,Chile,106607967.0
2018,X,99,Otros productos no especificados,CHN,China,137311812.0
2018,X,99,Otros productos no especificados,COL,Colombia,7885676.0
2018,X,99,Otros productos no especificados,DEU,Alemania,1019838.0
2018,X,99,Otros productos no especificados,ECU,Ecuador,5676780.0
2018,X,99,Otros productos no especificados,ESP,Espania,1793793.0
2018,X,99,Otros productos no especificados,GBR,Reino Unido,4847129.0
2018,X,99,Otros productos no especificados,IND,India,1138345.0
2018,X,99,Otros productos no especificados,JPN,Japon,2688186.0
2018,X,99,Otros productos no especificados,KOR,Corea del Sur,1467100.0
2018,X,99,Otros productos no especificados,NLD,Paises Bajos,3066115.0
2018,X,99,Otros productos no especificados,PER,Peru,141396283.0
2018,X,99,Otros productos no especificados,ROW,Resto del mundo,529531707.0
2018,X,99,Otros productos no especificados,RUS,Rusia,1106311.0
2018,X,99,Otros productos no especificados,USA,Estados Unidos,253720602.0
2019,M,10,Cereales (trigo),ARG,Argentina,127883261.0
2019,M,10,Cereales (trigo),BRA,Brasil,28425362.0
2019,M,10,Cereales (trigo),ROW,Resto del mundo,77730188.0
2019,M,10,Cereales (trigo),USA,Estados Unidos,59511189.0
2019,M,27,"Combustibles (diesel, gasolinas)",ARG,Argentina,235728760.0
2019,M,27,"Combustibles (diesel, gasolinas)",CHL,Chile,270072966.0
2019,M,27,"Combustibles (diesel, gasolinas)",PER,Peru,133705410.0
2019,M,27,"Combustibles (diesel, gasolinas)",ROW,Resto del mundo,397978845.0
2019,M,27,"Combustibles (diesel, gasolinas)",USA,Estados Unidos,234564020.0
2019,M,30,Productos farmaceuticos,ARG,Argentina,47261981.0
2019,M,30,Productos farmaceuticos,CHN,China,60778440.0
2019,M,30,Productos farmaceuticos,DEU,Alemania,58225176.0
2019,M,30,Productos farmaceuticos,ROW,Resto del mundo,238015819.0
2019,M,30,Productos farmaceuticos,USA,Estados Unidos,84968585.0
2019,M,31,Abonos (fertilizantes),CHN,China,73459738.0
2019,M,31,Abonos (fertilizantes),ROW,Resto del mundo,209430582.0
2019,M,31,Abonos (fertilizantes),RUS,Rusia,60377100.0
2019,M,31,Abonos (fertilizantes),USA,Estados Unidos,48132580.0
2019,M,39,Plasticos y sus manufacturas,BRA,Brasil,137325023.0
2019,M,39,Plasticos y sus manufacturas,CHN,China,177124476.0
2019,M,39,Plasticos y sus manufacturas,ROW,Resto del mundo,280747965.0
2019,M,39,Plasticos y sus manufacturas,USA,Estados Unidos,89752536.0
2019,M,72,"Fundicion, hierro y acero",BRA,Brasil,163592430.0
2019,M,72,"Fundicion, hierro y acero",CHN,China,195826417.0
2019,M,72,"Fundicion, hierro y acero",PER,Peru,71741874.0
2019,M,72,"Fundicion, hierro y acero",ROW,Resto del mundo,253789279.0
2019,M,84,Maquinas y aparatos mecanicos,BRA,Brasil,332496491.0
2019,M,84,Maquinas y aparatos mecanicos,CHN,China,520833297.0
2019,M,84,Maquinas y aparatos mecanicos,DEU,Alemania,144091447.0
2019,M,84,Maquinas y aparatos mecanicos,ROW,Resto del mundo,501437641.0
2019,M,84,Maquinas y aparatos mecanicos,USA,Estados Unidos,262441124.0
2019,M,85,Maquinas y material electrico,BRA,Brasil,128983050.0
2019,M,85,Maquinas y material electrico,CHN,China,462152501.0
2019,M,85,Maquinas y material electrico,ROW,Resto del mundo,468007785.0
2019,M,85,Maquinas y material electrico,USA,Estados Unidos,115056664.0
2019,M,87,Vehiculos automoviles y partes,BRA,Brasil,217201204.0
2019,M,87,Vehiculos automoviles y partes,CHN,China,365151216.0
2019,M,87,Vehiculos automoviles y partes,JPN,Japon,243322391.0
2019,M,87,Vehiculos automoviles y partes,ROW,Resto del mundo,398679057.0
2019,M,87,Vehiculos automoviles y partes,USA,Estados Unidos,145546131.0
2019,M,99,Otros productos no especificados,BRA,Brasil,284302791.0
2019,M,99,Otros productos no especificados,CHN,China,321895403.0
2019,M,99,Otros productos no especificados,PER,Peru,160271191.0
2019,M,99,Otros productos no especificados,ROW,Resto del mundo,729174123.0
2019,M,99,Otros productos no especificados,USA,Estados Unidos,167806493.0
2019,X,02,Carnes (bovina),ARE,Emiratos Arabes Unidos,198773.0
2019,X,02,Carnes (bovina),BRA,Brasil,775531.0
2019,X,02,Carnes (bovina),CAN,Canada,230609.0
2019,X,02,Carnes (bovina),CHN,China,86587729.0
2019,X,02,Carnes (bovina),DEU,Alemania,231715.0
2019,X,02,Carnes (bovina),ECU,Ecuador,6017329.0
2019,X,02,Carnes (bovina),ESP,Espania,129440.0
2019,X,02,Carnes (bovina),GBR,Reino Unido,1520642.0
2019,X,02,Carnes (bovina),IND,India,144925.0
2019,X,02,Carnes (bovina),JPN,Japon,192534.0
2019,X,02,Carnes (bovina),NLD,Paises Bajos,199995.0
2019,X,02,Carnes (bovina),PER,Peru,13156278.0
2019,X,02,Carnes (bovina),ROW,Resto del mundo,15747004.0
2019,X,02,Carnes (bovina),USA,Estados Unidos,366552.0
2019,X,08,Frutas y frutos (castania / nuez del Brasil),ARG,Argentina,165343.0
2019,X,08,Frutas y frutos (castania / nuez del Brasil),BRA,Brasil,128592.0
2019,X,08,Frutas y frutos (castania / nuez del Brasil),CAN,Canada,1332666.0
2019,X,08,Frutas y frutos (castania / nuez del Brasil),CHE,Suiza,339116.0
2019,X,08,Frutas y frutos (castania / nuez del Brasil),CHL,Chile,1093733.0
2019,X,08,Frutas y frutos (castania / nuez del Brasil),CHN,China,471122.0
2019,X,08,Frutas y frutos (castania / nuez del Brasil),COL,Colombia,189315.0
2019,X,08,Frutas y frutos (castania / nuez del Brasil),DEU,Alemania,128307.0
2019,X,08,Frutas y frutos (castania / nuez del Brasil),ECU,Ecuador,170514.0
2019,X,08,Frutas y frutos (castania / nuez del Brasil),ESP,Espania,18650096.0
2019,X,08,Frutas y frutos (castania / nuez del Brasil),GBR,Reino Unido,35940840.0
2019,X,08,Frutas y frutos (castania / nuez del Brasil),IND,India,115704.0
2019,X,08,Frutas y frutos (castania / nuez del Brasil),JPN,Japon,361294.0
2019,X,08,Frutas y frutos (castania / nuez del Brasil),KOR,Corea del Sur,361189.0
2019,X,08,Frutas y frutos (castania / nuez del Brasil),NLD,Paises Bajos,35913430.0
2019,X,08,Frutas y frutos (castania / nuez del Brasil),ROW,Resto del mundo,67271541.0
2019,X,08,Frutas y frutos (castania / nuez del Brasil),RUS,Rusia,148788.0
2019,X,08,Frutas y frutos (castania / nuez del Brasil),USA,Estados Unidos,25815963.0
2019,X,12,Semillas oleaginosas (grano de soya),ARE,Emiratos Arabes Unidos,249336.0
2019,X,12,Semillas oleaginosas (grano de soya),ARG,Argentina,32438785.0
2019,X,12,Semillas oleaginosas (grano de soya),BEL,Belgica,787710.0
2019,X,12,Semillas oleaginosas (grano de soya),BRA,Brasil,157239.0
2019,X,12,Semillas oleaginosas (grano de soya),CAN,Canada,677896.0
2019,X,12,Semillas oleaginosas (grano de soya),CHE,Suiza,296245.0
2019,X,12,Semillas oleaginosas (grano de soya),CHL,Chile,939260.0
2019,X,12,Semillas oleaginosas (grano de soya),CHN,China,310124.0
2019,X,12,Semillas oleaginosas (grano de soya),COL,Colombia,33430546.0
2019,X,12,Semillas oleaginosas (grano de soya),DEU,Alemania,540089.0
2019,X,12,Semillas oleaginosas (grano de soya),ECU,Ecuador,114759.0
2019,X,12,Semillas oleaginosas (grano de soya),ESP,Espania,138793.0
2019,X,12,Semillas oleaginosas (grano de soya),GBR,Reino Unido,275741.0
2019,X,12,Semillas oleaginosas (grano de soya),IND,India,278383.0
2019,X,12,Semillas oleaginosas (grano de soya),NLD,Paises Bajos,225987.0
2019,X,12,Semillas oleaginosas (grano de soya),PER,Peru,32676837.0
2019,X,12,Semillas oleaginosas (grano de soya),ROW,Resto del mundo,57640813.0
2019,X,12,Semillas oleaginosas (grano de soya),USA,Estados Unidos,398690.0
2019,X,15,Grasas y aceites (aceite de soya),ARE,Emiratos Arabes Unidos,1879450.0
2019,X,15,Grasas y aceites (aceite de soya),ARG,Argentina,1441584.0
2019,X,15,Grasas y aceites (aceite de soya),BEL,Belgica,187191.0
2019,X,15,Grasas y aceites (aceite de soya),BRA,Brasil,912291.0
2019,X,15,Grasas y aceites (aceite de soya),CHE,Suiza,287268.0
2019,X,15,Grasas y aceites (aceite de soya),CHL,Chile,40024081.0
2019,X,15,Grasas y aceites (aceite de soya),CHN,China,221432.0
2019,X,15,Grasas y aceites (aceite de soya),COL,Colombia,93786241.0
2019,X,15,Grasas y aceites (aceite de soya),DEU,Alemania,495942.0
2019,X,15,Grasas y aceites (aceite de soya),ECU,Ecuador,54991857.0
2019,X,15,Grasas y aceites (aceite de soya),ESP,Espania,296343.0
2019,X,15,Grasas y aceites (aceite de soya),GBR,Reino Unido,816304.0
2019,X,15,Grasas y aceites (aceite de soya),IND,India,444374.0
2019,X,15,Grasas y aceites (aceite de soya),JPN,Japon,1634978.0
2019,X,15,Grasas y aceites (aceite de soya),KOR,Corea del Sur,1694696.0
2019,X,15,Grasas y aceites (aceite de soya),NLD,Paises Bajos,180971.0
2019,X,15,Grasas y aceites (aceite de soya),PER,Peru,80380677.0
2019,X,15,Grasas y aceites (aceite de soya),ROW,Resto del mundo,98856342.0
2019,X,15,Grasas y aceites (aceite de soya),RUS,Rusia,2954180.0
2019,X,15,Grasas y aceites (aceite de soya),USA,Estados Unidos,500167.0
2019,X,23,Residuos de la industria alimentaria (torta de soya),ARE,Emiratos Arabes Unidos,361833.0
2019,X,23,Residuos de la industria alimentaria (torta de soya),ARG,Argentina,2239507.0
2019,X,23,Residuos de la industria alimentaria (torta de soya),BEL,Belgica,386048.0
2019,X,23,Residuos de la industria alimentaria (torta de soya),BRA,Brasil,3916024.0
2019,X,23,Residuos de la industria alimentaria (torta de soya),CAN,Canada,1744314.0
2019,X,23,Residuos de la industria alimentaria (torta de soya),CHE,Suiza,2955019.0
2019,X,23,Residuos de la industria alimentaria (torta de soya),CHL,Chile,66223433.0
2019,X,23,Residuos de la industria alimentaria (torta de soya),CHN,China,1568578.0
2019,X,23,Residuos de la industria alimentaria (torta de soya),COL,Colombia,233664319.0
2019,X,23,Residuos de la industria alimentaria (torta de soya),DEU,Alemania,1699545.0
2019,X,23,Residuos de la industria alimentaria (torta de soya),ECU,Ecuador,168990310.0
2019,X,23,Residuos de la industria alimentaria (torta de soya),ESP,Espania,495872.0
2019,X,23,Residuos de la industria alimentaria (torta de soya),GBR,Reino Unido,1043719.0
2019,X,23,Residuos de la industria alimentaria (torta de soya),IND,India,357479.0
2019,X,23,Residuos de la industria alimentaria (torta de soya),JPN,Japon,320694.0
2019,X,23,Residuos de la industria alimentaria (torta de soya),KOR,Corea del Sur,2120608.0
2019,X,23,Residuos de la industria alimentaria (torta de soya),NLD,Paises Bajos,1265222.0
2019,X,23,Residuos de la industria alimentaria (torta de soya),PER,Peru,211159988.0
2019,X,23,Residuos de la industria alimentaria (torta de soya),ROW,Resto del mundo,84238332.0
2019,X,23,Residuos de la industria alimentaria (torta de soya),RUS,Rusia,1508147.0
2019,X,23,Residuos de la industria alimentaria (torta de soya),USA,Estados Unidos,349064.0
2019,X,25,"Sal, azufre, boratos (ulexita)",BEL,Belgica,296948.0
2019,X,25,"Sal, azufre, boratos (ulexita)",BRA,Brasil,18864142.0
2019,X,25,"Sal, azufre, boratos (ulexita)",CHE,Suiza,242627.0
2019,X,25,"Sal, azufre, boratos (ulexita)",CHL,Chile,210461.0
2019,X,25,"Sal, azufre, boratos (ulexita)",CHN,China,9702831.0
2019,X,25,"Sal, azufre, boratos (ulexita)",COL,Colombia,109156.0
2019,X,25,"Sal, azufre, boratos (ulexita)",DEU,Alemania,176476.0
2019,X,25,"Sal, azufre, boratos (ulexita)",ECU,Ecuador,961150.0
2019,X,25,"Sal, azufre, boratos (ulexita)",IND,India,331256.0
2019,X,25,"Sal, azufre, boratos (ulexita)",JPN,Japon,366507.0
2019,X,25,"Sal, azufre, boratos (ulexita)",KOR,Corea del Sur,165669.0
2019,X,25,"Sal, azufre, boratos (ulexita)",NLD,Paises Bajos,129356.0
2019,X,25,"Sal, azufre, boratos (ulexita)",ROW,Resto del mundo,43716192.0
2019,X,25,"Sal, azufre, boratos (ulexita)",USA,Estados Unidos,23232749.0
2019,X,26,"Minerales metaliferos (zinc, plomo, plata en concentrado)",ARE,Emiratos Arabes Unidos,7841253.0
2019,X,26,"Minerales metaliferos (zinc, plomo, plata en concentrado)",ARG,Argentina,1076233.0
2019,X,26,"Minerales metaliferos (zinc, plomo, plata en concentrado)",BEL,Belgica,154946982.0
2019,X,26,"Minerales metaliferos (zinc, plomo, plata en concentrado)",BRA,Brasil,4100252.0
2019,X,26,"Minerales metaliferos (zinc, plomo, plata en concentrado)",CAN,Canada,1119451.0
2019,X,26,"Minerales metaliferos (zinc, plomo, plata en concentrado)",CHE,Suiza,1963331.0
2019,X,26,"Minerales metaliferos (zinc, plomo, plata en concentrado)",CHL,Chile,10079050.0
2019,X,26,"Minerales metaliferos (zinc, plomo, plata en concentrado)",CHN,China,309677970.0
2019,X,26,"Minerales metaliferos (zinc, plomo, plata en concentrado)",COL,Colombia,926131.0
2019,X,26,"Minerales metaliferos (zinc, plomo, plata en concentrado)",DEU,Alemania,794901.0
2019,X,26,"Minerales metaliferos (zinc, plomo, plata en concentrado)",ECU,Ecuador,1686057.0
2019,X,26,"Minerales metaliferos (zinc, plomo, plata en concentrado)",ESP,Espania,113263430.0
2019,X,26,"Minerales metaliferos (zinc, plomo, plata en concentrado)",GBR,Reino Unido,2239866.0
2019,X,26,"Minerales metaliferos (zinc, plomo, plata en concentrado)",IND,India,145105178.0
2019,X,26,"Minerales metaliferos (zinc, plomo, plata en concentrado)",JPN,Japon,268061062.0
2019,X,26,"Minerales metaliferos (zinc, plomo, plata en concentrado)",KOR,Corea del Sur,183345062.0
2019,X,26,"Minerales metaliferos (zinc, plomo, plata en concentrado)",NLD,Paises Bajos,97564878.0
2019,X,26,"Minerales metaliferos (zinc, plomo, plata en concentrado)",PER,Peru,1569483.0
2019,X,26,"Minerales metaliferos (zinc, plomo, plata en concentrado)",ROW,Resto del mundo,216170654.0
2019,X,26,"Minerales metaliferos (zinc, plomo, plata en concentrado)",RUS,Rusia,1720132.0
2019,X,26,"Minerales metaliferos (zinc, plomo, plata en concentrado)",USA,Estados Unidos,5015718.0
2019,X,27,Combustibles minerales (gas natural),ARE,Emiratos Arabes Unidos,3468308.0
2019,X,27,Combustibles minerales (gas natural),ARG,Argentina,681819057.0
2019,X,27,Combustibles minerales (gas natural),BEL,Belgica,523320.0
2019,X,27,Combustibles minerales (gas natural),BRA,Brasil,1518765046.0
2019,X,27,Combustibles minerales (gas natural),CAN,Canada,13425465.0
2019,X,27,Combustibles minerales (gas natural),CHE,Suiza,4501375.0
2019,X,27,Combustibles minerales (gas natural),CHL,Chile,2961081.0
2019,X,27,Combustibles minerales (gas natural),CHN,China,31371107.0
2019,X,27,Combustibles minerales (gas natural),COL,Colombia,6756689.0
2019,X,27,Combustibles minerales (gas natural),DEU,Alemania,600714.0
2019,X,27,Combustibles minerales (gas natural),ECU,Ecuador,4869575.0
2019,X,27,Combustibles minerales (gas natural),ESP,Espania,8316375.0
2019,X,27,Combustibles minerales (gas natural),GBR,Reino Unido,1736355.0
2019,X,27,Combustibles minerales (gas natural),IND,India,1881404.0
2019,X,27,Combustibles minerales (gas natural),JPN,Japon,831687.0
2019,X,27,Combustibles minerales (gas natural),KOR,Corea del Sur,1850969.0
2019,X,27,Combustibles minerales (gas natural),NLD,Paises Bajos,4962549.0
2019,X,27,Combustibles minerales (gas natural),PER,Peru,399182.0
2019,X,27,Combustibles minerales (gas natural),ROW,Resto del mundo,46104888.0
2019,X,27,Combustibles minerales (gas natural),RUS,Rusia,1744898.0
2019,X,27,Combustibles minerales (gas natural),USA,Estados Unidos,459598.0
2019,X,44,Madera y manufacturas de madera,ARE,Emiratos Arabes Unidos,135855.0
2019,X,44,Madera y manufacturas de madera,ARG,Argentina,11671013.0
2019,X,44,Madera y manufacturas de madera,CAN,Canada,376698.0
2019,X,44,Madera y manufacturas de madera,CHE,Suiza,198375.0
2019,X,44,Madera y manufacturas de madera,CHL,Chile,456329.0
2019,X,44,Madera y manufacturas de madera,CHN,China,300495.0
2019,X,44,Madera y manufacturas de madera,ECU,Ecuador,145089.0
2019,X,44,Madera y manufacturas de madera,IND,India,108388.0
2019,X,44,Madera y manufacturas de madera,KOR,Corea del Sur,116731.0
2019,X,44,Madera y manufacturas de madera,NLD,Paises Bajos,129172.0
2019,X,44,Madera y manufacturas de madera,PER,Peru,9114175.0
2019,X,44,Madera y manufacturas de madera,ROW,Resto del mundo,45654100.0
2019,X,44,Madera y manufacturas de madera,RUS,Rusia,109324.0
2019,X,44,Madera y manufacturas de madera,USA,Estados Unidos,16521617.0
2019,X,71,"Metales y piedras preciosas (oro, plata metalica, joyeria)",ARE,Emiratos Arabes Unidos,220282440.0
2019,X,71,"Metales y piedras preciosas (oro, plata metalica, joyeria)",ARG,Argentina,4374825.0
2019,X,71,"Metales y piedras preciosas (oro, plata metalica, joyeria)",BEL,Belgica,186486.0
2019,X,71,"Metales y piedras preciosas (oro, plata metalica, joyeria)",BRA,Brasil,868260.0
2019,X,71,"Metales y piedras preciosas (oro, plata metalica, joyeria)",CAN,Canada,71376700.0
2019,X,71,"Metales y piedras preciosas (oro, plata metalica, joyeria)",CHE,Suiza,195920924.0
2019,X,71,"Metales y piedras preciosas (oro, plata metalica, joyeria)",CHL,Chile,972650.0
2019,X,71,"Metales y piedras preciosas (oro, plata metalica, joyeria)",CHN,China,1071755.0
2019,X,71,"Metales y piedras preciosas (oro, plata metalica, joyeria)",COL,Colombia,13839344.0
2019,X,71,"Metales y piedras preciosas (oro, plata metalica, joyeria)",DEU,Alemania,3743399.0
2019,X,71,"Metales y piedras preciosas (oro, plata metalica, joyeria)",ECU,Ecuador,2341770.0
2019,X,71,"Metales y piedras preciosas (oro, plata metalica, joyeria)",ESP,Espania,611389.0
2019,X,71,"Metales y piedras preciosas (oro, plata metalica, joyeria)",GBR,Reino Unido,9659768.0
2019,X,71,"Metales y piedras preciosas (oro, plata metalica, joyeria)",IND,India,403700829.0
2019,X,71,"Metales y piedras preciosas (oro, plata metalica, joyeria)",JPN,Japon,381077.0
2019,X,71,"Metales y piedras preciosas (oro, plata metalica, joyeria)",KOR,Corea del Sur,1364424.0
2019,X,71,"Metales y piedras preciosas (oro, plata metalica, joyeria)",NLD,Paises Bajos,433310.0
2019,X,71,"Metales y piedras preciosas (oro, plata metalica, joyeria)",PER,Peru,314288.0
2019,X,71,"Metales y piedras preciosas (oro, plata metalica, joyeria)",ROW,Resto del mundo,174759002.0
2019,X,71,"Metales y piedras preciosas (oro, plata metalica, joyeria)",RUS,Rusia,139385.0
2019,X,71,"Metales y piedras preciosas (oro, plata metalica, joyeria)",USA,Estados Unidos,152230860.0
2019,X,80,Estanio y sus manufacturas,ARE,Emiratos Arabes Unidos,1951817.0
2019,X,80,Estanio y sus manufacturas,ARG,Argentina,232503.0
2019,X,80,Estanio y sus manufacturas,BEL,Belgica,42059620.0
2019,X,80,Estanio y sus manufacturas,BRA,Brasil,63268628.0
2019,X,80,Estanio y sus manufacturas,CAN,Canada,1332438.0
2019,X,80,Estanio y sus manufacturas,CHE,Suiza,1208139.0
2019,X,80,Estanio y sus manufacturas,CHL,Chile,923824.0
2019,X,80,Estanio y sus manufacturas,CHN,China,544666.0
2019,X,80,Estanio y sus manufacturas,COL,Colombia,2438828.0
2019,X,80,Estanio y sus manufacturas,DEU,Alemania,1253860.0
2019,X,80,Estanio y sus manufacturas,ECU,Ecuador,625822.0
2019,X,80,Estanio y sus manufacturas,ESP,Espania,234512.0
2019,X,80,Estanio y sus manufacturas,GBR,Reino Unido,523318.0
2019,X,80,Estanio y sus manufacturas,IND,India,852342.0
2019,X,80,Estanio y sus manufacturas,JPN,Japon,430387.0
2019,X,80,Estanio y sus manufacturas,KOR,Corea del Sur,764564.0
2019,X,80,Estanio y sus manufacturas,NLD,Paises Bajos,36732900.0
2019,X,80,Estanio y sus manufacturas,PER,Peru,1390030.0
2019,X,80,Estanio y sus manufacturas,ROW,Resto del mundo,159645572.0
2019,X,80,Estanio y sus manufacturas,RUS,Rusia,1081575.0
2019,X,80,Estanio y sus manufacturas,USA,Estados Unidos,131994970.0
2019,X,99,Otros productos no especificados,ARE,Emiratos Arabes Unidos,6540913.0
2019,X,99,Otros productos no especificados,ARG,Argentina,130550700.0
2019,X,99,Otros productos no especificados,BEL,Belgica,2641565.0
2019,X,99,Otros productos no especificados,BRA,Brasil,180572569.0
2019,X,99,Otros productos no especificados,CAN,Canada,918313.0
2019,X,99,Otros productos no especificados,CHE,Suiza,1489335.0
2019,X,99,Otros productos no especificados,CHL,Chile,91006254.0
2019,X,99,Otros productos no especificados,CHN,China,128204181.0
2019,X,99,Otros productos no especificados,COL,Colombia,1789872.0
2019,X,99,Otros productos no especificados,DEU,Alemania,2313378.0
2019,X,99,Otros productos no especificados,ECU,Ecuador,3286650.0
2019,X,99,Otros productos no especificados,ESP,Espania,1028334.0
2019,X,99,Otros productos no especificados,GBR,Reino Unido,4222470.0
2019,X,99,Otros productos no especificados,IND,India,927828.0
2019,X,99,Otros productos no especificados,JPN,Japon,1852110.0
2019,X,99,Otros productos no especificados,KOR,Corea del Sur,1862609.0
2019,X,99,Otros productos no especificados,NLD,Paises Bajos,1181529.0
2019,X,99,Otros productos no especificados,PER,Peru,130451818.0
2019,X,99,Otros productos no especificados,ROW,Resto del mundo,462456019.0
2019,X,99,Otros productos no especificados,RUS,Rusia,10433721.0
2019,X,99,Otros productos no especificados,USA,Estados Unidos,252164327.0
2020,M,10,Cereales (trigo),ARG,Argentina,91620795.0
2020,M,10,Cereales (trigo),BRA,Brasil,23517028.0
2020,M,10,Cereales (trigo),ROW,Resto del mundo,56778075.0
2020,M,10,Cereales (trigo),USA,Estados Unidos,40484103.0
2020,M,27,"Combustibles (diesel, gasolinas)",ARG,Argentina,151985414.0
2020,M,27,"Combustibles (diesel, gasolinas)",CHL,Chile,208196223.0
2020,M,27,"Combustibles (diesel, gasolinas)",PER,Peru,93052269.0
2020,M,27,"Combustibles (diesel, gasolinas)",ROW,Resto del mundo,282802459.0
2020,M,27,"Combustibles (diesel, gasolinas)",USA,Estados Unidos,184363635.0
2020,M,30,Productos farmaceuticos,ARG,Argentina,35834566.0
2020,M,30,Productos farmaceuticos,CHN,China,48212381.0
2020,M,30,Productos farmaceuticos,DEU,Alemania,39612077.0
2020,M,30,Productos farmaceuticos,ROW,Resto del mundo,163742912.0
2020,M,30,Productos farmaceuticos,USA,Estados Unidos,66598066.0
2020,M,31,Abonos (fertilizantes),CHN,China,57485114.0
2020,M,31,Abonos (fertilizantes),ROW,Resto del mundo,149364438.0
2020,M,31,Abonos (fertilizantes),RUS,Rusia,42708971.0
2020,M,31,Abonos (fertilizantes),USA,Estados Unidos,33641477.0
2020,M,39,Plasticos y sus manufacturas,BRA,Brasil,104229992.0
2020,M,39,Plasticos y sus manufacturas,CHN,China,121020316.0
2020,M,39,Plasticos y sus manufacturas,ROW,Resto del mundo,216358541.0
2020,M,39,Plasticos y sus manufacturas,USA,Estados Unidos,53991150.0
2020,M,72,"Fundicion, hierro y acero",BRA,Brasil,136264883.0
2020,M,72,"Fundicion, hierro y acero",CHN,China,140389910.0
2020,M,72,"Fundicion, hierro y acero",PER,Peru,47808910.0
2020,M,72,"Fundicion, hierro y acero",ROW,Resto del mundo,171136297.0
2020,M,84,Maquinas y aparatos mecanicos,BRA,Brasil,243257243.0
2020,M,84,Maquinas y aparatos mecanicos,CHN,China,392162474.0
2020,M,84,Maquinas y aparatos mecanicos,DEU,Alemania,104671622.0
2020,M,84,Maquinas y aparatos mecanicos,ROW,Resto del mundo,343054185.0
2020,M,84,Maquinas y aparatos mecanicos,USA,Estados Unidos,191254476.0
2020,M,85,Maquinas y material electrico,BRA,Brasil,106088139.0
2020,M,85,Maquinas y material electrico,CHN,China,340421303.0
2020,M,85,Maquinas y material electrico,ROW,Resto del mundo,318493662.0
2020,M,85,Maquinas y material electrico,USA,Estados Unidos,84596896.0
2020,M,87,Vehiculos automoviles y partes,BRA,Brasil,145001774.0
2020,M,87,Vehiculos automoviles y partes,CHN,China,290244242.0
2020,M,87,Vehiculos automoviles y partes,JPN,Japon,201492502.0
2020,M,87,Vehiculos automoviles y partes,ROW,Resto del mundo,257256116.0
2020,M,87,Vehiculos automoviles y partes,USA,Estados Unidos,97205366.0
2020,M,99,Otros productos no especificados,BRA,Brasil,177901758.0
2020,M,99,Otros productos no especificados,CHN,China,249962157.0
2020,M,99,Otros productos no especificados,PER,Peru,119482356.0
2020,M,99,Otros productos no especificados,ROW,Resto del mundo,541346075.0
2020,M,99,Otros productos no especificados,USA,Estados Unidos,114907654.0
2020,X,02,Carnes (bovina),ARE,Emiratos Arabes Unidos,212920.0
2020,X,02,Carnes (bovina),ARG,Argentina,115817.0
2020,X,02,Carnes (bovina),BEL,Belgica,146954.0
2020,X,02,Carnes (bovina),BRA,Brasil,503766.0
2020,X,02,Carnes (bovina),CAN,Canada,248687.0
2020,X,02,Carnes (bovina),CHE,Suiza,183133.0
2020,X,02,Carnes (bovina),CHN,China,76517924.0
2020,X,02,Carnes (bovina),COL,Colombia,937219.0
2020,X,02,Carnes (bovina),ECU,Ecuador,5844668.0
2020,X,02,Carnes (bovina),ESP,Espania,163830.0
2020,X,02,Carnes (bovina),GBR,Reino Unido,319495.0
2020,X,02,Carnes (bovina),IND,India,827586.0
2020,X,02,Carnes (bovina),PER,Peru,11273800.0
2020,X,02,Carnes (bovina),ROW,Resto del mundo,16501962.0
2020,X,02,Carnes (bovina),RUS,Rusia,162424.0
2020,X,02,Carnes (bovina),USA,Estados Unidos,100823.0
2020,X,08,Frutas y frutos (castania / nuez del Brasil),ARE,Emiratos Arabes Unidos,728876.0
2020,X,08,Frutas y frutos (castania / nuez del Brasil),ARG,Argentina,364772.0
2020,X,08,Frutas y frutos (castania / nuez del Brasil),BEL,Belgica,257135.0
2020,X,08,Frutas y frutos (castania / nuez del Brasil),CAN,Canada,106713.0
2020,X,08,Frutas y frutos (castania / nuez del Brasil),CHE,Suiza,263117.0
2020,X,08,Frutas y frutos (castania / nuez del Brasil),CHL,Chile,218782.0
2020,X,08,Frutas y frutos (castania / nuez del Brasil),CHN,China,323999.0
2020,X,08,Frutas y frutos (castania / nuez del Brasil),COL,Colombia,241875.0
2020,X,08,Frutas y frutos (castania / nuez del Brasil),DEU,Alemania,521568.0
2020,X,08,Frutas y frutos (castania / nuez del Brasil),ECU,Ecuador,579840.0
2020,X,08,Frutas y frutos (castania / nuez del Brasil),ESP,Espania,17661377.0
2020,X,08,Frutas y frutos (castania / nuez del Brasil),GBR,Reino Unido,30669482.0
2020,X,08,Frutas y frutos (castania / nuez del Brasil),IND,India,254053.0
2020,X,08,Frutas y frutos (castania / nuez del Brasil),KOR,Corea del Sur,231040.0
2020,X,08,Frutas y frutos (castania / nuez del Brasil),NLD,Paises Bajos,27702504.0
2020,X,08,Frutas y frutos (castania / nuez del Brasil),PER,Peru,922776.0
2020,X,08,Frutas y frutos (castania / nuez del Brasil),ROW,Resto del mundo,56182977.0
2020,X,08,Frutas y frutos (castania / nuez del Brasil),USA,Estados Unidos,19969660.0
2020,X,12,Semillas oleaginosas (grano de soya),ARE,Emiratos Arabes Unidos,523390.0
2020,X,12,Semillas oleaginosas (grano de soya),ARG,Argentina,26092381.0
2020,X,12,Semillas oleaginosas (grano de soya),BEL,Belgica,229708.0
2020,X,12,Semillas oleaginosas (grano de soya),BRA,Brasil,187387.0
2020,X,12,Semillas oleaginosas (grano de soya),CAN,Canada,205054.0
2020,X,12,Semillas oleaginosas (grano de soya),CHE,Suiza,221609.0
2020,X,12,Semillas oleaginosas (grano de soya),CHL,Chile,169460.0
2020,X,12,Semillas oleaginosas (grano de soya),CHN,China,357152.0
2020,X,12,Semillas oleaginosas (grano de soya),COL,Colombia,25568337.0
2020,X,12,Semillas oleaginosas (grano de soya),DEU,Alemania,286399.0
2020,X,12,Semillas oleaginosas (grano de soya),ECU,Ecuador,359138.0
2020,X,12,Semillas oleaginosas (grano de soya),ESP,Espania,155602.0
2020,X,12,Semillas oleaginosas (grano de soya),IND,India,347706.0
2020,X,12,Semillas oleaginosas (grano de soya),JPN,Japon,138300.0
2020,X,12,Semillas oleaginosas (grano de soya),NLD,Paises Bajos,144572.0
2020,X,12,Semillas oleaginosas (grano de soya),PER,Peru,25246620.0
2020,X,12,Semillas oleaginosas (grano de soya),ROW,Resto del mundo,47974040.0
2020,X,12,Semillas oleaginosas (grano de soya),RUS,Rusia,351601.0
2020,X,15,Grasas y aceites (aceite de soya),ARE,Emiratos Arabes Unidos,919460.0
2020,X,15,Grasas y aceites (aceite de soya),ARG,Argentina,222366.0
2020,X,15,Grasas y aceites (aceite de soya),BRA,Brasil,339053.0
2020,X,15,Grasas y aceites (aceite de soya),CAN,Canada,528747.0
2020,X,15,Grasas y aceites (aceite de soya),CHE,Suiza,249085.0
2020,X,15,Grasas y aceites (aceite de soya),CHL,Chile,31671503.0
2020,X,15,Grasas y aceites (aceite de soya),CHN,China,652156.0
2020,X,15,Grasas y aceites (aceite de soya),COL,Colombia,76730396.0
2020,X,15,Grasas y aceites (aceite de soya),DEU,Alemania,356152.0
2020,X,15,Grasas y aceites (aceite de soya),ECU,Ecuador,48964326.0
2020,X,15,Grasas y aceites (aceite de soya),ESP,Espania,2927131.0
2020,X,15,Grasas y aceites (aceite de soya),GBR,Reino Unido,1238173.0
2020,X,15,Grasas y aceites (aceite de soya),IND,India,216120.0
2020,X,15,Grasas y aceites (aceite de soya),JPN,Japon,977439.0
2020,X,15,Grasas y aceites (aceite de soya),KOR,Corea del Sur,564298.0
2020,X,15,Grasas y aceites (aceite de soya),NLD,Paises Bajos,145505.0
2020,X,15,Grasas y aceites (aceite de soya),PER,Peru,76518166.0
2020,X,15,Grasas y aceites (aceite de soya),ROW,Resto del mundo,77213002.0
2020,X,15,Grasas y aceites (aceite de soya),RUS,Rusia,568449.0
2020,X,15,Grasas y aceites (aceite de soya),USA,Estados Unidos,796833.0
2020,X,23,Residuos de la industria alimentaria (torta de soya),ARE,Emiratos Arabes Unidos,973924.0
2020,X,23,Residuos de la industria alimentaria (torta de soya),ARG,Argentina,346770.0
2020,X,23,Residuos de la industria alimentaria (torta de soya),BEL,Belgica,458675.0
2020,X,23,Residuos de la industria alimentaria (torta de soya),BRA,Brasil,2302755.0
2020,X,23,Residuos de la industria alimentaria (torta de soya),CAN,Canada,959376.0
2020,X,23,Residuos de la industria alimentaria (torta de soya),CHE,Suiza,585008.0
2020,X,23,Residuos de la industria alimentaria (torta de soya),CHL,Chile,52356312.0
2020,X,23,Residuos de la industria alimentaria (torta de soya),CHN,China,1177737.0
2020,X,23,Residuos de la industria alimentaria (torta de soya),COL,Colombia,196714694.0
2020,X,23,Residuos de la industria alimentaria (torta de soya),DEU,Alemania,1464154.0
2020,X,23,Residuos de la industria alimentaria (torta de soya),ECU,Ecuador,115506141.0
2020,X,23,Residuos de la industria alimentaria (torta de soya),ESP,Espania,3714395.0
2020,X,23,Residuos de la industria alimentaria (torta de soya),GBR,Reino Unido,2070569.0
2020,X,23,Residuos de la industria alimentaria (torta de soya),IND,India,632457.0
2020,X,23,Residuos de la industria alimentaria (torta de soya),JPN,Japon,1046738.0
2020,X,23,Residuos de la industria alimentaria (torta de soya),KOR,Corea del Sur,920115.0
2020,X,23,Residuos de la industria alimentaria (torta de soya),NLD,Paises Bajos,2423528.0
2020,X,23,Residuos de la industria alimentaria (torta de soya),PER,Peru,186085299.0
2020,X,23,Residuos de la industria alimentaria (torta de soya),ROW,Resto del mundo,72914881.0
2020,X,23,Residuos de la industria alimentaria (torta de soya),RUS,Rusia,447527.0
2020,X,23,Residuos de la industria alimentaria (torta de soya),USA,Estados Unidos,602651.0
2020,X,25,"Sal, azufre, boratos (ulexita)",BEL,Belgica,578083.0
2020,X,25,"Sal, azufre, boratos (ulexita)",BRA,Brasil,15556832.0
2020,X,25,"Sal, azufre, boratos (ulexita)",CHL,Chile,313580.0
2020,X,25,"Sal, azufre, boratos (ulexita)",CHN,China,9091088.0
2020,X,25,"Sal, azufre, boratos (ulexita)",DEU,Alemania,245444.0
2020,X,25,"Sal, azufre, boratos (ulexita)",PER,Peru,187681.0
2020,X,25,"Sal, azufre, boratos (ulexita)",ROW,Resto del mundo,34908525.0
2020,X,25,"Sal, azufre, boratos (ulexita)",USA,Estados Unidos,17059371.0
2020,X,26,"Minerales metaliferos (zinc, plomo, plata en concentrado)",ARE,Emiratos Arabes Unidos,2337772.0
2020,X,26,"Minerales metaliferos (zinc, plomo, plata en concentrado)",ARG,Argentina,600368.0
2020,X,26,"Minerales metaliferos (zinc, plomo, plata en concentrado)",BEL,Belgica,127682915.0
2020,X,26,"Minerales metaliferos (zinc, plomo, plata en concentrado)",BRA,Brasil,1263756.0
2020,X,26,"Minerales metaliferos (zinc, plomo, plata en concentrado)",CAN,Canada,1700887.0
2020,X,26,"Minerales metaliferos (zinc, plomo, plata en concentrado)",CHE,Suiza,4551733.0
2020,X,26,"Minerales metaliferos (zinc, plomo, plata en concentrado)",CHL,Chile,1315049.0
2020,X,26,"Minerales metaliferos (zinc, plomo, plata en concentrado)",CHN,China,278868457.0
2020,X,26,"Minerales metaliferos (zinc, plomo, plata en concentrado)",COL,Colombia,1771472.0
2020,X,26,"Minerales metaliferos (zinc, plomo, plata en concentrado)",DEU,Alemania,3105116.0
2020,X,26,"Minerales metaliferos (zinc, plomo, plata en concentrado)",ECU,Ecuador,1945740.0
2020,X,26,"Minerales metaliferos (zinc, plomo, plata en concentrado)",ESP,Espania,97427071.0
2020,X,26,"Minerales metaliferos (zinc, plomo, plata en concentrado)",GBR,Reino Unido,4798825.0
2020,X,26,"Minerales metaliferos (zinc, plomo, plata en concentrado)",IND,India,124785340.0
2020,X,26,"Minerales metaliferos (zinc, plomo, plata en concentrado)",JPN,Japon,205228028.0
2020,X,26,"Minerales metaliferos (zinc, plomo, plata en concentrado)",KOR,Corea del Sur,163447167.0
2020,X,26,"Minerales metaliferos (zinc, plomo, plata en concentrado)",NLD,Paises Bajos,82853827.0
2020,X,26,"Minerales metaliferos (zinc, plomo, plata en concentrado)",PER,Peru,486976.0
2020,X,26,"Minerales metaliferos (zinc, plomo, plata en concentrado)",ROW,Resto del mundo,175734107.0
2020,X,26,"Minerales metaliferos (zinc, plomo, plata en concentrado)",RUS,Rusia,6069798.0
2020,X,26,"Minerales metaliferos (zinc, plomo, plata en concentrado)",USA,Estados Unidos,1433005.0
2020,X,27,Combustibles minerales (gas natural),ARE,Emiratos Arabes Unidos,1206521.0
2020,X,27,Combustibles minerales (gas natural),ARG,Argentina,224894301.0
2020,X,27,Combustibles minerales (gas natural),BEL,Belgica,1442384.0
2020,X,27,Combustibles minerales (gas natural),BRA,Brasil,1257969406.0
2020,X,27,Combustibles minerales (gas natural),CAN,Canada,1239207.0
2020,X,27,Combustibles minerales (gas natural),CHE,Suiza,1478172.0
2020,X,27,Combustibles minerales (gas natural),CHL,Chile,2388470.0
2020,X,27,Combustibles minerales (gas natural),CHN,China,2913869.0
2020,X,27,Combustibles minerales (gas natural),COL,Colombia,3224923.0
2020,X,27,Combustibles minerales (gas natural),DEU,Alemania,1856357.0
2020,X,27,Combustibles minerales (gas natural),ECU,Ecuador,2641059.0
2020,X,27,Combustibles minerales (gas natural),ESP,Espania,7351359.0
2020,X,27,Combustibles minerales (gas natural),GBR,Reino Unido,313770.0
2020,X,27,Combustibles minerales (gas natural),IND,India,16262335.0
2020,X,27,Combustibles minerales (gas natural),JPN,Japon,469883.0
2020,X,27,Combustibles minerales (gas natural),KOR,Corea del Sur,1492190.0
2020,X,27,Combustibles minerales (gas natural),NLD,Paises Bajos,3609764.0
2020,X,27,Combustibles minerales (gas natural),PER,Peru,1530851.0
2020,X,27,Combustibles minerales (gas natural),ROW,Resto del mundo,33391057.0
2020,X,27,Combustibles minerales (gas natural),RUS,Rusia,6948126.0
2020,X,27,Combustibles minerales (gas natural),USA,Estados Unidos,873938.0
2020,X,44,Madera y manufacturas de madera,ARE,Emiratos Arabes Unidos,143798.0
2020,X,44,Madera y manufacturas de madera,ARG,Argentina,9407022.0
2020,X,44,Madera y manufacturas de madera,BRA,Brasil,540484.0
2020,X,44,Madera y manufacturas de madera,CHE,Suiza,146834.0
2020,X,44,Madera y manufacturas de madera,ECU,Ecuador,120170.0
2020,X,44,Madera y manufacturas de madera,IND,India,196721.0
2020,X,44,Madera y manufacturas de madera,KOR,Corea del Sur,150016.0
2020,X,44,Madera y manufacturas de madera,PER,Peru,6671360.0
2020,X,44,Madera y manufacturas de madera,ROW,Resto del mundo,34406338.0
2020,X,44,Madera y manufacturas de madera,USA,Estados Unidos,11991922.0
2020,X,71,"Metales y piedras preciosas (oro, plata metalica, joyeria)",ARE,Emiratos Arabes Unidos,190173639.0
2020,X,71,"Metales y piedras preciosas (oro, plata metalica, joyeria)",ARG,Argentina,910241.0
2020,X,71,"Metales y piedras preciosas (oro, plata metalica, joyeria)",BEL,Belgica,1824547.0
2020,X,71,"Metales y piedras preciosas (oro, plata metalica, joyeria)",BRA,Brasil,1631418.0
2020,X,71,"Metales y piedras preciosas (oro, plata metalica, joyeria)",CAN,Canada,57232746.0
2020,X,71,"Metales y piedras preciosas (oro, plata metalica, joyeria)",CHE,Suiza,168898412.0
2020,X,71,"Metales y piedras preciosas (oro, plata metalica, joyeria)",CHL,Chile,807090.0
2020,X,71,"Metales y piedras preciosas (oro, plata metalica, joyeria)",COL,Colombia,3759435.0
2020,X,71,"Metales y piedras preciosas (oro, plata metalica, joyeria)",DEU,Alemania,339946.0
2020,X,71,"Metales y piedras preciosas (oro, plata metalica, joyeria)",ECU,Ecuador,4401520.0
2020,X,71,"Metales y piedras preciosas (oro, plata metalica, joyeria)",ESP,Espania,1515623.0
2020,X,71,"Metales y piedras preciosas (oro, plata metalica, joyeria)",GBR,Reino Unido,706819.0
2020,X,71,"Metales y piedras preciosas (oro, plata metalica, joyeria)",IND,India,397734149.0
2020,X,71,"Metales y piedras preciosas (oro, plata metalica, joyeria)",JPN,Japon,472416.0
2020,X,71,"Metales y piedras preciosas (oro, plata metalica, joyeria)",KOR,Corea del Sur,16298736.0
2020,X,71,"Metales y piedras preciosas (oro, plata metalica, joyeria)",NLD,Paises Bajos,122741.0
2020,X,71,"Metales y piedras preciosas (oro, plata metalica, joyeria)",PER,Peru,2185315.0
2020,X,71,"Metales y piedras preciosas (oro, plata metalica, joyeria)",ROW,Resto del mundo,163642437.0
2020,X,71,"Metales y piedras preciosas (oro, plata metalica, joyeria)",RUS,Rusia,846409.0
2020,X,71,"Metales y piedras preciosas (oro, plata metalica, joyeria)",USA,Estados Unidos,130784478.0
2020,X,80,Estanio y sus manufacturas,ARE,Emiratos Arabes Unidos,267957.0
2020,X,80,Estanio y sus manufacturas,ARG,Argentina,106733.0
2020,X,80,Estanio y sus manufacturas,BEL,Belgica,37943949.0
2020,X,80,Estanio y sus manufacturas,BRA,Brasil,50596200.0
2020,X,80,Estanio y sus manufacturas,CAN,Canada,2490392.0
2020,X,80,Estanio y sus manufacturas,CHE,Suiza,1814852.0
2020,X,80,Estanio y sus manufacturas,CHL,Chile,258878.0
2020,X,80,Estanio y sus manufacturas,COL,Colombia,559361.0
2020,X,80,Estanio y sus manufacturas,DEU,Alemania,595772.0
2020,X,80,Estanio y sus manufacturas,ECU,Ecuador,784491.0
2020,X,80,Estanio y sus manufacturas,ESP,Espania,920905.0
2020,X,80,Estanio y sus manufacturas,GBR,Reino Unido,392807.0
2020,X,80,Estanio y sus manufacturas,IND,India,335390.0
2020,X,80,Estanio y sus manufacturas,JPN,Japon,613360.0
2020,X,80,Estanio y sus manufacturas,KOR,Corea del Sur,255035.0
2020,X,80,Estanio y sus manufacturas,NLD,Paises Bajos,38138463.0
2020,X,80,Estanio y sus manufacturas,PER,Peru,235790.0
2020,X,80,Estanio y sus manufacturas,ROW,Resto del mundo,124553674.0
2020,X,80,Estanio y sus manufacturas,RUS,Rusia,163535.0
2020,X,80,Estanio y sus manufacturas,USA,Estados Unidos,96536936.0
2020,X,99,Otros productos no especificados,ARE,Emiratos Arabes Unidos,6986039.0
2020,X,99,Otros productos no especificados,ARG,Argentina,89668898.0
2020,X,99,Otros productos no especificados,BEL,Belgica,703383.0
2020,X,99,Otros productos no especificados,BRA,Brasil,121536848.0
2020,X,99,Otros productos no especificados,CAN,Canada,7840634.0
2020,X,99,Otros productos no especificados,CHE,Suiza,3976783.0
2020,X,99,Otros productos no especificados,CHL,Chile,72290331.0
2020,X,99,Otros productos no especificados,CHN,China,106882939.0
2020,X,99,Otros productos no especificados,COL,Colombia,1573090.0
2020,X,99,Otros productos no especificados,DEU,Alemania,286492.0
2020,X,99,Otros productos no especificados,ECU,Ecuador,1348930.0
2020,X,99,Otros productos no especificados,ESP,Espania,2778063.0
2020,X,99,Otros productos no especificados,GBR,Reino Unido,356873.0
2020,X,99,Otros productos no especificados,IND,India,1995010.0
2020,X,99,Otros productos no especificados,JPN,Japon,725009.0
2020,X,99,Otros productos no especificados,KOR,Corea del Sur,2372072.0
2020,X,99,Otros productos no especificados,NLD,Paises Bajos,1701146.0
2020,X,99,Otros productos no especificados,PER,Peru,105219738.0
2020,X,99,Otros productos no especificados,ROW,Resto del mundo,355790392.0
2020,X,99,Otros productos no especificados,RUS,Rusia,503032.0
2020,X,99,Otros productos no especificados,USA,Estados Unidos,195456068.0
2021,M,10,Cereales (trigo),ARG,Argentina,128785799.0
2021,M,10,Cereales (trigo),BRA,Brasil,25458849.0
2021,M,10,Cereales (trigo),ROW,Resto del mundo,66411257.0
2021,M,10,Cereales (trigo),USA,Estados Unidos,50964094.0
2021,M,27,"Combustibles (diesel, gasolinas)",ARG,Argentina,220501248.0
2021,M,27,"Combustibles (diesel, gasolinas)",CHL,Chile,260834750.0
2021,M,27,"Combustibles (diesel, gasolinas)",PER,Peru,108888523.0
2021,M,27,"Combustibles (diesel, gasolinas)",ROW,Resto del mundo,362768863.0
2021,M,27,"Combustibles (diesel, gasolinas)",USA,Estados Unidos,224026616.0
2021,M,30,Productos farmaceuticos,ARG,Argentina,47730824.0
2021,M,30,Productos farmaceuticos,CHN,China,51733873.0
2021,M,30,Productos farmaceuticos,DEU,Alemania,55272143.0
2021,M,30,Productos farmaceuticos,ROW,Resto del mundo,217695262.0
2021,M,30,Productos farmaceuticos,USA,Estados Unidos,80267898.0
2021,M,31,Abonos (fertilizantes),CHN,China,70969987.0
2021,M,31,Abonos (fertilizantes),ROW,Resto del mundo,189956853.0
2021,M,31,Abonos (fertilizantes),RUS,Rusia,61962377.0
2021,M,31,Abonos (fertilizantes),USA,Estados Unidos,39270784.0
2021,M,39,Plasticos y sus manufacturas,BRA,Brasil,122094477.0
2021,M,39,Plasticos y sus manufacturas,CHN,China,165082334.0
2021,M,39,Plasticos y sus manufacturas,ROW,Resto del mundo,275809615.0
2021,M,39,Plasticos y sus manufacturas,USA,Estados Unidos,70793575.0
2021,M,72,"Fundicion, hierro y acero",BRA,Brasil,162380138.0
2021,M,72,"Fundicion, hierro y acero",CHN,China,196056699.0
2021,M,72,"Fundicion, hierro y acero",PER,Peru,61269352.0
2021,M,72,"Fundicion, hierro y acero",ROW,Resto del mundo,214073811.0
2021,M,84,Maquinas y aparatos mecanicos,BRA,Brasil,279599401.0
2021,M,84,Maquinas y aparatos mecanicos,CHN,China,487680253.0
2021,M,84,Maquinas y aparatos mecanicos,DEU,Alemania,141468589.0
2021,M,84,Maquinas y aparatos mecanicos,ROW,Resto del mundo,463008143.0
2021,M,84,Maquinas y aparatos mecanicos,USA,Estados Unidos,257963614.0
2021,M,85,Maquinas y material electrico,BRA,Brasil,128337416.0
2021,M,85,Maquinas y material electrico,CHN,China,423639213.0
2021,M,85,Maquinas y material electrico,ROW,Resto del mundo,431200742.0
2021,M,85,Maquinas y material electrico,USA,Estados Unidos,103302629.0
2021,M,87,Vehiculos automoviles y partes,BRA,Brasil,220482597.0
2021,M,87,Vehiculos automoviles y partes,CHN,China,338812886.0
2021,M,87,Vehiculos automoviles y partes,JPN,Japon,231293349.0
2021,M,87,Vehiculos automoviles y partes,ROW,Resto del mundo,354191561.0
2021,M,87,Vehiculos automoviles y partes,USA,Estados Unidos,122779608.0
2021,M,99,Otros productos no especificados,BRA,Brasil,258187540.0
2021,M,99,Otros productos no especificados,CHN,China,311906911.0
2021,M,99,Otros productos no especificados,PER,Peru,165426307.0
2021,M,99,Otros productos no especificados,ROW,Resto del mundo,649133316.0
2021,M,99,Otros productos no especificados,USA,Estados Unidos,154525926.0
2021,X,02,Carnes (bovina),ARG,Argentina,544550.0
2021,X,02,Carnes (bovina),BRA,Brasil,334748.0
2021,X,02,Carnes (bovina),CAN,Canada,226045.0
2021,X,02,Carnes (bovina),CHE,Suiza,160421.0
2021,X,02,Carnes (bovina),CHL,Chile,133374.0
2021,X,02,Carnes (bovina),CHN,China,141473742.0
2021,X,02,Carnes (bovina),COL,Colombia,341776.0
2021,X,02,Carnes (bovina),DEU,Alemania,805130.0
2021,X,02,Carnes (bovina),ECU,Ecuador,9261338.0
2021,X,02,Carnes (bovina),ESP,Espania,356297.0
2021,X,02,Carnes (bovina),GBR,Reino Unido,204503.0
2021,X,02,Carnes (bovina),IND,India,270516.0
2021,X,02,Carnes (bovina),JPN,Japon,1266858.0
2021,X,02,Carnes (bovina),NLD,Paises Bajos,644106.0
2021,X,02,Carnes (bovina),PER,Peru,19097227.0
2021,X,02,Carnes (bovina),ROW,Resto del mundo,26197187.0
2021,X,02,Carnes (bovina),RUS,Rusia,708560.0
2021,X,08,Frutas y frutos (castania / nuez del Brasil),ARE,Emiratos Arabes Unidos,363030.0
2021,X,08,Frutas y frutos (castania / nuez del Brasil),ARG,Argentina,212061.0
2021,X,08,Frutas y frutos (castania / nuez del Brasil),BEL,Belgica,485620.0
2021,X,08,Frutas y frutos (castania / nuez del Brasil),BRA,Brasil,489036.0
2021,X,08,Frutas y frutos (castania / nuez del Brasil),CAN,Canada,473410.0
2021,X,08,Frutas y frutos (castania / nuez del Brasil),CHE,Suiza,327061.0
2021,X,08,Frutas y frutos (castania / nuez del Brasil),CHN,China,152358.0
2021,X,08,Frutas y frutos (castania / nuez del Brasil),COL,Colombia,110200.0
2021,X,08,Frutas y frutos (castania / nuez del Brasil),DEU,Alemania,342963.0
2021,X,08,Frutas y frutos (castania / nuez del Brasil),ECU,Ecuador,283340.0
2021,X,08,Frutas y frutos (castania / nuez del Brasil),ESP,Espania,22698644.0
2021,X,08,Frutas y frutos (castania / nuez del Brasil),GBR,Reino Unido,51086187.0
2021,X,08,Frutas y frutos (castania / nuez del Brasil),IND,India,218615.0
2021,X,08,Frutas y frutos (castania / nuez del Brasil),JPN,Japon,628193.0
2021,X,08,Frutas y frutos (castania / nuez del Brasil),KOR,Corea del Sur,674900.0
2021,X,08,Frutas y frutos (castania / nuez del Brasil),NLD,Paises Bajos,41126509.0
2021,X,08,Frutas y frutos (castania / nuez del Brasil),PER,Peru,296015.0
2021,X,08,Frutas y frutos (castania / nuez del Brasil),ROW,Resto del mundo,83994002.0
2021,X,08,Frutas y frutos (castania / nuez del Brasil),RUS,Rusia,917675.0
2021,X,08,Frutas y frutos (castania / nuez del Brasil),USA,Estados Unidos,36810668.0
2021,X,12,Semillas oleaginosas (grano de soya),ARE,Emiratos Arabes Unidos,219444.0
2021,X,12,Semillas oleaginosas (grano de soya),ARG,Argentina,40756274.0
2021,X,12,Semillas oleaginosas (grano de soya),BEL,Belgica,111271.0
2021,X,12,Semillas oleaginosas (grano de soya),BRA,Brasil,121107.0
2021,X,12,Semillas oleaginosas (grano de soya),CAN,Canada,299821.0
2021,X,12,Semillas oleaginosas (grano de soya),CHE,Suiza,147598.0
2021,X,12,Semillas oleaginosas (grano de soya),CHL,Chile,151787.0
2021,X,12,Semillas oleaginosas (grano de soya),COL,Colombia,38754981.0
2021,X,12,Semillas oleaginosas (grano de soya),DEU,Alemania,316160.0
2021,X,12,Semillas oleaginosas (grano de soya),ECU,Ecuador,508659.0
2021,X,12,Semillas oleaginosas (grano de soya),ESP,Espania,575795.0
2021,X,12,Semillas oleaginosas (grano de soya),GBR,Reino Unido,353749.0
2021,X,12,Semillas oleaginosas (grano de soya),IND,India,1540842.0
2021,X,12,Semillas oleaginosas (grano de soya),JPN,Japon,200654.0
2021,X,12,Semillas oleaginosas (grano de soya),KOR,Corea del Sur,903266.0
2021,X,12,Semillas oleaginosas (grano de soya),NLD,Paises Bajos,274876.0
2021,X,12,Semillas oleaginosas (grano de soya),PER,Peru,37378018.0
2021,X,12,Semillas oleaginosas (grano de soya),ROW,Resto del mundo,73244772.0
2021,X,12,Semillas oleaginosas (grano de soya),RUS,Rusia,392374.0
2021,X,12,Semillas oleaginosas (grano de soya),USA,Estados Unidos,412436.0
2021,X,15,Grasas y aceites (aceite de soya),ARE,Emiratos Arabes Unidos,307292.0
2021,X,15,Grasas y aceites (aceite de soya),ARG,Argentina,523012.0
2021,X,15,Grasas y aceites (aceite de soya),BEL,Belgica,177972.0
2021,X,15,Grasas y aceites (aceite de soya),BRA,Brasil,4061757.0
2021,X,15,Grasas y aceites (aceite de soya),CAN,Canada,211830.0
2021,X,15,Grasas y aceites (aceite de soya),CHE,Suiza,1475082.0
2021,X,15,Grasas y aceites (aceite de soya),CHL,Chile,46362717.0
2021,X,15,Grasas y aceites (aceite de soya),CHN,China,316113.0
2021,X,15,Grasas y aceites (aceite de soya),COL,Colombia,122819761.0
2021,X,15,Grasas y aceites (aceite de soya),DEU,Alemania,2381644.0
2021,X,15,Grasas y aceites (aceite de soya),ECU,Ecuador,73331521.0
2021,X,15,Grasas y aceites (aceite de soya),ESP,Espania,1488621.0
2021,X,15,Grasas y aceites (aceite de soya),GBR,Reino Unido,145459.0
2021,X,15,Grasas y aceites (aceite de soya),IND,India,615639.0
2021,X,15,Grasas y aceites (aceite de soya),JPN,Japon,1148057.0
2021,X,15,Grasas y aceites (aceite de soya),KOR,Corea del Sur,612220.0
2021,X,15,Grasas y aceites (aceite de soya),NLD,Paises Bajos,357314.0
2021,X,15,Grasas y aceites (aceite de soya),PER,Peru,108373213.0
2021,X,15,Grasas y aceites (aceite de soya),ROW,Resto del mundo,112146549.0
2021,X,15,Grasas y aceites (aceite de soya),RUS,Rusia,877457.0
2021,X,15,Grasas y aceites (aceite de soya),USA,Estados Unidos,121001.0
2021,X,23,Residuos de la industria alimentaria (torta de soya),ARE,Emiratos Arabes Unidos,1057515.0
2021,X,23,Residuos de la industria alimentaria (torta de soya),ARG,Argentina,1000666.0
2021,X,23,Residuos de la industria alimentaria (torta de soya),BEL,Belgica,9524380.0
2021,X,23,Residuos de la industria alimentaria (torta de soya),BRA,Brasil,774963.0
2021,X,23,Residuos de la industria alimentaria (torta de soya),CAN,Canada,495963.0
2021,X,23,Residuos de la industria alimentaria (torta de soya),CHE,Suiza,171264.0
2021,X,23,Residuos de la industria alimentaria (torta de soya),CHL,Chile,70643274.0
2021,X,23,Residuos de la industria alimentaria (torta de soya),CHN,China,2515358.0
2021,X,23,Residuos de la industria alimentaria (torta de soya),COL,Colombia,292522039.0
2021,X,23,Residuos de la industria alimentaria (torta de soya),DEU,Alemania,474349.0
2021,X,23,Residuos de la industria alimentaria (torta de soya),ECU,Ecuador,191381358.0
2021,X,23,Residuos de la industria alimentaria (torta de soya),ESP,Espania,959561.0
2021,X,23,Residuos de la industria alimentaria (torta de soya),GBR,Reino Unido,214122.0
2021,X,23,Residuos de la industria alimentaria (torta de soya),IND,India,331929.0
2021,X,23,Residuos de la industria alimentaria (torta de soya),JPN,Japon,1925840.0
2021,X,23,Residuos de la industria alimentaria (torta de soya),KOR,Corea del Sur,115736.0
2021,X,23,Residuos de la industria alimentaria (torta de soya),NLD,Paises Bajos,12606686.0
2021,X,23,Residuos de la industria alimentaria (torta de soya),PER,Peru,258698640.0
2021,X,23,Residuos de la industria alimentaria (torta de soya),ROW,Resto del mundo,107666230.0
2021,X,23,Residuos de la industria alimentaria (torta de soya),RUS,Rusia,360317.0
2021,X,23,Residuos de la industria alimentaria (torta de soya),USA,Estados Unidos,2268272.0
2021,X,25,"Sal, azufre, boratos (ulexita)",ARE,Emiratos Arabes Unidos,707502.0
2021,X,25,"Sal, azufre, boratos (ulexita)",ARG,Argentina,485232.0
2021,X,25,"Sal, azufre, boratos (ulexita)",BEL,Belgica,133659.0
2021,X,25,"Sal, azufre, boratos (ulexita)",BRA,Brasil,22694495.0
2021,X,25,"Sal, azufre, boratos (ulexita)",CAN,Canada,124961.0
2021,X,25,"Sal, azufre, boratos (ulexita)",CHE,Suiza,788583.0
2021,X,25,"Sal, azufre, boratos (ulexita)",CHL,Chile,301316.0
2021,X,25,"Sal, azufre, boratos (ulexita)",CHN,China,11635392.0
2021,X,25,"Sal, azufre, boratos (ulexita)",COL,Colombia,222696.0
2021,X,25,"Sal, azufre, boratos (ulexita)",DEU,Alemania,452256.0
2021,X,25,"Sal, azufre, boratos (ulexita)",ECU,Ecuador,170629.0
2021,X,25,"Sal, azufre, boratos (ulexita)",ESP,Espania,150336.0
2021,X,25,"Sal, azufre, boratos (ulexita)",PER,Peru,274082.0
2021,X,25,"Sal, azufre, boratos (ulexita)",ROW,Resto del mundo,55339890.0
2021,X,25,"Sal, azufre, boratos (ulexita)",USA,Estados Unidos,24280546.0
2021,X,26,"Minerales metaliferos (zinc, plomo, plata en concentrado)",ARE,Emiratos Arabes Unidos,5465047.0
2021,X,26,"Minerales metaliferos (zinc, plomo, plata en concentrado)",ARG,Argentina,3479881.0
2021,X,26,"Minerales metaliferos (zinc, plomo, plata en concentrado)",BEL,Belgica,203399588.0
2021,X,26,"Minerales metaliferos (zinc, plomo, plata en concentrado)",BRA,Brasil,12855807.0
2021,X,26,"Minerales metaliferos (zinc, plomo, plata en concentrado)",CAN,Canada,4951868.0
2021,X,26,"Minerales metaliferos (zinc, plomo, plata en concentrado)",CHE,Suiza,1213137.0
2021,X,26,"Minerales metaliferos (zinc, plomo, plata en concentrado)",CHL,Chile,2020367.0
2021,X,26,"Minerales metaliferos (zinc, plomo, plata en concentrado)",CHN,China,444279158.0
2021,X,26,"Minerales metaliferos (zinc, plomo, plata en concentrado)",COL,Colombia,338687.0
2021,X,26,"Minerales metaliferos (zinc, plomo, plata en concentrado)",DEU,Alemania,9165793.0
2021,X,26,"Minerales metaliferos (zinc, plomo, plata en concentrado)",ECU,Ecuador,1497300.0
2021,X,26,"Minerales metaliferos (zinc, plomo, plata en concentrado)",ESP,Espania,172942395.0
2021,X,26,"Minerales metaliferos (zinc, plomo, plata en concentrado)",GBR,Reino Unido,6161311.0
2021,X,26,"Minerales metaliferos (zinc, plomo, plata en concentrado)",IND,India,178468096.0
2021,X,26,"Minerales metaliferos (zinc, plomo, plata en concentrado)",JPN,Japon,374309170.0
2021,X,26,"Minerales metaliferos (zinc, plomo, plata en concentrado)",KOR,Corea del Sur,242956402.0
2021,X,26,"Minerales metaliferos (zinc, plomo, plata en concentrado)",NLD,Paises Bajos,116655782.0
2021,X,26,"Minerales metaliferos (zinc, plomo, plata en concentrado)",PER,Peru,1861128.0
2021,X,26,"Minerales metaliferos (zinc, plomo, plata en concentrado)",ROW,Resto del mundo,280742682.0
2021,X,26,"Minerales metaliferos (zinc, plomo, plata en concentrado)",RUS,Rusia,11799496.0
2021,X,26,"Minerales metaliferos (zinc, plomo, plata en concentrado)",USA,Estados Unidos,5508261.0
2021,X,27,Combustibles minerales (gas natural),ARE,Emiratos Arabes Unidos,1365388.0
2021,X,27,Combustibles minerales (gas natural),ARG,Argentina,355037940.0
2021,X,27,Combustibles minerales (gas natural),BEL,Belgica,2671488.0
2021,X,27,Combustibles minerales (gas natural),BRA,Brasil,1885552948.0
2021,X,27,Combustibles minerales (gas natural),CAN,Canada,2656087.0
2021,X,27,Combustibles minerales (gas natural),CHE,Suiza,715441.0
2021,X,27,Combustibles minerales (gas natural),CHL,Chile,3873599.0
2021,X,27,Combustibles minerales (gas natural),CHN,China,3161622.0
2021,X,27,Combustibles minerales (gas natural),COL,Colombia,5642285.0
2021,X,27,Combustibles minerales (gas natural),DEU,Alemania,9067481.0
2021,X,27,Combustibles minerales (gas natural),ECU,Ecuador,1651060.0
2021,X,27,Combustibles minerales (gas natural),ESP,Espania,4427296.0
2021,X,27,Combustibles minerales (gas natural),GBR,Reino Unido,7124976.0
2021,X,27,Combustibles minerales (gas natural),IND,India,4030741.0
2021,X,27,Combustibles minerales (gas natural),JPN,Japon,6367569.0
2021,X,27,Combustibles minerales (gas natural),KOR,Corea del Sur,1763748.0
2021,X,27,Combustibles minerales (gas natural),NLD,Paises Bajos,2249196.0
2021,X,27,Combustibles minerales (gas natural),PER,Peru,2826105.0
2021,X,27,Combustibles minerales (gas natural),ROW,Resto del mundo,44705538.0
2021,X,27,Combustibles minerales (gas natural),RUS,Rusia,4923148.0
2021,X,27,Combustibles minerales (gas natural),USA,Estados Unidos,11348423.0
2021,X,44,Madera y manufacturas de madera,ARG,Argentina,14304490.0
2021,X,44,Madera y manufacturas de madera,BRA,Brasil,589375.0
2021,X,44,Madera y manufacturas de madera,CAN,Canada,112950.0
2021,X,44,Madera y manufacturas de madera,CHL,Chile,916081.0
2021,X,44,Madera y manufacturas de madera,CHN,China,409576.0
2021,X,44,Madera y manufacturas de madera,COL,Colombia,121539.0
2021,X,44,Madera y manufacturas de madera,ECU,Ecuador,110008.0
2021,X,44,Madera y manufacturas de madera,ESP,Espania,289372.0
2021,X,44,Madera y manufacturas de madera,NLD,Paises Bajos,197498.0
2021,X,44,Madera y manufacturas de madera,PER,Peru,9609974.0
2021,X,44,Madera y manufacturas de madera,ROW,Resto del mundo,49937226.0
2021,X,44,Madera y manufacturas de madera,RUS,Rusia,386125.0
2021,X,44,Madera y manufacturas de madera,USA,Estados Unidos,18261258.0
2021,X,71,"Metales y piedras preciosas (oro, plata metalica, joyeria)",ARE,Emiratos Arabes Unidos,332409614.0
2021,X,71,"Metales y piedras preciosas (oro, plata metalica, joyeria)",ARG,Argentina,3931112.0
2021,X,71,"Metales y piedras preciosas (oro, plata metalica, joyeria)",BEL,Belgica,1281741.0
2021,X,71,"Metales y piedras preciosas (oro, plata metalica, joyeria)",BRA,Brasil,1330519.0
2021,X,71,"Metales y piedras preciosas (oro, plata metalica, joyeria)",CAN,Canada,100619681.0
2021,X,71,"Metales y piedras preciosas (oro, plata metalica, joyeria)",CHE,Suiza,252306887.0
2021,X,71,"Metales y piedras preciosas (oro, plata metalica, joyeria)",CHL,Chile,1163026.0
2021,X,71,"Metales y piedras preciosas (oro, plata metalica, joyeria)",CHN,China,1076249.0
2021,X,71,"Metales y piedras preciosas (oro, plata metalica, joyeria)",COL,Colombia,1300613.0
2021,X,71,"Metales y piedras preciosas (oro, plata metalica, joyeria)",DEU,Alemania,1195652.0
2021,X,71,"Metales y piedras preciosas (oro, plata metalica, joyeria)",ECU,Ecuador,1096720.0
2021,X,71,"Metales y piedras preciosas (oro, plata metalica, joyeria)",ESP,Espania,2199659.0
2021,X,71,"Metales y piedras preciosas (oro, plata metalica, joyeria)",GBR,Reino Unido,3992628.0
2021,X,71,"Metales y piedras preciosas (oro, plata metalica, joyeria)",IND,India,683342334.0
2021,X,71,"Metales y piedras preciosas (oro, plata metalica, joyeria)",JPN,Japon,3800128.0
2021,X,71,"Metales y piedras preciosas (oro, plata metalica, joyeria)",KOR,Corea del Sur,5506663.0
2021,X,71,"Metales y piedras preciosas (oro, plata metalica, joyeria)",NLD,Paises Bajos,13350139.0
2021,X,71,"Metales y piedras preciosas (oro, plata metalica, joyeria)",PER,Peru,14239810.0
2021,X,71,"Metales y piedras preciosas (oro, plata metalica, joyeria)",ROW,Resto del mundo,265716087.0
2021,X,71,"Metales y piedras preciosas (oro, plata metalica, joyeria)",RUS,Rusia,1264967.0
2021,X,71,"Metales y piedras preciosas (oro, plata metalica, joyeria)",USA,Estados Unidos,220292693.0
2021,X,80,Estanio y sus manufacturas,ARE,Emiratos Arabes Unidos,387495.0
2021,X,80,Estanio y sus manufacturas,ARG,Argentina,448193.0
2021,X,80,Estanio y sus manufacturas,BEL,Belgica,59093450.0
2021,X,80,Estanio y sus manufacturas,BRA,Brasil,78017185.0
2021,X,80,Estanio y sus manufacturas,CAN,Canada,154876.0
2021,X,80,Estanio y sus manufacturas,CHE,Suiza,273738.0
2021,X,80,Estanio y sus manufacturas,CHL,Chile,739453.0
2021,X,80,Estanio y sus manufacturas,CHN,China,1868605.0
2021,X,80,Estanio y sus manufacturas,COL,Colombia,792818.0
2021,X,80,Estanio y sus manufacturas,DEU,Alemania,1096772.0
2021,X,80,Estanio y sus manufacturas,ECU,Ecuador,3114724.0
2021,X,80,Estanio y sus manufacturas,ESP,Espania,783793.0
2021,X,80,Estanio y sus manufacturas,GBR,Reino Unido,306439.0
2021,X,80,Estanio y sus manufacturas,IND,India,4071753.0
2021,X,80,Estanio y sus manufacturas,JPN,Japon,339170.0
2021,X,80,Estanio y sus manufacturas,KOR,Corea del Sur,1387781.0
2021,X,80,Estanio y sus manufacturas,NLD,Paises Bajos,51824599.0
2021,X,80,Estanio y sus manufacturas,PER,Peru,122324.0
2021,X,80,Estanio y sus manufacturas,ROW,Resto del mundo,200909396.0
2021,X,80,Estanio y sus manufacturas,RUS,Rusia,174179.0
2021,X,80,Estanio y sus manufacturas,USA,Estados Unidos,184383777.0
2021,X,99,Otros productos no especificados,ARE,Emiratos Arabes Unidos,810936.0
2021,X,99,Otros productos no especificados,ARG,Argentina,138622694.0
2021,X,99,Otros productos no especificados,BEL,Belgica,10298687.0
2021,X,99,Otros productos no especificados,BRA,Brasil,210096296.0
2021,X,99,Otros productos no especificados,CAN,Canada,1339073.0
2021,X,99,Otros productos no especificados,CHE,Suiza,3708484.0
2021,X,99,Otros productos no especificados,CHL,Chile,118955736.0
2021,X,99,Otros productos no especificados,CHN,China,173386995.0
2021,X,99,Otros productos no especificados,COL,Colombia,400861.0
2021,X,99,Otros productos no especificados,DEU,Alemania,11263719.0
2021,X,99,Otros productos no especificados,ECU,Ecuador,853012.0
2021,X,99,Otros productos no especificados,ESP,Espania,1823827.0
2021,X,99,Otros productos no especificados,GBR,Reino Unido,3984756.0
2021,X,99,Otros productos no especificados,IND,India,6897900.0
2021,X,99,Otros productos no especificados,JPN,Japon,732745.0
2021,X,99,Otros productos no especificados,KOR,Corea del Sur,2705377.0
2021,X,99,Otros productos no especificados,NLD,Paises Bajos,733409.0
2021,X,99,Otros productos no especificados,PER,Peru,168639450.0
2021,X,99,Otros productos no especificados,ROW,Resto del mundo,622593961.0
2021,X,99,Otros productos no especificados,RUS,Rusia,601556.0
2021,X,99,Otros productos no especificados,USA,Estados Unidos,320531157.0
2022,M,10,Cereales (trigo),ARG,Argentina,157772167.0
2022,M,10,Cereales (trigo),BRA,Brasil,34305690.0
2022,M,10,Cereales (trigo),ROW,Resto del mundo,95444653.0
2022,M,10,Cereales (trigo),USA,Estados Unidos,72477490.0
2022,M,27,"Combustibles (diesel, gasolinas)",ARG,Argentina,310941627.0
2022,M,27,"Combustibles (diesel, gasolinas)",CHL,Chile,350203960.0
2022,M,27,"Combustibles (diesel, gasolinas)",PER,Peru,170877508.0
2022,M,27,"Combustibles (diesel, gasolinas)",ROW,Resto del mundo,456119299.0
2022,M,27,"Combustibles (diesel, gasolinas)",USA,Estados Unidos,271857607.0
2022,M,30,Productos farmaceuticos,ARG,Argentina,58164247.0
2022,M,30,Productos farmaceuticos,CHN,China,66434606.0
2022,M,30,Productos farmaceuticos,DEU,Alemania,66068196.0
2022,M,30,Productos farmaceuticos,ROW,Resto del mundo,298269513.0
2022,M,30,Productos farmaceuticos,USA,Estados Unidos,111063438.0
2022,M,31,Abonos (fertilizantes),CHN,China,103096665.0
2022,M,31,Abonos (fertilizantes),ROW,Resto del mundo,247484929.0
2022,M,31,Abonos (fertilizantes),RUS,Rusia,72055342.0
2022,M,31,Abonos (fertilizantes),USA,Estados Unidos,57363063.0
2022,M,39,Plasticos y sus manufacturas,BRA,Brasil,180363928.0
2022,M,39,Plasticos y sus manufacturas,CHN,China,218120257.0
2022,M,39,Plasticos y sus manufacturas,ROW,Resto del mundo,340398522.0
2022,M,39,Plasticos y sus manufacturas,USA,Estados Unidos,101117293.0
2022,M,72,"Fundicion, hierro y acero",BRA,Brasil,217870583.0
2022,M,72,"Fundicion, hierro y acero",CHN,China,248053792.0
2022,M,72,"Fundicion, hierro y acero",PER,Peru,87133779.0
2022,M,72,"Fundicion, hierro y acero",ROW,Resto del mundo,286941847.0
2022,M,84,Maquinas y aparatos mecanicos,BRA,Brasil,399263425.0
2022,M,84,Maquinas y aparatos mecanicos,CHN,China,589233206.0
2022,M,84,Maquinas y aparatos mecanicos,DEU,Alemania,192883189.0
2022,M,84,Maquinas y aparatos mecanicos,ROW,Resto del mundo,618681547.0
2022,M,84,Maquinas y aparatos mecanicos,USA,Estados Unidos,359938633.0
2022,M,85,Maquinas y material electrico,BRA,Brasil,167211988.0
2022,M,85,Maquinas y material electrico,CHN,China,594453806.0
2022,M,85,Maquinas y material electrico,ROW,Resto del mundo,543712150.0
2022,M,85,Maquinas y material electrico,USA,Estados Unidos,134622055.0
2022,M,87,Vehiculos automoviles y partes,BRA,Brasil,273276568.0
2022,M,87,Vehiculos automoviles y partes,CHN,China,475946003.0
2022,M,87,Vehiculos automoviles y partes,JPN,Japon,302949031.0
2022,M,87,Vehiculos automoviles y partes,ROW,Resto del mundo,452612044.0
2022,M,87,Vehiculos automoviles y partes,USA,Estados Unidos,175216353.0
2022,M,99,Otros productos no especificados,BRA,Brasil,307684875.0
2022,M,99,Otros productos no especificados,CHN,China,429551605.0
2022,M,99,Otros productos no especificados,PER,Peru,191717320.0
2022,M,99,Otros productos no especificados,ROW,Resto del mundo,907469527.0
2022,M,99,Otros productos no especificados,USA,Estados Unidos,203576673.0
2022,X,02,Carnes (bovina),ARE,Emiratos Arabes Unidos,397702.0
2022,X,02,Carnes (bovina),BRA,Brasil,2786491.0
2022,X,02,Carnes (bovina),CAN,Canada,652150.0
2022,X,02,Carnes (bovina),CHE,Suiza,104082.0
2022,X,02,Carnes (bovina),CHL,Chile,1439783.0
2022,X,02,Carnes (bovina),CHN,China,185404021.0
2022,X,02,Carnes (bovina),COL,Colombia,244003.0
2022,X,02,Carnes (bovina),DEU,Alemania,329804.0
2022,X,02,Carnes (bovina),ECU,Ecuador,13533737.0
2022,X,02,Carnes (bovina),ESP,Espania,123869.0
2022,X,02,Carnes (bovina),IND,India,1167603.0
2022,X,02,Carnes (bovina),JPN,Japon,390492.0
2022,X,02,Carnes (bovina),KOR,Corea del Sur,261329.0
2022,X,02,Carnes (bovina),NLD,Paises Bajos,499512.0
2022,X,02,Carnes (bovina),PER,Peru,30770431.0
2022,X,02,Carnes (bovina),ROW,Resto del mundo,36159677.0
2022,X,02,Carnes (bovina),RUS,Rusia,1240717.0
2022,X,02,Carnes (bovina),USA,Estados Unidos,447438.0
2022,X,08,Frutas y frutos (castania / nuez del Brasil),ARE,Emiratos Arabes Unidos,245504.0
2022,X,08,Frutas y frutos (castania / nuez del Brasil),ARG,Argentina,591842.0
2022,X,08,Frutas y frutos (castania / nuez del Brasil),BEL,Belgica,559236.0
2022,X,08,Frutas y frutos (castania / nuez del Brasil),BRA,Brasil,521544.0
2022,X,08,Frutas y frutos (castania / nuez del Brasil),CAN,Canada,515243.0
2022,X,08,Frutas y frutos (castania / nuez del Brasil),CHE,Suiza,719385.0
2022,X,08,Frutas y frutos (castania / nuez del Brasil),CHL,Chile,338637.0
2022,X,08,Frutas y frutos (castania / nuez del Brasil),CHN,China,380993.0
2022,X,08,Frutas y frutos (castania / nuez del Brasil),COL,Colombia,865566.0
2022,X,08,Frutas y frutos (castania / nuez del Brasil),DEU,Alemania,125544.0
2022,X,08,Frutas y frutos (castania / nuez del Brasil),ECU,Ecuador,1706685.0
2022,X,08,Frutas y frutos (castania / nuez del Brasil),ESP,Espania,29214514.0
2022,X,08,Frutas y frutos (castania / nuez del Brasil),GBR,Reino Unido,58088709.0
2022,X,08,Frutas y frutos (castania / nuez del Brasil),IND,India,417674.0
2022,X,08,Frutas y frutos (castania / nuez del Brasil),JPN,Japon,146562.0
2022,X,08,Frutas y frutos (castania / nuez del Brasil),KOR,Corea del Sur,600028.0
2022,X,08,Frutas y frutos (castania / nuez del Brasil),NLD,Paises Bajos,54867895.0
2022,X,08,Frutas y frutos (castania / nuez del Brasil),ROW,Resto del mundo,99488782.0
2022,X,08,Frutas y frutos (castania / nuez del Brasil),RUS,Rusia,1581206.0
2022,X,08,Frutas y frutos (castania / nuez del Brasil),USA,Estados Unidos,38960901.0
2022,X,12,Semillas oleaginosas (grano de soya),ARE,Emiratos Arabes Unidos,485201.0
2022,X,12,Semillas oleaginosas (grano de soya),ARG,Argentina,46421019.0
2022,X,12,Semillas oleaginosas (grano de soya),BEL,Belgica,261402.0
2022,X,12,Semillas oleaginosas (grano de soya),BRA,Brasil,527901.0
2022,X,12,Semillas oleaginosas (grano de soya),CAN,Canada,634772.0
2022,X,12,Semillas oleaginosas (grano de soya),CHE,Suiza,499429.0
2022,X,12,Semillas oleaginosas (grano de soya),CHL,Chile,383237.0
2022,X,12,Semillas oleaginosas (grano de soya),COL,Colombia,44400323.0
2022,X,12,Semillas oleaginosas (grano de soya),DEU,Alemania,133529.0
2022,X,12,Semillas oleaginosas (grano de soya),ECU,Ecuador,375654.0
2022,X,12,Semillas oleaginosas (grano de soya),ESP,Espania,271398.0
2022,X,12,Semillas oleaginosas (grano de soya),GBR,Reino Unido,247764.0
2022,X,12,Semillas oleaginosas (grano de soya),IND,India,480447.0
2022,X,12,Semillas oleaginosas (grano de soya),JPN,Japon,172335.0
2022,X,12,Semillas oleaginosas (grano de soya),KOR,Corea del Sur,174715.0
2022,X,12,Semillas oleaginosas (grano de soya),NLD,Paises Bajos,1579797.0
2022,X,12,Semillas oleaginosas (grano de soya),PER,Peru,47077686.0
2022,X,12,Semillas oleaginosas (grano de soya),ROW,Resto del mundo,90352885.0
2022,X,12,Semillas oleaginosas (grano de soya),USA,Estados Unidos,200804.0
2022,X,15,Grasas y aceites (aceite de soya),ARE,Emiratos Arabes Unidos,1354527.0
2022,X,15,Grasas y aceites (aceite de soya),BEL,Belgica,695050.0
2022,X,15,Grasas y aceites (aceite de soya),BRA,Brasil,1874335.0
2022,X,15,Grasas y aceites (aceite de soya),CAN,Canada,1085306.0
2022,X,15,Grasas y aceites (aceite de soya),CHE,Suiza,986883.0
2022,X,15,Grasas y aceites (aceite de soya),CHL,Chile,53105297.0
2022,X,15,Grasas y aceites (aceite de soya),CHN,China,3918266.0
2022,X,15,Grasas y aceites (aceite de soya),COL,Colombia,134852512.0
2022,X,15,Grasas y aceites (aceite de soya),DEU,Alemania,654247.0
2022,X,15,Grasas y aceites (aceite de soya),ECU,Ecuador,87296800.0
2022,X,15,Grasas y aceites (aceite de soya),ESP,Espania,203288.0
2022,X,15,Grasas y aceites (aceite de soya),GBR,Reino Unido,1144899.0
2022,X,15,Grasas y aceites (aceite de soya),IND,India,1164836.0
2022,X,15,Grasas y aceites (aceite de soya),JPN,Japon,316694.0
2022,X,15,Grasas y aceites (aceite de soya),KOR,Corea del Sur,806486.0
2022,X,15,Grasas y aceites (aceite de soya),NLD,Paises Bajos,2481314.0
2022,X,15,Grasas y aceites (aceite de soya),PER,Peru,129970635.0
2022,X,15,Grasas y aceites (aceite de soya),ROW,Resto del mundo,129161152.0
2022,X,15,Grasas y aceites (aceite de soya),RUS,Rusia,276400.0
2022,X,15,Grasas y aceites (aceite de soya),USA,Estados Unidos,923598.0
2022,X,23,Residuos de la industria alimentaria (torta de soya),ARE,Emiratos Arabes Unidos,9220336.0
2022,X,23,Residuos de la industria alimentaria (torta de soya),ARG,Argentina,1183003.0
2022,X,23,Residuos de la industria alimentaria (torta de soya),BEL,Belgica,1391328.0
2022,X,23,Residuos de la industria alimentaria (torta de soya),BRA,Brasil,699242.0
2022,X,23,Residuos de la industria alimentaria (torta de soya),CAN,Canada,1690883.0
2022,X,23,Residuos de la industria alimentaria (torta de soya),CHE,Suiza,692935.0
2022,X,23,Residuos de la industria alimentaria (torta de soya),CHL,Chile,76055117.0
2022,X,23,Residuos de la industria alimentaria (torta de soya),CHN,China,1930920.0
2022,X,23,Residuos de la industria alimentaria (torta de soya),COL,Colombia,318174457.0
2022,X,23,Residuos de la industria alimentaria (torta de soya),DEU,Alemania,399901.0
2022,X,23,Residuos de la industria alimentaria (torta de soya),ECU,Ecuador,241131638.0
2022,X,23,Residuos de la industria alimentaria (torta de soya),ESP,Espania,3289369.0
2022,X,23,Residuos de la industria alimentaria (torta de soya),GBR,Reino Unido,545984.0
2022,X,23,Residuos de la industria alimentaria (torta de soya),IND,India,1429843.0
2022,X,23,Residuos de la industria alimentaria (torta de soya),JPN,Japon,3350260.0
2022,X,23,Residuos de la industria alimentaria (torta de soya),KOR,Corea del Sur,267304.0
2022,X,23,Residuos de la industria alimentaria (torta de soya),NLD,Paises Bajos,1416707.0
2022,X,23,Residuos de la industria alimentaria (torta de soya),PER,Peru,315418875.0
2022,X,23,Residuos de la industria alimentaria (torta de soya),ROW,Resto del mundo,123681464.0
2022,X,23,Residuos de la industria alimentaria (torta de soya),RUS,Rusia,1388748.0
2022,X,23,Residuos de la industria alimentaria (torta de soya),USA,Estados Unidos,1368958.0
2022,X,25,"Sal, azufre, boratos (ulexita)",ARE,Emiratos Arabes Unidos,1760352.0
2022,X,25,"Sal, azufre, boratos (ulexita)",ARG,Argentina,398704.0
2022,X,25,"Sal, azufre, boratos (ulexita)",BEL,Belgica,132680.0
2022,X,25,"Sal, azufre, boratos (ulexita)",BRA,Brasil,25515956.0
2022,X,25,"Sal, azufre, boratos (ulexita)",CAN,Canada,136238.0
2022,X,25,"Sal, azufre, boratos (ulexita)",CHL,Chile,382967.0
2022,X,25,"Sal, azufre, boratos (ulexita)",CHN,China,13640658.0
2022,X,25,"Sal, azufre, boratos (ulexita)",COL,Colombia,124194.0
2022,X,25,"Sal, azufre, boratos (ulexita)",DEU,Alemania,145179.0
2022,X,25,"Sal, azufre, boratos (ulexita)",ECU,Ecuador,171258.0
2022,X,25,"Sal, azufre, boratos (ulexita)",ESP,Espania,199932.0
2022,X,25,"Sal, azufre, boratos (ulexita)",GBR,Reino Unido,542615.0
2022,X,25,"Sal, azufre, boratos (ulexita)",IND,India,106979.0
2022,X,25,"Sal, azufre, boratos (ulexita)",JPN,Japon,208324.0
2022,X,25,"Sal, azufre, boratos (ulexita)",KOR,Corea del Sur,280642.0
2022,X,25,"Sal, azufre, boratos (ulexita)",NLD,Paises Bajos,264155.0
2022,X,25,"Sal, azufre, boratos (ulexita)",PER,Peru,148922.0
2022,X,25,"Sal, azufre, boratos (ulexita)",ROW,Resto del mundo,57993418.0
2022,X,25,"Sal, azufre, boratos (ulexita)",RUS,Rusia,132037.0
2022,X,25,"Sal, azufre, boratos (ulexita)",USA,Estados Unidos,35758223.0
2022,X,26,"Minerales metaliferos (zinc, plomo, plata en concentrado)",ARE,Emiratos Arabes Unidos,5464826.0
2022,X,26,"Minerales metaliferos (zinc, plomo, plata en concentrado)",ARG,Argentina,4961361.0
2022,X,26,"Minerales metaliferos (zinc, plomo, plata en concentrado)",BEL,Belgica,254292431.0
2022,X,26,"Minerales metaliferos (zinc, plomo, plata en concentrado)",BRA,Brasil,4629776.0
2022,X,26,"Minerales metaliferos (zinc, plomo, plata en concentrado)",CAN,Canada,1396957.0
2022,X,26,"Minerales metaliferos (zinc, plomo, plata en concentrado)",CHE,Suiza,874876.0
2022,X,26,"Minerales metaliferos (zinc, plomo, plata en concentrado)",CHL,Chile,11576855.0
2022,X,26,"Minerales metaliferos (zinc, plomo, plata en concentrado)",CHN,China,546655250.0
2022,X,26,"Minerales metaliferos (zinc, plomo, plata en concentrado)",COL,Colombia,4283710.0
2022,X,26,"Minerales metaliferos (zinc, plomo, plata en concentrado)",DEU,Alemania,893887.0
2022,X,26,"Minerales metaliferos (zinc, plomo, plata en concentrado)",ECU,Ecuador,5220742.0
2022,X,26,"Minerales metaliferos (zinc, plomo, plata en concentrado)",ESP,Espania,211739654.0
2022,X,26,"Minerales metaliferos (zinc, plomo, plata en concentrado)",GBR,Reino Unido,1797787.0
2022,X,26,"Minerales metaliferos (zinc, plomo, plata en concentrado)",IND,India,241215604.0
2022,X,26,"Minerales metaliferos (zinc, plomo, plata en concentrado)",JPN,Japon,475873371.0
2022,X,26,"Minerales metaliferos (zinc, plomo, plata en concentrado)",KOR,Corea del Sur,320773430.0
2022,X,26,"Minerales metaliferos (zinc, plomo, plata en concentrado)",NLD,Paises Bajos,157422818.0
2022,X,26,"Minerales metaliferos (zinc, plomo, plata en concentrado)",PER,Peru,3219656.0
2022,X,26,"Minerales metaliferos (zinc, plomo, plata en concentrado)",ROW,Resto del mundo,362361617.0
2022,X,26,"Minerales metaliferos (zinc, plomo, plata en concentrado)",RUS,Rusia,7732165.0
2022,X,26,"Minerales metaliferos (zinc, plomo, plata en concentrado)",USA,Estados Unidos,1340500.0
2022,X,27,Combustibles minerales (gas natural),ARE,Emiratos Arabes Unidos,2317056.0
2022,X,27,Combustibles minerales (gas natural),ARG,Argentina,415917827.0
2022,X,27,Combustibles minerales (gas natural),BEL,Belgica,14810569.0
2022,X,27,Combustibles minerales (gas natural),BRA,Brasil,2190976410.0
2022,X,27,Combustibles minerales (gas natural),CAN,Canada,613921.0
2022,X,27,Combustibles minerales (gas natural),CHE,Suiza,3321386.0
2022,X,27,Combustibles minerales (gas natural),CHL,Chile,2084687.0
2022,X,27,Combustibles minerales (gas natural),CHN,China,16757624.0
2022,X,27,Combustibles minerales (gas natural),COL,Colombia,4842083.0
2022,X,27,Combustibles minerales (gas natural),DEU,Alemania,5118741.0
2022,X,27,Combustibles minerales (gas natural),ECU,Ecuador,1972835.0
2022,X,27,Combustibles minerales (gas natural),ESP,Espania,2771936.0
2022,X,27,Combustibles minerales (gas natural),GBR,Reino Unido,10824765.0
2022,X,27,Combustibles minerales (gas natural),IND,India,3284418.0
2022,X,27,Combustibles minerales (gas natural),JPN,Japon,18439494.0
2022,X,27,Combustibles minerales (gas natural),KOR,Corea del Sur,4298128.0
2022,X,27,Combustibles minerales (gas natural),NLD,Paises Bajos,679014.0
2022,X,27,Combustibles minerales (gas natural),PER,Peru,4704039.0
2022,X,27,Combustibles minerales (gas natural),ROW,Resto del mundo,50435206.0
2022,X,27,Combustibles minerales (gas natural),RUS,Rusia,7108872.0
2022,X,27,Combustibles minerales (gas natural),USA,Estados Unidos,539172.0
2022,X,44,Madera y manufacturas de madera,ARE,Emiratos Arabes Unidos,274297.0
2022,X,44,Madera y manufacturas de madera,ARG,Argentina,16321518.0
2022,X,44,Madera y manufacturas de madera,BRA,Brasil,320160.0
2022,X,44,Madera y manufacturas de madera,CAN,Canada,175029.0
2022,X,44,Madera y manufacturas de madera,COL,Colombia,519078.0
2022,X,44,Madera y manufacturas de madera,ESP,Espania,330430.0
2022,X,44,Madera y manufacturas de madera,GBR,Reino Unido,253760.0
2022,X,44,Madera y manufacturas de madera,JPN,Japon,129113.0
2022,X,44,Madera y manufacturas de madera,KOR,Corea del Sur,108550.0
2022,X,44,Madera y manufacturas de madera,PER,Peru,11064289.0
2022,X,44,Madera y manufacturas de madera,ROW,Resto del mundo,57224628.0
2022,X,44,Madera y manufacturas de madera,RUS,Rusia,1077171.0
2022,X,44,Madera y manufacturas de madera,USA,Estados Unidos,22234416.0
2022,X,71,"Metales y piedras preciosas (oro, plata metalica, joyeria)",ARE,Emiratos Arabes Unidos,381801716.0
2022,X,71,"Metales y piedras preciosas (oro, plata metalica, joyeria)",ARG,Argentina,1573237.0
2022,X,71,"Metales y piedras preciosas (oro, plata metalica, joyeria)",BEL,Belgica,2703801.0
2022,X,71,"Metales y piedras preciosas (oro, plata metalica, joyeria)",BRA,Brasil,5666584.0
2022,X,71,"Metales y piedras preciosas (oro, plata metalica, joyeria)",CAN,Canada,119698176.0
2022,X,71,"Metales y piedras preciosas (oro, plata metalica, joyeria)",CHE,Suiza,396337580.0
2022,X,71,"Metales y piedras preciosas (oro, plata metalica, joyeria)",CHL,Chile,2964170.0
2022,X,71,"Metales y piedras preciosas (oro, plata metalica, joyeria)",CHN,China,21889201.0
2022,X,71,"Metales y piedras preciosas (oro, plata metalica, joyeria)",COL,Colombia,3036364.0
2022,X,71,"Metales y piedras preciosas (oro, plata metalica, joyeria)",DEU,Alemania,422617.0
2022,X,71,"Metales y piedras preciosas (oro, plata metalica, joyeria)",ECU,Ecuador,5205805.0
2022,X,71,"Metales y piedras preciosas (oro, plata metalica, joyeria)",ESP,Espania,5612877.0
2022,X,71,"Metales y piedras preciosas (oro, plata metalica, joyeria)",GBR,Reino Unido,9313276.0
2022,X,71,"Metales y piedras preciosas (oro, plata metalica, joyeria)",IND,India,844164364.0
2022,X,71,"Metales y piedras preciosas (oro, plata metalica, joyeria)",JPN,Japon,2332187.0
2022,X,71,"Metales y piedras preciosas (oro, plata metalica, joyeria)",KOR,Corea del Sur,3450649.0
2022,X,71,"Metales y piedras preciosas (oro, plata metalica, joyeria)",NLD,Paises Bajos,1817134.0
2022,X,71,"Metales y piedras preciosas (oro, plata metalica, joyeria)",PER,Peru,3213291.0
2022,X,71,"Metales y piedras preciosas (oro, plata metalica, joyeria)",ROW,Resto del mundo,339462822.0
2022,X,71,"Metales y piedras preciosas (oro, plata metalica, joyeria)",RUS,Rusia,5912336.0
2022,X,71,"Metales y piedras preciosas (oro, plata metalica, joyeria)",USA,Estados Unidos,329058178.0
2022,X,80,Estanio y sus manufacturas,ARE,Emiratos Arabes Unidos,1040543.0
2022,X,80,Estanio y sus manufacturas,ARG,Argentina,6183451.0
2022,X,80,Estanio y sus manufacturas,BEL,Belgica,83484466.0
2022,X,80,Estanio y sus manufacturas,BRA,Brasil,112555673.0
2022,X,80,Estanio y sus manufacturas,CAN,Canada,1791292.0
2022,X,80,Estanio y sus manufacturas,CHE,Suiza,507093.0
2022,X,80,Estanio y sus manufacturas,CHL,Chile,2590494.0
2022,X,80,Estanio y sus manufacturas,CHN,China,856570.0
2022,X,80,Estanio y sus manufacturas,COL,Colombia,1321224.0
2022,X,80,Estanio y sus manufacturas,DEU,Alemania,721013.0
2022,X,80,Estanio y sus manufacturas,ECU,Ecuador,799868.0
2022,X,80,Estanio y sus manufacturas,ESP,Espania,1259327.0
2022,X,80,Estanio y sus manufacturas,GBR,Reino Unido,4222166.0
2022,X,80,Estanio y sus manufacturas,IND,India,1845341.0
2022,X,80,Estanio y sus manufacturas,JPN,Japon,700215.0
2022,X,80,Estanio y sus manufacturas,KOR,Corea del Sur,456319.0
2022,X,80,Estanio y sus manufacturas,NLD,Paises Bajos,69188192.0
2022,X,80,Estanio y sus manufacturas,PER,Peru,914406.0
2022,X,80,Estanio y sus manufacturas,ROW,Resto del mundo,257192827.0
2022,X,80,Estanio y sus manufacturas,RUS,Rusia,2348690.0
2022,X,80,Estanio y sus manufacturas,USA,Estados Unidos,209520830.0
2022,X,99,Otros productos no especificados,ARE,Emiratos Arabes Unidos,1485679.0
2022,X,99,Otros productos no especificados,ARG,Argentina,176011734.0
2022,X,99,Otros productos no especificados,BEL,Belgica,13804584.0
2022,X,99,Otros productos no especificados,BRA,Brasil,268289115.0
2022,X,99,Otros productos no especificados,CAN,Canada,1879706.0
2022,X,99,Otros productos no especificados,CHE,Suiza,1272950.0
2022,X,99,Otros productos no especificados,CHL,Chile,146198879.0
2022,X,99,Otros productos no especificados,CHN,China,234176807.0
2022,X,99,Otros productos no especificados,COL,Colombia,1641502.0
2022,X,99,Otros productos no especificados,DEU,Alemania,8288476.0
2022,X,99,Otros productos no especificados,ECU,Ecuador,1714876.0
2022,X,99,Otros productos no especificados,ESP,Espania,5967949.0
2022,X,99,Otros productos no especificados,GBR,Reino Unido,2063866.0
2022,X,99,Otros productos no especificados,IND,India,13615834.0
2022,X,99,Otros productos no especificados,JPN,Japon,888368.0
2022,X,99,Otros productos no especificados,KOR,Corea del Sur,4847706.0
2022,X,99,Otros productos no especificados,NLD,Paises Bajos,588390.0
2022,X,99,Otros productos no especificados,PER,Peru,248624003.0
2022,X,99,Otros productos no especificados,ROW,Resto del mundo,800580627.0
2022,X,99,Otros productos no especificados,RUS,Rusia,2864503.0
2022,X,99,Otros productos no especificados,USA,Estados Unidos,398930808.0
2023,M,10,Cereales (trigo),ARG,Argentina,146068910.0
2023,M,10,Cereales (trigo),BRA,Brasil,30120951.0
2023,M,10,Cereales (trigo),ROW,Resto del mundo,74432639.0
2023,M,10,Cereales (trigo),USA,Estados Unidos,70377501.0
2023,M,27,"Combustibles (diesel, gasolinas)",ARG,Argentina,249701323.0
2023,M,27,"Combustibles (diesel, gasolinas)",CHL,Chile,309024059.0
2023,M,27,"Combustibles (diesel, gasolinas)",PER,Peru,126263216.0
2023,M,27,"Combustibles (diesel, gasolinas)",ROW,Resto del mundo,440777462.0
2023,M,27,"Combustibles (diesel, gasolinas)",USA,Estados Unidos,265233940.0
2023,M,30,Productos farmaceuticos,ARG,Argentina,50163858.0
2023,M,30,Productos farmaceuticos,CHN,China,59988168.0
2023,M,30,Productos farmaceuticos,DEU,Alemania,65027906.0
2023,M,30,Productos farmaceuticos,ROW,Resto del mundo,265513439.0
2023,M,30,Productos farmaceuticos,USA,Estados Unidos,94306629.0
2023,M,31,Abonos (fertilizantes),CHN,China,79604288.0
2023,M,31,Abonos (fertilizantes),ROW,Resto del mundo,233995267.0
2023,M,31,Abonos (fertilizantes),RUS,Rusia,60702117.0
2023,M,31,Abonos (fertilizantes),USA,Estados Unidos,53698328.0
2023,M,39,Plasticos y sus manufacturas,BRA,Brasil,152133217.0
2023,M,39,Plasticos y sus manufacturas,CHN,China,200175767.0
2023,M,39,Plasticos y sus manufacturas,ROW,Resto del mundo,298306887.0
2023,M,39,Plasticos y sus manufacturas,USA,Estados Unidos,98384129.0
2023,M,72,"Fundicion, hierro y acero",BRA,Brasil,209651136.0
2023,M,72,"Fundicion, hierro y acero",CHN,China,222331125.0
2023,M,72,"Fundicion, hierro y acero",PER,Peru,74490663.0
2023,M,72,"Fundicion, hierro y acero",ROW,Resto del mundo,242527077.0
2023,M,84,Maquinas y aparatos mecanicos,BRA,Brasil,365593789.0
2023,M,84,Maquinas y aparatos mecanicos,CHN,China,601511392.0
2023,M,84,Maquinas y aparatos mecanicos,DEU,Alemania,147800996.0
2023,M,84,Maquinas y aparatos mecanicos,ROW,Resto del mundo,512841164.0
2023,M,84,Maquinas y aparatos mecanicos,USA,Estados Unidos,298252659.0
2023,M,85,Maquinas y material electrico,BRA,Brasil,153597884.0
2023,M,85,Maquinas y material electrico,CHN,China,504570140.0
2023,M,85,Maquinas y material electrico,ROW,Resto del mundo,487486681.0
2023,M,85,Maquinas y material electrico,USA,Estados Unidos,138345295.0
2023,M,87,Vehiculos automoviles y partes,BRA,Brasil,262159787.0
2023,M,87,Vehiculos automoviles y partes,CHN,China,423638164.0
2023,M,87,Vehiculos automoviles y partes,JPN,Japon,244987162.0
2023,M,87,Vehiculos automoviles y partes,ROW,Resto del mundo,423821599.0
2023,M,87,Vehiculos automoviles y partes,USA,Estados Unidos,143393288.0
2023,M,99,Otros productos no especificados,BRA,Brasil,286364448.0
2023,M,99,Otros productos no especificados,CHN,China,396962962.0
2023,M,99,Otros productos no especificados,PER,Peru,227853592.0
2023,M,99,Otros productos no especificados,ROW,Resto del mundo,727334569.0
2023,M,99,Otros productos no especificados,USA,Estados Unidos,180484429.0
2023,X,02,Carnes (bovina),ARG,Argentina,190470.0
2023,X,02,Carnes (bovina),BEL,Belgica,528627.0
2023,X,02,Carnes (bovina),BRA,Brasil,206365.0
2023,X,02,Carnes (bovina),CHE,Suiza,110886.0
2023,X,02,Carnes (bovina),CHL,Chile,465166.0
2023,X,02,Carnes (bovina),CHN,China,152277487.0
2023,X,02,Carnes (bovina),COL,Colombia,577708.0
2023,X,02,Carnes (bovina),DEU,Alemania,717086.0
2023,X,02,Carnes (bovina),ECU,Ecuador,11617095.0
2023,X,02,Carnes (bovina),ESP,Espania,248009.0
2023,X,02,Carnes (bovina),IND,India,293763.0
2023,X,02,Carnes (bovina),JPN,Japon,1311375.0
2023,X,02,Carnes (bovina),NLD,Paises Bajos,1904682.0
2023,X,02,Carnes (bovina),PER,Peru,21939384.0
2023,X,02,Carnes (bovina),ROW,Resto del mundo,30681483.0
2023,X,02,Carnes (bovina),USA,Estados Unidos,1438157.0
2023,X,08,Frutas y frutos (castania / nuez del Brasil),ARE,Emiratos Arabes Unidos,861073.0
2023,X,08,Frutas y frutos (castania / nuez del Brasil),ARG,Argentina,272397.0
2023,X,08,Frutas y frutos (castania / nuez del Brasil),BRA,Brasil,239008.0
2023,X,08,Frutas y frutos (castania / nuez del Brasil),CAN,Canada,491784.0
2023,X,08,Frutas y frutos (castania / nuez del Brasil),CHL,Chile,869219.0
2023,X,08,Frutas y frutos (castania / nuez del Brasil),CHN,China,977281.0
2023,X,08,Frutas y frutos (castania / nuez del Brasil),COL,Colombia,233313.0
2023,X,08,Frutas y frutos (castania / nuez del Brasil),DEU,Alemania,240763.0
2023,X,08,Frutas y frutos (castania / nuez del Brasil),ECU,Ecuador,152378.0
2023,X,08,Frutas y frutos (castania / nuez del Brasil),ESP,Espania,24108141.0
2023,X,08,Frutas y frutos (castania / nuez del Brasil),GBR,Reino Unido,45333216.0
2023,X,08,Frutas y frutos (castania / nuez del Brasil),IND,India,311887.0
2023,X,08,Frutas y frutos (castania / nuez del Brasil),JPN,Japon,461042.0
2023,X,08,Frutas y frutos (castania / nuez del Brasil),KOR,Corea del Sur,311568.0
2023,X,08,Frutas y frutos (castania / nuez del Brasil),NLD,Paises Bajos,41221524.0
2023,X,08,Frutas y frutos (castania / nuez del Brasil),PER,Peru,677095.0
2023,X,08,Frutas y frutos (castania / nuez del Brasil),ROW,Resto del mundo,79898285.0
2023,X,08,Frutas y frutos (castania / nuez del Brasil),RUS,Rusia,181714.0
2023,X,08,Frutas y frutos (castania / nuez del Brasil),USA,Estados Unidos,33330726.0
2023,X,12,Semillas oleaginosas (grano de soya),ARG,Argentina,36993895.0
2023,X,12,Semillas oleaginosas (grano de soya),BEL,Belgica,328207.0
2023,X,12,Semillas oleaginosas (grano de soya),CAN,Canada,285636.0
2023,X,12,Semillas oleaginosas (grano de soya),CHL,Chile,1013681.0
2023,X,12,Semillas oleaginosas (grano de soya),COL,Colombia,34284012.0
2023,X,12,Semillas oleaginosas (grano de soya),DEU,Alemania,565515.0
2023,X,12,Semillas oleaginosas (grano de soya),ESP,Espania,1574870.0
2023,X,12,Semillas oleaginosas (grano de soya),GBR,Reino Unido,108757.0
2023,X,12,Semillas oleaginosas (grano de soya),IND,India,182462.0
2023,X,12,Semillas oleaginosas (grano de soya),JPN,Japon,402157.0
2023,X,12,Semillas oleaginosas (grano de soya),KOR,Corea del Sur,270982.0
2023,X,12,Semillas oleaginosas (grano de soya),NLD,Paises Bajos,285891.0
2023,X,12,Semillas oleaginosas (grano de soya),PER,Peru,36174568.0
2023,X,12,Semillas oleaginosas (grano de soya),ROW,Resto del mundo,72527220.0
2023,X,12,Semillas oleaginosas (grano de soya),RUS,Rusia,793141.0
2023,X,12,Semillas oleaginosas (grano de soya),USA,Estados Unidos,213588.0
2023,X,15,Grasas y aceites (aceite de soya),ARE,Emiratos Arabes Unidos,2110530.0
2023,X,15,Grasas y aceites (aceite de soya),ARG,Argentina,1777977.0
2023,X,15,Grasas y aceites (aceite de soya),BEL,Belgica,264916.0
2023,X,15,Grasas y aceites (aceite de soya),BRA,Brasil,346735.0
2023,X,15,Grasas y aceites (aceite de soya),CAN,Canada,683437.0
2023,X,15,Grasas y aceites (aceite de soya),CHE,Suiza,166086.0
2023,X,15,Grasas y aceites (aceite de soya),CHL,Chile,39547210.0
2023,X,15,Grasas y aceites (aceite de soya),CHN,China,240537.0
2023,X,15,Grasas y aceites (aceite de soya),COL,Colombia,97439297.0
2023,X,15,Grasas y aceites (aceite de soya),DEU,Alemania,2414698.0
2023,X,15,Grasas y aceites (aceite de soya),ECU,Ecuador,65911502.0
2023,X,15,Grasas y aceites (aceite de soya),GBR,Reino Unido,174931.0
2023,X,15,Grasas y aceites (aceite de soya),IND,India,1998864.0
2023,X,15,Grasas y aceites (aceite de soya),JPN,Japon,172678.0
2023,X,15,Grasas y aceites (aceite de soya),KOR,Corea del Sur,2340995.0
2023,X,15,Grasas y aceites (aceite de soya),NLD,Paises Bajos,221944.0
2023,X,15,Grasas y aceites (aceite de soya),PER,Peru,99728896.0
2023,X,15,Grasas y aceites (aceite de soya),ROW,Resto del mundo,105081296.0
2023,X,15,Grasas y aceites (aceite de soya),RUS,Rusia,957275.0
2023,X,15,Grasas y aceites (aceite de soya),USA,Estados Unidos,527119.0
2023,X,23,Residuos de la industria alimentaria (torta de soya),ARE,Emiratos Arabes Unidos,1030466.0
2023,X,23,Residuos de la industria alimentaria (torta de soya),ARG,Argentina,299539.0
2023,X,23,Residuos de la industria alimentaria (torta de soya),BEL,Belgica,350933.0
2023,X,23,Residuos de la industria alimentaria (torta de soya),BRA,Brasil,4625174.0
2023,X,23,Residuos de la industria alimentaria (torta de soya),CAN,Canada,2806762.0
2023,X,23,Residuos de la industria alimentaria (torta de soya),CHE,Suiza,3433886.0
2023,X,23,Residuos de la industria alimentaria (torta de soya),CHL,Chile,63791050.0
2023,X,23,Residuos de la industria alimentaria (torta de soya),CHN,China,1273112.0
2023,X,23,Residuos de la industria alimentaria (torta de soya),COL,Colombia,241457339.0
2023,X,23,Residuos de la industria alimentaria (torta de soya),ECU,Ecuador,171224709.0
2023,X,23,Residuos de la industria alimentaria (torta de soya),ESP,Espania,929217.0
2023,X,23,Residuos de la industria alimentaria (torta de soya),GBR,Reino Unido,1888886.0
2023,X,23,Residuos de la industria alimentaria (torta de soya),JPN,Japon,167410.0
2023,X,23,Residuos de la industria alimentaria (torta de soya),KOR,Corea del Sur,4471537.0
2023,X,23,Residuos de la industria alimentaria (torta de soya),PER,Peru,237982265.0
2023,X,23,Residuos de la industria alimentaria (torta de soya),ROW,Resto del mundo,101589041.0
2023,X,23,Residuos de la industria alimentaria (torta de soya),RUS,Rusia,719660.0
2023,X,23,Residuos de la industria alimentaria (torta de soya),USA,Estados Unidos,706087.0
2023,X,25,"Sal, azufre, boratos (ulexita)",BRA,Brasil,19881946.0
2023,X,25,"Sal, azufre, boratos (ulexita)",CAN,Canada,121268.0
2023,X,25,"Sal, azufre, boratos (ulexita)",CHE,Suiza,518325.0
2023,X,25,"Sal, azufre, boratos (ulexita)",CHL,Chile,115863.0
2023,X,25,"Sal, azufre, boratos (ulexita)",CHN,China,10769101.0
2023,X,25,"Sal, azufre, boratos (ulexita)",IND,India,633244.0
2023,X,25,"Sal, azufre, boratos (ulexita)",JPN,Japon,530131.0
2023,X,25,"Sal, azufre, boratos (ulexita)",KOR,Corea del Sur,114712.0
2023,X,25,"Sal, azufre, boratos (ulexita)",NLD,Paises Bajos,691268.0
2023,X,25,"Sal, azufre, boratos (ulexita)",PER,Peru,578460.0
2023,X,25,"Sal, azufre, boratos (ulexita)",ROW,Resto del mundo,43777555.0
2023,X,25,"Sal, azufre, boratos (ulexita)",RUS,Rusia,216408.0
2023,X,25,"Sal, azufre, boratos (ulexita)",USA,Estados Unidos,25849245.0
2023,X,26,"Minerales metaliferos (zinc, plomo, plata en concentrado)",ARE,Emiratos Arabes Unidos,2207601.0
2023,X,26,"Minerales metaliferos (zinc, plomo, plata en concentrado)",ARG,Argentina,896058.0
2023,X,26,"Minerales metaliferos (zinc, plomo, plata en concentrado)",BEL,Belgica,206192567.0
2023,X,26,"Minerales metaliferos (zinc, plomo, plata en concentrado)",BRA,Brasil,5483862.0
2023,X,26,"Minerales metaliferos (zinc, plomo, plata en concentrado)",CAN,Canada,3370580.0
2023,X,26,"Minerales metaliferos (zinc, plomo, plata en concentrado)",CHE,Suiza,2167738.0
2023,X,26,"Minerales metaliferos (zinc, plomo, plata en concentrado)",CHL,Chile,995821.0
2023,X,26,"Minerales metaliferos (zinc, plomo, plata en concentrado)",CHN,China,452746224.0
2023,X,26,"Minerales metaliferos (zinc, plomo, plata en concentrado)",COL,Colombia,997954.0
2023,X,26,"Minerales metaliferos (zinc, plomo, plata en concentrado)",DEU,Alemania,17092525.0
2023,X,26,"Minerales metaliferos (zinc, plomo, plata en concentrado)",ECU,Ecuador,3355125.0
2023,X,26,"Minerales metaliferos (zinc, plomo, plata en concentrado)",ESP,Espania,163192190.0
2023,X,26,"Minerales metaliferos (zinc, plomo, plata en concentrado)",GBR,Reino Unido,1067855.0
2023,X,26,"Minerales metaliferos (zinc, plomo, plata en concentrado)",IND,India,205625272.0
2023,X,26,"Minerales metaliferos (zinc, plomo, plata en concentrado)",JPN,Japon,361115410.0
2023,X,26,"Minerales metaliferos (zinc, plomo, plata en concentrado)",KOR,Corea del Sur,231994468.0
2023,X,26,"Minerales metaliferos (zinc, plomo, plata en concentrado)",NLD,Paises Bajos,127033305.0
2023,X,26,"Minerales metaliferos (zinc, plomo, plata en concentrado)",PER,Peru,9423506.0
2023,X,26,"Minerales metaliferos (zinc, plomo, plata en concentrado)",ROW,Resto del mundo,251614430.0
2023,X,26,"Minerales metaliferos (zinc, plomo, plata en concentrado)",RUS,Rusia,1512123.0
2023,X,26,"Minerales metaliferos (zinc, plomo, plata en concentrado)",USA,Estados Unidos,2525436.0
2023,X,27,Combustibles minerales (gas natural),ARE,Emiratos Arabes Unidos,7279302.0
2023,X,27,Combustibles minerales (gas natural),ARG,Argentina,321968764.0
2023,X,27,Combustibles minerales (gas natural),BEL,Belgica,9670684.0
2023,X,27,Combustibles minerales (gas natural),BRA,Brasil,1647130028.0
2023,X,27,Combustibles minerales (gas natural),CAN,Canada,13182157.0
2023,X,27,Combustibles minerales (gas natural),CHE,Suiza,1583045.0
2023,X,27,Combustibles minerales (gas natural),CHL,Chile,2182842.0
2023,X,27,Combustibles minerales (gas natural),CHN,China,5967188.0
2023,X,27,Combustibles minerales (gas natural),COL,Colombia,366049.0
2023,X,27,Combustibles minerales (gas natural),DEU,Alemania,2865138.0
2023,X,27,Combustibles minerales (gas natural),ECU,Ecuador,4286996.0
2023,X,27,Combustibles minerales (gas natural),ESP,Espania,2456776.0
2023,X,27,Combustibles minerales (gas natural),GBR,Reino Unido,859395.0
2023,X,27,Combustibles minerales (gas natural),IND,India,965242.0
2023,X,27,Combustibles minerales (gas natural),JPN,Japon,434245.0
2023,X,27,Combustibles minerales (gas natural),KOR,Corea del Sur,2564006.0
2023,X,27,Combustibles minerales (gas natural),NLD,Paises Bajos,925925.0
2023,X,27,Combustibles minerales (gas natural),PER,Peru,17527471.0
2023,X,27,Combustibles minerales (gas natural),ROW,Resto del mundo,43478192.0
2023,X,27,Combustibles minerales (gas natural),RUS,Rusia,973624.0
2023,X,27,Combustibles minerales (gas natural),USA,Estados Unidos,2323383.0
2023,X,44,Madera y manufacturas de madera,ARE,Emiratos Arabes Unidos,503776.0
2023,X,44,Madera y manufacturas de madera,ARG,Argentina,12658872.0
2023,X,44,Madera y manufacturas de madera,BEL,Belgica,168565.0
2023,X,44,Madera y manufacturas de madera,BRA,Brasil,369222.0
2023,X,44,Madera y manufacturas de madera,CHL,Chile,135816.0
2023,X,44,Madera y manufacturas de madera,DEU,Alemania,322257.0
2023,X,44,Madera y manufacturas de madera,ECU,Ecuador,194594.0
2023,X,44,Madera y manufacturas de madera,ESP,Espania,130138.0
2023,X,44,Madera y manufacturas de madera,IND,India,107324.0
2023,X,44,Madera y manufacturas de madera,KOR,Corea del Sur,127187.0
2023,X,44,Madera y manufacturas de madera,NLD,Paises Bajos,157829.0
2023,X,44,Madera y manufacturas de madera,PER,Peru,7215234.0
2023,X,44,Madera y manufacturas de madera,ROW,Resto del mundo,44725058.0
2023,X,44,Madera y manufacturas de madera,RUS,Rusia,101521.0
2023,X,44,Madera y manufacturas de madera,USA,Estados Unidos,15053468.0
2023,X,71,"Metales y piedras preciosas (oro, plata metalica, joyeria)",ARE,Emiratos Arabes Unidos,389306642.0
2023,X,71,"Metales y piedras preciosas (oro, plata metalica, joyeria)",ARG,Argentina,3769071.0
2023,X,71,"Metales y piedras preciosas (oro, plata metalica, joyeria)",BEL,Belgica,1030726.0
2023,X,71,"Metales y piedras preciosas (oro, plata metalica, joyeria)",BRA,Brasil,6639081.0
2023,X,71,"Metales y piedras preciosas (oro, plata metalica, joyeria)",CAN,Canada,121841352.0
2023,X,71,"Metales y piedras preciosas (oro, plata metalica, joyeria)",CHE,Suiza,325058214.0
2023,X,71,"Metales y piedras preciosas (oro, plata metalica, joyeria)",CHL,Chile,9985503.0
2023,X,71,"Metales y piedras preciosas (oro, plata metalica, joyeria)",CHN,China,7485395.0
2023,X,71,"Metales y piedras preciosas (oro, plata metalica, joyeria)",COL,Colombia,4293539.0
2023,X,71,"Metales y piedras preciosas (oro, plata metalica, joyeria)",DEU,Alemania,3220445.0
2023,X,71,"Metales y piedras preciosas (oro, plata metalica, joyeria)",ECU,Ecuador,3515479.0
2023,X,71,"Metales y piedras preciosas (oro, plata metalica, joyeria)",ESP,Espania,1368129.0
2023,X,71,"Metales y piedras preciosas (oro, plata metalica, joyeria)",GBR,Reino Unido,3312649.0
2023,X,71,"Metales y piedras preciosas (oro, plata metalica, joyeria)",IND,India,785990532.0
2023,X,71,"Metales y piedras preciosas (oro, plata metalica, joyeria)",JPN,Japon,2478296.0
2023,X,71,"Metales y piedras preciosas (oro, plata metalica, joyeria)",KOR,Corea del Sur,945392.0
2023,X,71,"Metales y piedras preciosas (oro, plata metalica, joyeria)",NLD,Paises Bajos,10450948.0
2023,X,71,"Metales y piedras preciosas (oro, plata metalica, joyeria)",PER,Peru,3299099.0
2023,X,71,"Metales y piedras preciosas (oro, plata metalica, joyeria)",ROW,Resto del mundo,311866858.0
2023,X,71,"Metales y piedras preciosas (oro, plata metalica, joyeria)",RUS,Rusia,347631.0
2023,X,71,"Metales y piedras preciosas (oro, plata metalica, joyeria)",USA,Estados Unidos,262755823.0
2023,X,80,Estanio y sus manufacturas,ARE,Emiratos Arabes Unidos,508973.0
2023,X,80,Estanio y sus manufacturas,ARG,Argentina,301376.0
2023,X,80,Estanio y sus manufacturas,BEL,Belgica,61571362.0
2023,X,80,Estanio y sus manufacturas,BRA,Brasil,100017534.0
2023,X,80,Estanio y sus manufacturas,CAN,Canada,3356276.0
2023,X,80,Estanio y sus manufacturas,CHE,Suiza,257593.0
2023,X,80,Estanio y sus manufacturas,CHL,Chile,1177986.0
2023,X,80,Estanio y sus manufacturas,CHN,China,857155.0
2023,X,80,Estanio y sus manufacturas,COL,Colombia,234534.0
2023,X,80,Estanio y sus manufacturas,DEU,Alemania,1682974.0
2023,X,80,Estanio y sus manufacturas,ECU,Ecuador,1264648.0
2023,X,80,Estanio y sus manufacturas,ESP,Espania,2918010.0
2023,X,80,Estanio y sus manufacturas,GBR,Reino Unido,295890.0
2023,X,80,Estanio y sus manufacturas,IND,India,1331112.0
2023,X,80,Estanio y sus manufacturas,JPN,Japon,1444423.0
2023,X,80,Estanio y sus manufacturas,KOR,Corea del Sur,135513.0
2023,X,80,Estanio y sus manufacturas,NLD,Paises Bajos,54730409.0
2023,X,80,Estanio y sus manufacturas,PER,Peru,372237.0
2023,X,80,Estanio y sus manufacturas,ROW,Resto del mundo,216898988.0
2023,X,80,Estanio y sus manufacturas,RUS,Rusia,732578.0
2023,X,80,Estanio y sus manufacturas,USA,Estados Unidos,174962690.0
2023,X,99,Otros productos no especificados,ARE,Emiratos Arabes Unidos,3840010.0
2023,X,99,Otros productos no especificados,ARG,Argentina,129151008.0
2023,X,99,Otros productos no especificados,BEL,Belgica,1874319.0
2023,X,99,Otros productos no especificados,BRA,Brasil,208880889.0
2023,X,99,Otros productos no especificados,CAN,Canada,2218696.0
2023,X,99,Otros productos no especificados,CHE,Suiza,5510084.0
2023,X,99,Otros productos no especificados,CHL,Chile,125797683.0
2023,X,99,Otros productos no especificados,CHN,China,163239697.0
2023,X,99,Otros productos no especificados,COL,Colombia,17890302.0
2023,X,99,Otros productos no especificados,DEU,Alemania,7335973.0
2023,X,99,Otros productos no especificados,ECU,Ecuador,2103789.0
2023,X,99,Otros productos no especificados,ESP,Espania,163636.0
2023,X,99,Otros productos no especificados,GBR,Reino Unido,2037713.0
2023,X,99,Otros productos no especificados,IND,India,1841958.0
2023,X,99,Otros productos no especificados,JPN,Japon,408733.0
2023,X,99,Otros productos no especificados,KOR,Corea del Sur,5174481.0
2023,X,99,Otros productos no especificados,NLD,Paises Bajos,5713150.0
2023,X,99,Otros productos no especificados,PER,Peru,156287900.0
2023,X,99,Otros productos no especificados,ROW,Resto del mundo,622343294.0
2023,X,99,Otros productos no especificados,RUS,Rusia,5812789.0
2023,X,99,Otros productos no especificados,USA,Estados Unidos,330769876.0
2024,M,10,Cereales (trigo),ARG,Argentina,122310073.0
2024,M,10,Cereales (trigo),BRA,Brasil,31911304.0
2024,M,10,Cereales (trigo),ROW,Resto del mundo,73454524.0
2024,M,10,Cereales (trigo),USA,Estados Unidos,60324098.0
2024,M,27,"Combustibles (diesel, gasolinas)",ARG,Argentina,225175134.0
2024,M,27,"Combustibles (diesel, gasolinas)",CHL,Chile,252291083.0
2024,M,27,"Combustibles (diesel, gasolinas)",PER,Peru,130724517.0
2024,M,27,"Combustibles (diesel, gasolinas)",ROW,Resto del mundo,385662248.0
2024,M,27,"Combustibles (diesel, gasolinas)",USA,Estados Unidos,254147018.0
2024,M,30,Productos farmaceuticos,ARG,Argentina,48464056.0
2024,M,30,Productos farmaceuticos,CHN,China,51858486.0
2024,M,30,Productos farmaceuticos,DEU,Alemania,61132088.0
2024,M,30,Productos farmaceuticos,ROW,Resto del mundo,226619316.0
2024,M,30,Productos farmaceuticos,USA,Estados Unidos,91926053.0
2024,M,31,Abonos (fertilizantes),CHN,China,77154513.0
2024,M,31,Abonos (fertilizantes),ROW,Resto del mundo,210451581.0
2024,M,31,Abonos (fertilizantes),RUS,Rusia,56698956.0
2024,M,31,Abonos (fertilizantes),USA,Estados Unidos,39694950.0
2024,M,39,Plasticos y sus manufacturas,BRA,Brasil,136523658.0
2024,M,39,Plasticos y sus manufacturas,CHN,China,157211042.0
2024,M,39,Plasticos y sus manufacturas,ROW,Resto del mundo,296592644.0
2024,M,39,Plasticos y sus manufacturas,USA,Estados Unidos,81672655.0
2024,M,72,"Fundicion, hierro y acero",BRA,Brasil,177914735.0
2024,M,72,"Fundicion, hierro y acero",CHN,China,192963820.0
2024,M,72,"Fundicion, hierro y acero",PER,Peru,65303010.0
2024,M,72,"Fundicion, hierro y acero",ROW,Resto del mundo,235818436.0
2024,M,84,Maquinas y aparatos mecanicos,BRA,Brasil,296883801.0
2024,M,84,Maquinas y aparatos mecanicos,CHN,China,542905592.0
2024,M,84,Maquinas y aparatos mecanicos,DEU,Alemania,140198248.0
2024,M,84,Maquinas y aparatos mecanicos,ROW,Resto del mundo,463945574.0
2024,M,84,Maquinas y aparatos mecanicos,USA,Estados Unidos,284066785.0
2024,M,85,Maquinas y material electrico,BRA,Brasil,128506465.0
2024,M,85,Maquinas y material electrico,CHN,China,485167325.0
2024,M,85,Maquinas y material electrico,ROW,Resto del mundo,415754910.0
2024,M,85,Maquinas y material electrico,USA,Estados Unidos,122571299.0
2024,M,87,Vehiculos automoviles y partes,BRA,Brasil,215007810.0
2024,M,87,Vehiculos automoviles y partes,CHN,China,392691074.0
2024,M,87,Vehiculos automoviles y partes,JPN,Japon,248081610.0
2024,M,87,Vehiculos automoviles y partes,ROW,Resto del mundo,351921897.0
2024,M,87,Vehiculos automoviles y partes,USA,Estados Unidos,136297609.0
2024,M,99,Otros productos no especificados,BRA,Brasil,284720494.0
2024,M,99,Otros productos no especificados,CHN,China,329579914.0
2024,M,99,Otros productos no especificados,PER,Peru,159174612.0
2024,M,99,Otros productos no especificados,ROW,Resto del mundo,711604432.0
2024,M,99,Otros productos no especificados,USA,Estados Unidos,146920548.0
2024,X,02,Carnes (bovina),ARE,Emiratos Arabes Unidos,318674.0
2024,X,02,Carnes (bovina),ARG,Argentina,529550.0
2024,X,02,Carnes (bovina),BEL,Belgica,209260.0
2024,X,02,Carnes (bovina),BRA,Brasil,803504.0
2024,X,02,Carnes (bovina),CAN,Canada,338898.0
2024,X,02,Carnes (bovina),CHE,Suiza,190370.0
2024,X,02,Carnes (bovina),CHL,Chile,740589.0
2024,X,02,Carnes (bovina),CHN,China,124223352.0
2024,X,02,Carnes (bovina),COL,Colombia,482384.0
2024,X,02,Carnes (bovina),DEU,Alemania,263349.0
2024,X,02,Carnes (bovina),ECU,Ecuador,9331237.0
2024,X,02,Carnes (bovina),ESP,Espania,164131.0
2024,X,02,Carnes (bovina),GBR,Reino Unido,227032.0
2024,X,02,Carnes (bovina),IND,India,723478.0
2024,X,02,Carnes (bovina),JPN,Japon,1306548.0
2024,X,02,Carnes (bovina),KOR,Corea del Sur,119909.0
2024,X,02,Carnes (bovina),NLD,Paises Bajos,140939.0
2024,X,02,Carnes (bovina),PER,Peru,17436641.0
2024,X,02,Carnes (bovina),ROW,Resto del mundo,29404058.0
2024,X,02,Carnes (bovina),RUS,Rusia,297690.0
2024,X,02,Carnes (bovina),USA,Estados Unidos,131406.0
2024,X,08,Frutas y frutos (castania / nuez del Brasil),ARG,Argentina,208339.0
2024,X,08,Frutas y frutos (castania / nuez del Brasil),BEL,Belgica,166351.0
2024,X,08,Frutas y frutos (castania / nuez del Brasil),BRA,Brasil,443033.0
2024,X,08,Frutas y frutos (castania / nuez del Brasil),CAN,Canada,469327.0
2024,X,08,Frutas y frutos (castania / nuez del Brasil),CHE,Suiza,136013.0
2024,X,08,Frutas y frutos (castania / nuez del Brasil),CHL,Chile,414753.0
2024,X,08,Frutas y frutos (castania / nuez del Brasil),CHN,China,870288.0
2024,X,08,Frutas y frutos (castania / nuez del Brasil),COL,Colombia,208618.0
2024,X,08,Frutas y frutos (castania / nuez del Brasil),ECU,Ecuador,989259.0
2024,X,08,Frutas y frutos (castania / nuez del Brasil),ESP,Espania,19961903.0
2024,X,08,Frutas y frutos (castania / nuez del Brasil),GBR,Reino Unido,34637247.0
2024,X,08,Frutas y frutos (castania / nuez del Brasil),IND,India,641668.0
2024,X,08,Frutas y frutos (castania / nuez del Brasil),JPN,Japon,232224.0
2024,X,08,Frutas y frutos (castania / nuez del Brasil),KOR,Corea del Sur,137290.0
2024,X,08,Frutas y frutos (castania / nuez del Brasil),NLD,Paises Bajos,34910956.0
2024,X,08,Frutas y frutos (castania / nuez del Brasil),PER,Peru,389230.0
2024,X,08,Frutas y frutos (castania / nuez del Brasil),ROW,Resto del mundo,66579852.0
2024,X,08,Frutas y frutos (castania / nuez del Brasil),RUS,Rusia,303782.0
2024,X,08,Frutas y frutos (castania / nuez del Brasil),USA,Estados Unidos,25595194.0
2024,X,12,Semillas oleaginosas (grano de soya),ARE,Emiratos Arabes Unidos,117792.0
2024,X,12,Semillas oleaginosas (grano de soya),ARG,Argentina,27290084.0
2024,X,12,Semillas oleaginosas (grano de soya),BEL,Belgica,392926.0
2024,X,12,Semillas oleaginosas (grano de soya),CAN,Canada,405218.0
2024,X,12,Semillas oleaginosas (grano de soya),CHE,Suiza,218576.0
2024,X,12,Semillas oleaginosas (grano de soya),CHL,Chile,254407.0
2024,X,12,Semillas oleaginosas (grano de soya),CHN,China,126055.0
2024,X,12,Semillas oleaginosas (grano de soya),COL,Colombia,27989628.0
2024,X,12,Semillas oleaginosas (grano de soya),ECU,Ecuador,852061.0
2024,X,12,Semillas oleaginosas (grano de soya),ESP,Espania,167081.0
2024,X,12,Semillas oleaginosas (grano de soya),GBR,Reino Unido,106418.0
2024,X,12,Semillas oleaginosas (grano de soya),IND,India,184815.0
2024,X,12,Semillas oleaginosas (grano de soya),JPN,Japon,275883.0
2024,X,12,Semillas oleaginosas (grano de soya),NLD,Paises Bajos,847745.0
2024,X,12,Semillas oleaginosas (grano de soya),PER,Peru,31081235.0
2024,X,12,Semillas oleaginosas (grano de soya),ROW,Resto del mundo,59563502.0
2024,X,12,Semillas oleaginosas (grano de soya),RUS,Rusia,1269518.0
2024,X,12,Semillas oleaginosas (grano de soya),USA,Estados Unidos,382870.0
2024,X,15,Grasas y aceites (aceite de soya),ARE,Emiratos Arabes Unidos,220149.0
2024,X,15,Grasas y aceites (aceite de soya),ARG,Argentina,1365539.0
2024,X,15,Grasas y aceites (aceite de soya),BEL,Belgica,379300.0
2024,X,15,Grasas y aceites (aceite de soya),BRA,Brasil,175881.0
2024,X,15,Grasas y aceites (aceite de soya),CAN,Canada,1621420.0
2024,X,15,Grasas y aceites (aceite de soya),CHE,Suiza,119245.0
2024,X,15,Grasas y aceites (aceite de soya),CHL,Chile,33993853.0
2024,X,15,Grasas y aceites (aceite de soya),CHN,China,848060.0
2024,X,15,Grasas y aceites (aceite de soya),COL,Colombia,85266327.0
2024,X,15,Grasas y aceites (aceite de soya),DEU,Alemania,1098437.0
2024,X,15,Grasas y aceites (aceite de soya),ECU,Ecuador,45562645.0
2024,X,15,Grasas y aceites (aceite de soya),ESP,Espania,276924.0
2024,X,15,Grasas y aceites (aceite de soya),GBR,Reino Unido,502314.0
2024,X,15,Grasas y aceites (aceite de soya),IND,India,1121422.0
2024,X,15,Grasas y aceites (aceite de soya),JPN,Japon,1835206.0
2024,X,15,Grasas y aceites (aceite de soya),KOR,Corea del Sur,187253.0
2024,X,15,Grasas y aceites (aceite de soya),NLD,Paises Bajos,267670.0
2024,X,15,Grasas y aceites (aceite de soya),PER,Peru,73888991.0
2024,X,15,Grasas y aceites (aceite de soya),ROW,Resto del mundo,80698207.0
2024,X,15,Grasas y aceites (aceite de soya),RUS,Rusia,107942.0
2024,X,15,Grasas y aceites (aceite de soya),USA,Estados Unidos,614217.0
2024,X,23,Residuos de la industria alimentaria (torta de soya),ARE,Emiratos Arabes Unidos,650421.0
2024,X,23,Residuos de la industria alimentaria (torta de soya),ARG,Argentina,507820.0
2024,X,23,Residuos de la industria alimentaria (torta de soya),BEL,Belgica,1812189.0
2024,X,23,Residuos de la industria alimentaria (torta de soya),BRA,Brasil,247822.0
2024,X,23,Residuos de la industria alimentaria (torta de soya),CAN,Canada,652567.0
2024,X,23,Residuos de la industria alimentaria (torta de soya),CHE,Suiza,1242131.0
2024,X,23,Residuos de la industria alimentaria (torta de soya),CHL,Chile,46881875.0
2024,X,23,Residuos de la industria alimentaria (torta de soya),CHN,China,2055858.0
2024,X,23,Residuos de la industria alimentaria (torta de soya),COL,Colombia,188608957.0
2024,X,23,Residuos de la industria alimentaria (torta de soya),DEU,Alemania,649881.0
2024,X,23,Residuos de la industria alimentaria (torta de soya),ECU,Ecuador,134983838.0
2024,X,23,Residuos de la industria alimentaria (torta de soya),ESP,Espania,382432.0
2024,X,23,Residuos de la industria alimentaria (torta de soya),GBR,Reino Unido,1957794.0
2024,X,23,Residuos de la industria alimentaria (torta de soya),IND,India,682906.0
2024,X,23,Residuos de la industria alimentaria (torta de soya),JPN,Japon,695306.0
2024,X,23,Residuos de la industria alimentaria (torta de soya),KOR,Corea del Sur,1531900.0
2024,X,23,Residuos de la industria alimentaria (torta de soya),NLD,Paises Bajos,2309515.0
2024,X,23,Residuos de la industria alimentaria (torta de soya),PER,Peru,191801585.0
2024,X,23,Residuos de la industria alimentaria (torta de soya),ROW,Resto del mundo,69419458.0
2024,X,23,Residuos de la industria alimentaria (torta de soya),RUS,Rusia,454043.0
2024,X,23,Residuos de la industria alimentaria (torta de soya),USA,Estados Unidos,3850701.0
2024,X,25,"Sal, azufre, boratos (ulexita)",ARE,Emiratos Arabes Unidos,229678.0
2024,X,25,"Sal, azufre, boratos (ulexita)",ARG,Argentina,111108.0
2024,X,25,"Sal, azufre, boratos (ulexita)",BRA,Brasil,16319333.0
2024,X,25,"Sal, azufre, boratos (ulexita)",CAN,Canada,270885.0
2024,X,25,"Sal, azufre, boratos (ulexita)",CHN,China,8395110.0
2024,X,25,"Sal, azufre, boratos (ulexita)",COL,Colombia,193530.0
2024,X,25,"Sal, azufre, boratos (ulexita)",DEU,Alemania,284992.0
2024,X,25,"Sal, azufre, boratos (ulexita)",ESP,Espania,297161.0
2024,X,25,"Sal, azufre, boratos (ulexita)",IND,India,215259.0
2024,X,25,"Sal, azufre, boratos (ulexita)",JPN,Japon,192464.0
2024,X,25,"Sal, azufre, boratos (ulexita)",KOR,Corea del Sur,162321.0
2024,X,25,"Sal, azufre, boratos (ulexita)",NLD,Paises Bajos,304258.0
2024,X,25,"Sal, azufre, boratos (ulexita)",PER,Peru,195996.0
2024,X,25,"Sal, azufre, boratos (ulexita)",ROW,Resto del mundo,31688356.0
2024,X,25,"Sal, azufre, boratos (ulexita)",RUS,Rusia,229719.0
2024,X,25,"Sal, azufre, boratos (ulexita)",USA,Estados Unidos,21017003.0
2024,X,26,"Minerales metaliferos (zinc, plomo, plata en concentrado)",ARE,Emiratos Arabes Unidos,2087661.0
2024,X,26,"Minerales metaliferos (zinc, plomo, plata en concentrado)",ARG,Argentina,4203105.0
2024,X,26,"Minerales metaliferos (zinc, plomo, plata en concentrado)",BEL,Belgica,173001003.0
2024,X,26,"Minerales metaliferos (zinc, plomo, plata en concentrado)",BRA,Brasil,4519972.0
2024,X,26,"Minerales metaliferos (zinc, plomo, plata en concentrado)",CAN,Canada,5411346.0
2024,X,26,"Minerales metaliferos (zinc, plomo, plata en concentrado)",CHE,Suiza,1236481.0
2024,X,26,"Minerales metaliferos (zinc, plomo, plata en concentrado)",CHL,Chile,3990429.0
2024,X,26,"Minerales metaliferos (zinc, plomo, plata en concentrado)",CHN,China,325100200.0
2024,X,26,"Minerales metaliferos (zinc, plomo, plata en concentrado)",COL,Colombia,814173.0
2024,X,26,"Minerales metaliferos (zinc, plomo, plata en concentrado)",DEU,Alemania,244085.0
2024,X,26,"Minerales metaliferos (zinc, plomo, plata en concentrado)",ECU,Ecuador,1836053.0
2024,X,26,"Minerales metaliferos (zinc, plomo, plata en concentrado)",ESP,Espania,132669427.0
2024,X,26,"Minerales metaliferos (zinc, plomo, plata en concentrado)",GBR,Reino Unido,1231589.0
2024,X,26,"Minerales metaliferos (zinc, plomo, plata en concentrado)",IND,India,170076125.0
2024,X,26,"Minerales metaliferos (zinc, plomo, plata en concentrado)",JPN,Japon,255578031.0
2024,X,26,"Minerales metaliferos (zinc, plomo, plata en concentrado)",KOR,Corea del Sur,213243236.0
2024,X,26,"Minerales metaliferos (zinc, plomo, plata en concentrado)",NLD,Paises Bajos,104964913.0
2024,X,26,"Minerales metaliferos (zinc, plomo, plata en concentrado)",PER,Peru,502154.0
2024,X,26,"Minerales metaliferos (zinc, plomo, plata en concentrado)",ROW,Resto del mundo,237854450.0
2024,X,26,"Minerales metaliferos (zinc, plomo, plata en concentrado)",RUS,Rusia,2953390.0
2024,X,26,"Minerales metaliferos (zinc, plomo, plata en concentrado)",USA,Estados Unidos,314177.0
2024,X,27,Combustibles minerales (gas natural),ARE,Emiratos Arabes Unidos,665214.0
2024,X,27,Combustibles minerales (gas natural),ARG,Argentina,233308686.0
2024,X,27,Combustibles minerales (gas natural),BEL,Belgica,416053.0
2024,X,27,Combustibles minerales (gas natural),BRA,Brasil,1295126773.0
2024,X,27,Combustibles minerales (gas natural),CAN,Canada,22103151.0
2024,X,27,Combustibles minerales (gas natural),CHE,Suiza,390813.0
2024,X,27,Combustibles minerales (gas natural),CHL,Chile,1463427.0
2024,X,27,Combustibles minerales (gas natural),CHN,China,1102849.0
2024,X,27,Combustibles minerales (gas natural),COL,Colombia,749016.0
2024,X,27,Combustibles minerales (gas natural),DEU,Alemania,175498.0
2024,X,27,Combustibles minerales (gas natural),ECU,Ecuador,894447.0
2024,X,27,Combustibles minerales (gas natural),ESP,Espania,711846.0
2024,X,27,Combustibles minerales (gas natural),GBR,Reino Unido,199070.0
2024,X,27,Combustibles minerales (gas natural),IND,India,3966542.0
2024,X,27,Combustibles minerales (gas natural),JPN,Japon,1425063.0
2024,X,27,Combustibles minerales (gas natural),KOR,Corea del Sur,8252976.0
2024,X,27,Combustibles minerales (gas natural),NLD,Paises Bajos,4506634.0
2024,X,27,Combustibles minerales (gas natural),PER,Peru,2056951.0
2024,X,27,Combustibles minerales (gas natural),ROW,Resto del mundo,31434989.0
2024,X,27,Combustibles minerales (gas natural),RUS,Rusia,5852555.0
2024,X,27,Combustibles minerales (gas natural),USA,Estados Unidos,260447.0
2024,X,44,Madera y manufacturas de madera,ARG,Argentina,8769695.0
2024,X,44,Madera y manufacturas de madera,BRA,Brasil,230723.0
2024,X,44,Madera y manufacturas de madera,CHN,China,345513.0
2024,X,44,Madera y manufacturas de madera,COL,Colombia,120171.0
2024,X,44,Madera y manufacturas de madera,ECU,Ecuador,146579.0
2024,X,44,Madera y manufacturas de madera,ESP,Espania,127875.0
2024,X,44,Madera y manufacturas de madera,IND,India,186257.0
2024,X,44,Madera y manufacturas de madera,JPN,Japon,487921.0
2024,X,44,Madera y manufacturas de madera,NLD,Paises Bajos,200034.0
2024,X,44,Madera y manufacturas de madera,PER,Peru,5877198.0
2024,X,44,Madera y manufacturas de madera,ROW,Resto del mundo,34264824.0
2024,X,44,Madera y manufacturas de madera,RUS,Rusia,139156.0
2024,X,44,Madera y manufacturas de madera,USA,Estados Unidos,11183318.0
2024,X,71,"Metales y piedras preciosas (oro, plata metalica, joyeria)",ARE,Emiratos Arabes Unidos,332607700.0
2024,X,71,"Metales y piedras preciosas (oro, plata metalica, joyeria)",ARG,Argentina,12897907.0
2024,X,71,"Metales y piedras preciosas (oro, plata metalica, joyeria)",BEL,Belgica,3901962.0
2024,X,71,"Metales y piedras preciosas (oro, plata metalica, joyeria)",BRA,Brasil,3536550.0
2024,X,71,"Metales y piedras preciosas (oro, plata metalica, joyeria)",CAN,Canada,110306969.0
2024,X,71,"Metales y piedras preciosas (oro, plata metalica, joyeria)",CHE,Suiza,311242734.0
2024,X,71,"Metales y piedras preciosas (oro, plata metalica, joyeria)",CHL,Chile,1287045.0
2024,X,71,"Metales y piedras preciosas (oro, plata metalica, joyeria)",CHN,China,818710.0
2024,X,71,"Metales y piedras preciosas (oro, plata metalica, joyeria)",COL,Colombia,1584548.0
2024,X,71,"Metales y piedras preciosas (oro, plata metalica, joyeria)",DEU,Alemania,3679662.0
2024,X,71,"Metales y piedras preciosas (oro, plata metalica, joyeria)",ECU,Ecuador,2025075.0
2024,X,71,"Metales y piedras preciosas (oro, plata metalica, joyeria)",ESP,Espania,1893051.0
2024,X,71,"Metales y piedras preciosas (oro, plata metalica, joyeria)",GBR,Reino Unido,5288761.0
2024,X,71,"Metales y piedras preciosas (oro, plata metalica, joyeria)",IND,India,705624599.0
2024,X,71,"Metales y piedras preciosas (oro, plata metalica, joyeria)",JPN,Japon,2213415.0
2024,X,71,"Metales y piedras preciosas (oro, plata metalica, joyeria)",KOR,Corea del Sur,1635606.0
2024,X,71,"Metales y piedras preciosas (oro, plata metalica, joyeria)",NLD,Paises Bajos,2060564.0
2024,X,71,"Metales y piedras preciosas (oro, plata metalica, joyeria)",PER,Peru,5017023.0
2024,X,71,"Metales y piedras preciosas (oro, plata metalica, joyeria)",ROW,Resto del mundo,302976522.0
2024,X,71,"Metales y piedras preciosas (oro, plata metalica, joyeria)",RUS,Rusia,4703160.0
2024,X,71,"Metales y piedras preciosas (oro, plata metalica, joyeria)",USA,Estados Unidos,254834437.0
2024,X,80,Estanio y sus manufacturas,ARE,Emiratos Arabes Unidos,1497080.0
2024,X,80,Estanio y sus manufacturas,ARG,Argentina,2806844.0
2024,X,80,Estanio y sus manufacturas,BEL,Belgica,48201999.0
2024,X,80,Estanio y sus manufacturas,BRA,Brasil,70509412.0
2024,X,80,Estanio y sus manufacturas,CAN,Canada,3033376.0
2024,X,80,Estanio y sus manufacturas,CHE,Suiza,398935.0
2024,X,80,Estanio y sus manufacturas,CHL,Chile,993764.0
2024,X,80,Estanio y sus manufacturas,CHN,China,241473.0
2024,X,80,Estanio y sus manufacturas,COL,Colombia,1140604.0
2024,X,80,Estanio y sus manufacturas,DEU,Alemania,1994789.0
2024,X,80,Estanio y sus manufacturas,ECU,Ecuador,1280563.0
2024,X,80,Estanio y sus manufacturas,ESP,Espania,467093.0
2024,X,80,Estanio y sus manufacturas,GBR,Reino Unido,1474285.0
2024,X,80,Estanio y sus manufacturas,IND,India,569510.0
2024,X,80,Estanio y sus manufacturas,JPN,Japon,488004.0
2024,X,80,Estanio y sus manufacturas,KOR,Corea del Sur,1331018.0
2024,X,80,Estanio y sus manufacturas,NLD,Paises Bajos,52029670.0
2024,X,80,Estanio y sus manufacturas,PER,Peru,477533.0
2024,X,80,Estanio y sus manufacturas,ROW,Resto del mundo,188430345.0
2024,X,80,Estanio y sus manufacturas,RUS,Rusia,148586.0
2024,X,80,Estanio y sus manufacturas,USA,Estados Unidos,148942118.0
2024,X,99,Otros productos no especificados,ARE,Emiratos Arabes Unidos,1450943.0
2024,X,99,Otros productos no especificados,ARG,Argentina,113269549.0
2024,X,99,Otros productos no especificados,BEL,Belgica,3105292.0
2024,X,99,Otros productos no especificados,BRA,Brasil,160944258.0
2024,X,99,Otros productos no especificados,CAN,Canada,1717530.0
2024,X,99,Otros productos no especificados,CHE,Suiza,4557851.0
2024,X,99,Otros productos no especificados,CHL,Chile,96462270.0
2024,X,99,Otros productos no especificados,CHN,China,139831109.0
2024,X,99,Otros productos no especificados,COL,Colombia,3092476.0
2024,X,99,Otros productos no especificados,DEU,Alemania,317036.0
2024,X,99,Otros productos no especificados,ECU,Ecuador,4447140.0
2024,X,99,Otros productos no especificados,ESP,Espania,1076595.0
2024,X,99,Otros productos no especificados,GBR,Reino Unido,3572216.0
2024,X,99,Otros productos no especificados,IND,India,2905036.0
2024,X,99,Otros productos no especificados,JPN,Japon,1759343.0
2024,X,99,Otros productos no especificados,KOR,Corea del Sur,12382715.0
2024,X,99,Otros productos no especificados,NLD,Paises Bajos,3575755.0
2024,X,99,Otros productos no especificados,PER,Peru,138224959.0
2024,X,99,Otros productos no especificados,ROW,Resto del mundo,484197591.0
2024,X,99,Otros productos no especificados,RUS,Rusia,527358.0
2024,X,99,Otros productos no especificados,USA,Estados Unidos,241339978.0
